dbo;AccidentesDeTrabajo;aaaaaAccidentesDeTrabajo_PK;NONCLUSTERED;1;1;1;0;0.704225352112676
dbo;AdicionalDosSalud;aaaaaAdicionalDosSalud_PK;NONCLUSTERED;1;1;0;0;0
dbo;AdicionalDosSalud;Dos_FechaContratoIsapre;NONCLUSTERED;0;0;0;0;0
dbo;AdicionalDosSalud;Id_Establecimiento;NONCLUSTERED;0;0;0;0;0
dbo;AdicionalDosSalud;Id_Funcionario;NONCLUSTERED;0;0;0;0;0
dbo;Afp;aaaaaAfp_PK;NONCLUSTERED;1;1;1;0;3.02693353101063
dbo;Afp;Id_Afp;NONCLUSTERED;0;1;1;0;3.02693353101063
dbo;Afp;Id_RegPrevisional;NONCLUSTERED;0;0;1;0;3.7311588831233
dbo;AguinaldoTemporal;aaaaaAguinaldoTemporal_PK;NONCLUSTERED;1;1;7;85.7142857142857;59.0455028416111
dbo;AguinaldoTemporal;Id_Establecimiento;NONCLUSTERED;0;0;4;75;92.9886335557203
dbo;AguinaldoTemporal;Id_EstablecimientoFun;NONCLUSTERED;0;0;5;80;57.9886335557203
dbo;AguinaldoTemporal;Id_Funcionario;NONCLUSTERED;0;0;4;75;67.31220657277
dbo;AguinaldoTemporal;Rut_Temporal;NONCLUSTERED;0;0;6;83.3333333333333;96.6641957005189
dbo;Anexo_Finiquito;aaAnexo_Finiquito_PK;NONCLUSTERED;1;1;0;0;0
dbo;Anexo_Finiquito;Correlativo;NONCLUSTERED;0;0;0;0;0
dbo;Anexo_Finiquito;Correlativo_Anexo;NONCLUSTERED;0;0;0;0;0
dbo;Anexo_Finiquito;Id_Establecimiento;NONCLUSTERED;0;0;0;0;0
dbo;Anexo_Finiquito;Id_Funcionario;NONCLUSTERED;0;0;0;0;0
dbo;Anexo_PlanCta;aaAnexo_PlanCta_PK;NONCLUSTERED;1;1;0;0;0
dbo;Anexo_PlanCta_Privado;aaAnexo_PlanCta_Privado_PK;NONCLUSTERED;1;1;0;0;0
dbo;Anexo_PlanCta_Privado;Codigo_Cuenta;NONCLUSTERED;0;0;0;0;0
dbo;Anexo_PlanCta_Privado;Id_Establecimiento;NONCLUSTERED;0;0;0;0;0
dbo;Anexo_PlanCta_Privado;Id_HaberDcto;NONCLUSTERED;0;0;0;0;0
dbo;Anexo_PlanCta_Privado;Tipo_Cuenta;NONCLUSTERED;0;0;0;0;0
dbo;AnexoPlanCuentaPrivado;aaaaaAnexoPlanCuentaPrivado_PK;NONCLUSTERED;1;1;0;0;0
dbo;AnexoPlanCuentaPrivado;AnoProceso;NONCLUSTERED;0;0;0;0;0
dbo;AnexoPlanCuentaPrivado;Codigo_Cuenta;NONCLUSTERED;0;0;0;0;0
dbo;AnexoPlanCuentaPrivado;MesProceso;NONCLUSTERED;0;0;0;0;0
dbo;AnexoPlanCuentaPrivado;Rut;NONCLUSTERED;0;0;0;0;0
dbo;AnexoPlandeCuenta;aaAnexoPlandeCuenta_PK;NONCLUSTERED;1;1;2;0;68.346923647146
dbo;AnexoPlandeCuenta;Ano_Proceso;NONCLUSTERED;0;0;1;0;45.2680998270324
dbo;AnexoPlandeCuenta;Codigo_Area;NONCLUSTERED;0;0;1;0;45.2680998270324
dbo;AnexoPlandeCuenta;CodigoCuenta;NONCLUSTERED;0;0;2;0;57.8947368421053
dbo;AnexoPlandeCuenta;Mes_Proceso;NONCLUSTERED;0;0;1;0;45.2680998270324
dbo;Anotaciones;aaaaaAnotaciones_PK;NONCLUSTERED;1;1;1;0;0
dbo;Anotaciones;Id_Establecimiento;NONCLUSTERED;0;0;1;0;0
dbo;Anotaciones;Id_Funcionario;NONCLUSTERED;0;0;1;0;0
dbo;Anotaciones;Id_Merito_Demerito;NONCLUSTERED;0;1;1;0;0
dbo;Anotaciones;Id_TipoAnotacion;NONCLUSTERED;0;0;1;0;0
dbo;Antecedentes;aaaaaAntecedentes_PK;NONCLUSTERED;1;1;31;96.7741935483871;68.2899431677786
dbo;Antecedentes;Id_Antecedentes;NONCLUSTERED;0;0;14;50;94.1720533728688
dbo;Antecedentes;Id_Establecimiento;NONCLUSTERED;0;0;24;91.6666666666667;66.2357919446504
dbo;Antecedentes;Id_Funcionario;NONCLUSTERED;0;0;21;90.4761904761905;54.4000864838152
dbo;AperturaDeCuentas;aaAperturaDeCuentas_PK;NONCLUSTERED;1;1;0;0;0
dbo;AperturaDeCuentas;Id_Establecimiento;NONCLUSTERED;0;0;0;0;0
dbo;AperturaDeCuentas;Id_Funcionario;NONCLUSTERED;0;0;0;0;0
dbo;Asignaciones_Transparencia;aaaAsignaciones_Transparencia_PK;CLUSTERED;1;1;4;75;57.5271806276254
dbo;Asignaciones_Transparencia;Id_Haber;NONCLUSTERED;0;0;1;0;28.6384976525822
dbo;Asignaturas;aaaaaAsignaturas_PK;NONCLUSTERED;1;1;1;0;0.617741536940944
dbo;Asistencia;aaaaaAsistencia_PK;NONCLUSTERED;1;1;0;0;0
dbo;Asistencia;Id_Establecimiento;NONCLUSTERED;0;0;0;0;0
dbo;Asistencia;Id_Funcionario;NONCLUSTERED;0;0;0;0;0
dbo;Bancos;aaaaaBancos_PK;NONCLUSTERED;1;1;1;0;1.09957993575488
dbo;Bancos;Id_Banco;NONCLUSTERED;0;1;1;0;1.09957993575488
dbo;Base_CalculoLicencia;aaaBase_CalculoLicencia_PK;NONCLUSTERED;1;1;395;26.0759493670886;86.6470348406227
dbo;BaseCalculo_PostNatalParental;aaaBaseCalculo_PostNatalParental_PK;CLUSTERED;1;1;22;45.4545454545455;96.1374351371386
dbo;BaseCalculo_PostNatalParental;Id_CorrelativoPermiso;NONCLUSTERED;0;0;2;50;73.5297751420806
dbo;BaseCalculo_PostNatalParental;Rut;NONCLUSTERED;0;0;2;50;73.5297751420806
dbo;Bienestar_MacroCalculo;aaaBienestar_MacroCalculo_PK;CLUSTERED;1;1;1;0;4.10180380528787
dbo;Bienestar_TipoMoneda;aaaBienestar_TipoMoneda_PK;CLUSTERED;1;1;1;0;1.01309612058315
dbo;Bienios_Cumplidos;aaaaaBienios_Cumplidos_PK;NONCLUSTERED;1;1;1;0;54.5836422041018
dbo;Bienios_Cumplidos;Id_Funcionario;NONCLUSTERED;0;0;1;0;41.7346182357302
dbo;Calificacion;aaaaaCalificacion_PK;NONCLUSTERED;1;1;0;0;0
dbo;Calificacion;Id_Establecimeinto;NONCLUSTERED;0;0;0;0;0
dbo;Calificacion;Id_Funcionario;NONCLUSTERED;0;0;0;0;0
dbo;Calificacion;Periodo;NONCLUSTERED;0;0;0;0;0
dbo;Capacitacion;aaaaaCapacitacion_PK;NONCLUSTERED;1;1;1;0;0.33358042994811
dbo;Capacitacion;Id_Capacitacion;NONCLUSTERED;0;0;1;0;0.160612799604645
dbo;Capacitacion;Rut_Funcionario;NONCLUSTERED;0;0;1;0;0.284161106992834
dbo;CargaDescuentosVarios_Aviso;aaaaaCargaDescuentosVarios_Aviso_PK;NONCLUSTERED;1;1;161;0;79.7548183839881
dbo;CargaPagosLicencia;FechaInicio;NONCLUSTERED;0;0;1;0;17.9145045712874
dbo;CargaPagosLicencia;FechaTermino;NONCLUSTERED;0;0;1;0;17.9145045712874
dbo;CargaPagosLicencia;NLicencia;NONCLUSTERED;0;0;1;0;24.0919199406968
dbo;CargaPagosLicencia;Rut;NONCLUSTERED;0;0;1;0;22.8070175438597
dbo;CargaPagosLicencia_Aviso;NLicencia;NONCLUSTERED;0;0;1;0;0.345935260686929
dbo;CargaPagosLicencia_Aviso;Rut;NONCLUSTERED;0;0;1;0;0.321225599209291
dbo;CargasRetroactivas;aaaaaCargasRetroactivas_PK;NONCLUSTERED;1;1;24;95.8333333333333;65.2700642451198
dbo;CargasRetroactivas;Id_Carga_Retro;NONCLUSTERED;0;0;17;88.2352941176471;54.2813194959229
dbo;CargasRetroactivas;Id_Establecimiento;NONCLUSTERED;0;0;18;94.4444444444444;71.2537435137139
dbo;CargasRetroactivas;Id_Funcionario;NONCLUSTERED;0;0;12;75;76.9088213491475
dbo;CargoFuncionario;aaaaaCargoFuncionario_PK;NONCLUSTERED;1;1;1;0;65.344699777613
dbo;CargoFuncionario;Id_Cargo;NONCLUSTERED;0;0;1;0;65.344699777613
dbo;CarreraDocente;aaaCarreraDocente_PK;CLUSTERED;1;1;0;0;0
dbo;CarreraDocente;Ano;NONCLUSTERED;0;0;0;0;0
dbo;CarreraDocente;Correlativo;NONCLUSTERED;0;0;0;0;0
dbo;CarreraDocente;Mes;NONCLUSTERED;0;0;0;0;0
dbo;CarreraDocente;Rut;NONCLUSTERED;0;0;0;0;0
dbo;CategoriaAsistEducacion;aaaCategoriaAsistEducacion_PK;CLUSTERED;1;1;1;0;1.5072893501359
dbo;CausalesEgreso;aaaaaCausalesEgreso_PK;NONCLUSTERED;1;1;1;0;0.160612799604645
dbo;CausalesEgreso;Id_Codigo;NONCLUSTERED;0;0;1;0;0.160612799604645
dbo;CCAF_LosAndes;aaCCAF_LosAndes_PK;NONCLUSTERED;1;1;0;0;0
dbo;CCAF_LosAndes;K1_Ano;NONCLUSTERED;0;0;1;0;0
dbo;CCAF_LosAndes;K1_Id_Establecimiento;NONCLUSTERED;0;0;1;0;0
dbo;CCAF_LosAndes;K1_Id_Funcionario;NONCLUSTERED;0;0;1;0;0
dbo;CCAF_LosAndes;K1_Mes;NONCLUSTERED;0;0;1;0;0
dbo;CCAF_LosAndes_AfiliadoVoluntario;aaCCAF_LosAndes_AfiliadoVoluntario_PK;NONCLUSTERED;1;1;0;0;0
dbo;CCAF_LosAndes_AfiliadoVoluntario;K1_Ano;NONCLUSTERED;0;0;0;0;0
dbo;CCAF_LosAndes_AfiliadoVoluntario;K1_Id_Establecimiento;NONCLUSTERED;0;0;0;0;0
dbo;CCAF_LosAndes_AfiliadoVoluntario;K1_Id_Funcionario;NONCLUSTERED;0;0;0;0;0
dbo;CCAF_LosAndes_AfiliadoVoluntario;K1_Mes;NONCLUSTERED;0;0;0;0;0
dbo;CCAF_LosAndes_DepositosConvenidos;aaCCAF_LosAndes_DepositosConvenidos_PK;NONCLUSTERED;1;1;0;0;0
dbo;CCAF_LosAndes_DepositosConvenidos;K1_Ano;NONCLUSTERED;0;0;1;0;0
dbo;CCAF_LosAndes_DepositosConvenidos;K1_Id_Establecimiento;NONCLUSTERED;0;0;1;0;0
dbo;CCAF_LosAndes_DepositosConvenidos;K1_Id_Funcionario;NONCLUSTERED;0;0;1;0;0
dbo;CCAF_LosAndes_DepositosConvenidos;K1_Mes;NONCLUSTERED;0;0;1;0;0
dbo;CCAF_LosAndes_SIL;aaCCAF_LosAndes_SIL_PK;NONCLUSTERED;1;1;0;0;0
dbo;CCAF_LosAndes_SIL;K1_Ano;NONCLUSTERED;0;0;0;0;0
dbo;CCAF_LosAndes_SIL;K1_Id_Establecimiento;NONCLUSTERED;0;0;0;0;0
dbo;CCAF_LosAndes_SIL;K1_Id_Funcionario;NONCLUSTERED;0;0;0;0;0
dbo;CCAF_LosAndes_SIL;K1_Mes;NONCLUSTERED;0;0;0;0;0
dbo;Centros_Estudios;aaCentros_Estudios_PK;NONCLUSTERED;1;1;1;0;79.1574005436126
dbo;Centros_Estudios;Id_Centros_Estudios;NONCLUSTERED;0;0;1;0;79.1574005436126
dbo;Certificados;PK_Certificados;CLUSTERED;1;1;1;0;0.938967136150235
dbo;Cheques;aaaaaCheques_PK;NONCLUSTERED;1;1;1;0;0
dbo;Cheques;Id_Establecimiento;NONCLUSTERED;0;0;1;0;0
dbo;ClasificacionFuncionarios;aaClasificacionFuncionarios_PK;NONCLUSTERED;1;1;1;0;1.42080553496417
dbo;CometidoFuncionario;aaaaaCometidoFuncionario_PK;NONCLUSTERED;1;1;1;0;0.284161106992834
dbo;CometidoFuncionario;Id_Cometido;NONCLUSTERED;0;1;1;0;0.160612799604645
dbo;CometidoFuncionario;Id_Establecimiento;NONCLUSTERED;0;0;1;0;0.210032122559921
dbo;CometidoFuncionario;Id_Funcionario;NONCLUSTERED;0;0;1;0;0.135903138127008
dbo;ComponentesINE;aaComponentesINE_PK;NONCLUSTERED;1;1;1;0;2.54509513219669
dbo;ComponentesINE;Id_Componente_INE;NONCLUSTERED;0;0;1;0;2.54509513219669
dbo;ComponentesINE;Orden;NONCLUSTERED;0;0;1;0;3.13812700766
dbo;Constantes;aaaaaConstantes_PK;NONCLUSTERED;1;1;1;0;7.36347912033605
dbo;Constantes;Id_Constante;NONCLUSTERED;0;1;1;0;7.36347912033605
dbo;ContingenciaLeySanna;aaaContingenciaLeySanna_PK;NONCLUSTERED;1;1;1;0;0.778354336545589
dbo;CuentaBanco;aaaaaCuentaBanco_PK;NONCLUSTERED;1;1;19;89.4736842105263;57.8056585124784
dbo;CuentaBanco;Id_Establecimiento;NONCLUSTERED;0;0;17;82.3529411764706;58.1716333086237
dbo;CuentaBanco;Id_Funcionario;NONCLUSTERED;0;0;13;76.9230769230769;54.6948356807512
dbo;DatosPersonales_Finiquito;aaDatosPersonales_Finiquito_PK;NONCLUSTERED;1;1;0;0;0
dbo;DatosPersonales_Finiquito;Codigo_Causal;NONCLUSTERED;0;0;0;0;0
dbo;DatosPersonales_Finiquito;Codigo_Ley;NONCLUSTERED;0;0;0;0;0
dbo;DatosPersonales_Finiquito;Correlativo;NONCLUSTERED;0;0;0;0;0
dbo;DatosPersonales_Finiquito;Estado_Finiquito;NONCLUSTERED;0;0;0;0;0
dbo;DatosPersonales_Finiquito;Fecha_Inicio;NONCLUSTERED;0;0;0;0;0
dbo;DatosPersonales_Finiquito;Fecha_Pago;NONCLUSTERED;0;0;0;0;0
dbo;DatosPersonales_Finiquito;Fecha_Termino;NONCLUSTERED;0;0;0;0;0
dbo;DatosPersonales_Finiquito;Id_Establecimiento;NONCLUSTERED;0;0;0;0;0
dbo;DatosPersonales_Finiquito;Id_Funcionario;NONCLUSTERED;0;0;0;0;0
dbo;Decreto_Pago;aaDecreto_Pago_PK;NONCLUSTERED;1;1;4;50;48.807758833704
dbo;Decreto_Pago;ID_Haber;NONCLUSTERED;0;0;2;50;84.6182357301705
dbo;Decreto_Pago;SW_Clasificador2008;NONCLUSTERED;0;0;5;80;39.0412651346677
dbo;DescuentoBienestar;aaaDescuentoBienestar_PK;NONCLUSTERED;1;1;0;0;0
dbo;DescuentoBienestar;Id_Bienestar;NONCLUSTERED;0;0;0;0;0
dbo;DescuentoBienestar;Id_Establecimiento;NONCLUSTERED;0;0;0;0;0
dbo;DescuentoBienestar;Id_Funcionario;NONCLUSTERED;0;0;0;0;0
dbo;Descuentos;aaaaaDescuentos_PK;NONCLUSTERED;1;1;1;0;45.1074870274277
dbo;Descuentos_Finiquito;aaDescuentos_Finiquito_PK;NONCLUSTERED;1;1;1;0;42.5376822337534
dbo;Descuentos_Finiquito;Id_Dcto;NONCLUSTERED;0;0;1;0;42.5376822337534
dbo;DescuentoSindicato;aaaDescuentoSindicato_PK;NONCLUSTERED;1;1;0;0;0
dbo;DescuentoSindicato;Id_Establecimiento;NONCLUSTERED;0;0;0;0;0
dbo;DescuentoSindicato;Id_Funcionario;NONCLUSTERED;0;0;0;0;0
dbo;DescuentoSindicato;Id_Sindicato;NONCLUSTERED;0;0;0;0;0
dbo;DescuentosNoEfectuados;aaaaaDescuentosNoEfectuados_PK;NONCLUSTERED;1;1;0;0;0
dbo;DescuentosNoEfectuados;Id_Descuento;NONCLUSTERED;0;0;0;0;0
dbo;DescuentosNoEfectuados;Id_Establecimiento;NONCLUSTERED;0;0;0;0;0
dbo;DescuentosNoEfectuados;Id_Funcionario;NONCLUSTERED;0;0;0;0;0
dbo;DescuentosNoEfectuadosSuple;aaaDescuentosNoEfectuadosSuple_PK;NONCLUSTERED;1;1;0;0;0
dbo;Detalle_DecretoPago;aaDetalle_DecretoPago_PK;NONCLUSTERED;1;1;6169;0;99.8186310847541
dbo;Detalle_DecretoPago;Cta_CodigoTrabajo;NONCLUSTERED;0;0;8761;0;99.7176303434643
dbo;Detalle_DecretoPago;Cta_Contrata;NONCLUSTERED;0;0;8762;0;99.7078576723499
dbo;Detalle_DecretoPago;Cta_Planta;NONCLUSTERED;0;0;8762;0;99.7080059303187
dbo;Detalle_DecretoPago;Cta_Suplencia;NONCLUSTERED;0;0;8763;0;99.7079070916729
dbo;DetalleCCAF;aaDetalleCCAF_PK;NONCLUSTERED;1;1;0;0;0
dbo;DetalleDesDificil;aaaaaDetalleDesDificil_PK;NONCLUSTERED;1;1;0;0;0
dbo;Dias_Feriados;aaaaaDias_Feriados_PK;NONCLUSTERED;1;1;2;50;83.3086236718557
dbo;Dias_Feriados;Ano;NONCLUSTERED;0;0;3;66.6666666666667;43.8349394613294
dbo;Dias_Feriados;Dia;NONCLUSTERED;0;0;2;50;56.9928341981715
dbo;Dias_Feriados;Mes;NONCLUSTERED;0;0;2;50;56.9928341981715
dbo;DistribucionDesDificil;aaaaaDistribucionDesDificil_PK;NONCLUSTERED;1;1;0;0;0
dbo;DocenteCapRedEnlace;aaaaaDocenteCapRedEnlace_PK;NONCLUSTERED;1;1;1;0;0
dbo;dtproperties;pk_dtproperties;CLUSTERED;1;1;0;0;0
dbo;ErroresMigracionNet;ID;NONCLUSTERED;0;0;0;0;0
dbo;ErroresMigracionNet;PK_ErroresMigracionNet;NONCLUSTERED;1;1;0;0;0
dbo;Escalafones;aaaaaEscalafones_PK;NONCLUSTERED;1;1;1;0;0.296515937731653
dbo;Escalafones;Id_Escalafon;NONCLUSTERED;0;0;1;0;0.296515937731653
dbo;Establecimiento;aaaaaEstablecimiento_PK;NONCLUSTERED;1;1;1;0;67.667407956511
dbo;Establecimiento;IdEstablecimiento;NONCLUSTERED;0;0;1;0;67.667407956511
dbo;Estado_LME;aaaEstado_LME_PK;NONCLUSTERED;1;1;1;0;4.63306152705708
dbo;EstadoCivil;aaaEstadoCivil_PK;CLUSTERED;1;1;1;0;1.60612799604645
dbo;EstadoEstudio;aaaEstadoEstudio_PK;CLUSTERED;1;1;1;0;1.18606375092661
dbo;EstadoPrevisional;aaaEstadoPrevisional_PK;CLUSTERED;1;1;1;0;3.71880405238448
dbo;Estamento;aaaEstamento_PK;CLUSTERED;1;1;1;0;5.84383493946133
dbo;Estamento_Dipres;aaaEstamento_Dipres_PK;CLUSTERED;1;1;1;0;1.74203113417346
dbo;FactorActual;PK_FactorActual;CLUSTERED;1;1;1;0;1.45787002718063
dbo;Feriados;aaaaaFeriados_PK;NONCLUSTERED;1;1;18;88.8888888888889;58.7328144304423
dbo;Feriados;Id_Correlativo;NONCLUSTERED;0;1;7;85.7142857142857;89.088930071658
dbo;Feriados;Id_Establecimiento;NONCLUSTERED;0;0;16;93.75;45.2843217197924
dbo;Feriados;Id_Funcionario;NONCLUSTERED;0;0;8;75;67.5531257721769
dbo;Feriados;Id_Periodo;NONCLUSTERED;0;0;8;62.5;67.5531257721769
dbo;Ficha_EducacionHrs;aaaaaFicha_EducacionHrs_PK;NONCLUSTERED;1;1;29;3.44827586206897;98.7283049172226
dbo;Ficha_EducacionHrs;Id_Establecimiento;NONCLUSTERED;0;0;25;4;96.2495675809241
dbo;Ficha_EducacionHrs;Id_Funcionario;NONCLUSTERED;0;0;19;5.26315789473684;96.1817148505066
dbo;Ficha_EducacionHrs;Tipo_Horas;NONCLUSTERED;0;0;19;5.26315789473684;96.1817148505066
dbo;FichaAfiliadoVoluntario;aaFichaAfiliadoVoluntario_PK;CLUSTERED;1;1;0;0;0
dbo;FichaAfiliadoVoluntario;Id_Establecimiento;NONCLUSTERED;0;0;0;0;0
dbo;FichaAfiliadoVoluntario;Id_Funcionario;NONCLUSTERED;0;0;0;0;0
dbo;FichaAfiliadoVoluntario;Rut_Afiliado;NONCLUSTERED;0;0;0;0;0
dbo;FichaDetalle_AEduca;aaFichaDetalle_AEduca_PK;NONCLUSTERED;1;1;0;0;0
dbo;FichaDetalle_AEduca;Id_Establecimiento;NONCLUSTERED;0;0;0;0;0
dbo;FichaDetalle_AEduca;Id_Funcionario;NONCLUSTERED;0;0;0;0;0
dbo;FichaDetalle_AEduca;Tipo_Horas;NONCLUSTERED;0;0;0;0;0
dbo;FichaEducacion;aaaaaFichaEducacion_PK;NONCLUSTERED;1;1;21;14.2857142857143;93.1795527551272
dbo;FichaEducacion;FichaEducacion_Indice;NONCLUSTERED;0;0;22;4.54545454545455;96.6479120336051
dbo;FichaEducacion;Id_Cargo;NONCLUSTERED;0;0;16;25;84.7294292068199
dbo;FichaEducacion;Id_Escalafon;NONCLUSTERED;0;0;16;6.25;95.3236965653571
dbo;FichaEducacion;Id_Establecimiento;NONCLUSTERED;0;0;19;15.7894736842105;94.0690387941685
dbo;FichaEducacion;Id_Funcionario;NONCLUSTERED;0;0;14;7.14285714285714;96.8371633308624
dbo;FichaFuncionario;<Indice_liq>;NONCLUSTERED;0;0;24;4.16666666666667;98.8262910798122
dbo;FichaFuncionario;aaaaaFichaFuncionario_PK;NONCLUSTERED;1;1;20;5;97.7477143563133
dbo;FichaFuncionario;Id_Establecimiento;NONCLUSTERED;0;0;18;5.55555555555556;99.1969360019768
dbo;FichaFuncionario;Id_Funcionario;NONCLUSTERED;0;0;14;7.14285714285714;96.8089325426242
dbo;FichaLeyesPrevisional;aaFichaLeyesPrev_PK;NONCLUSTERED;1;1;14;14.2857142857143;86.6391401037806
dbo;FichaLeyesPrevisional;Id_Establecimiento;NONCLUSTERED;0;0;13;15.3846153846154;85.2122189276007
dbo;FichaLeyesPrevisional;Id_Funcionario;NONCLUSTERED;0;0;9;11.1111111111111;93.4986162589573
dbo;FichaPersonal;aaaaaFichaPersonal_PK;NONCLUSTERED;1;1;20;5;97.918211020509
dbo;FichaPersonal;Id_Establecimiento;NONCLUSTERED;0;0;18;5.55555555555556;99.3699036323202
dbo;FichaPersonal;Id_Funcionario;NONCLUSTERED;0;0;14;7.14285714285714;96.9783666913763
dbo;Firmas_Liquidacion;aaaFirmas_Liquidacion_PK;CLUSTERED;1;1;0;0;0
dbo;FormatoCargaFamiliar;FechaInicio;NONCLUSTERED;0;0;0;0;0
dbo;FormatoCargaFamiliar;FechaTermino;NONCLUSTERED;0;0;0;0;0
dbo;FormatoCargaFamiliar;NombreArchivo;NONCLUSTERED;0;0;0;0;0
dbo;FormatoCargaLicencia;FechaInicio;NONCLUSTERED;0;0;1;0;0.642451198418582
dbo;FormatoCargaLicencia;FechaTermino;NONCLUSTERED;0;0;1;0;0.642451198418582
dbo;FormatoCargaLicencia;NombreArchivo;NONCLUSTERED;0;0;1;0;0.852483320978503
dbo;FuncionariosDocentesConFeriados;aaaaaFuncionariosDocentesConFeriados_PK;NONCLUSTERED;1;1;1;0;0.210032122559921
dbo;FuncionarioSuplementaria;aaFuncionarioSuplementaria_PK;NONCLUSTERED;1;1;2255;0;80.0401037805782
dbo;FuncionarioSuplementaria_AEduca;aaFuncionarioSuplementaria_AEduca_PK;NONCLUSTERED;1;1;0;0;0
dbo;GrupoFamiliar;aaaaaGrupoFamiliar_PK;NONCLUSTERED;1;1;17;82.3529411764706;51.5051148999259
dbo;GrupoFamiliar;Id_Carga_Carga;NONCLUSTERED;0;0;9;88.8888888888889;57.2605263157895
dbo;GrupoFamiliar;Id_Establecimiento;NONCLUSTERED;0;0;15;73.3333333333333;47.8000247096615
dbo;GrupoFamiliar;Id_Funcionario;NONCLUSTERED;0;0;11;72.7272727272727;46.845033358043
dbo;Haberes;aaaaaHaberes_PK;NONCLUSTERED;1;1;1;0;70.0024709661478
dbo;Haberes;HaberModo;NONCLUSTERED;0;0;1;0;86.1625895725229
dbo;Haberes;Id_Haber;NONCLUSTERED;0;1;1;0;70.0024709661478
dbo;Haberes_Finiquito;aaHaberes_Finiquito_PK;NONCLUSTERED;1;1;1;0;74.6602421546825
dbo;Haberes_Finiquito;Id_Haber;NONCLUSTERED;0;0;1;0;74.6602421546825
dbo;Haberes_Sistema;aaaHaberes_Sistema_PK;CLUSTERED;1;1;1;0;15.7894736842105
dbo;Haberes_Sistema;Id_Haber;NONCLUSTERED;0;0;1;0;0.901902643933778
dbo;HaberesEncasillamiento;aaaHaberesEncasillamiento_PK;CLUSTERED;1;1;3;66.6666666666667;68.2522115147023
dbo;HaberesEncasillamiento;Id_Haber;NONCLUSTERED;0;0;1;0;27.7118853471707
dbo;HaberesINE;aaHaberesINE_PK;NONCLUSTERED;1;1;1;0;75.4633061527057
dbo;HaberesINE;Id_Componente_INE;NONCLUSTERED;0;0;1;0;92.8836174944403
dbo;HaberesINE;Id_Haber;NONCLUSTERED;0;0;1;0;75.4633061527057
dbo;Historial_Contratos;aaaaaHistorial_Contratos_PK;NONCLUSTERED;1;1;1031;0;80.6117000247097
dbo;Historial_Contratos;Fecha_Ingreso;NONCLUSTERED;0;0;834;0;80.6440696812454
dbo;Historial_Contratos;Fecha_Inicio;NONCLUSTERED;0;0;840;0.595238095238095;80.0678650852483
dbo;Historial_Contratos;Fecha_Termino;NONCLUSTERED;0;0;680;1.91176470588235;98.9131826043983
dbo;Historial_Contratos;Id_Correlativo;NONCLUSTERED;0;0;687;0.145560407569141;80.09966641957
dbo;Historial_Contratos;Id_Establecimiento;NONCLUSTERED;0;0;803;0;80.6573140597974
dbo;Historial_Contratos;Id_funcionario;NONCLUSTERED;0;0;608;0;80.451087225105
dbo;Historial_Egreso;aaaaaHistorial_Egreso_PK;NONCLUSTERED;1;1;0;0;0
dbo;Historial_Egreso;Id_Establecimiento;NONCLUSTERED;0;0;0;0;0
dbo;Historial_Egreso;Id_Historial;NONCLUSTERED;0;1;0;0;0
dbo;Historial_Egreso;Rut_Funcionario;NONCLUSTERED;0;0;0;0;0
dbo;Historial_Egreso1;aaaaaHistorial_Egreso1_PK;NONCLUSTERED;1;1;1;0;0
dbo;HistorialUnidadE;aaaaaHistorialUnidadE_PK;NONCLUSTERED;1;1;0;0;0
dbo;HistorialUnidadE;Id_Funcionario;NONCLUSTERED;0;0;0;0;0
dbo;HistorialUnidadE;Id_Historial;NONCLUSTERED;0;1;0;0;0
dbo;HistoricoAfp;aaHistoricoAfp_PK;NONCLUSTERED;1;1;11;81.8181818181818;69.9541759327897
dbo;HistoricoAfp;Ano;NONCLUSTERED;0;0;9;77.7777777777778;65.3803928836175
dbo;HistoricoAfp;Id_Afp;NONCLUSTERED;0;0;8;87.5;73.5560291574005
dbo;HistoricoAfp;Mes;NONCLUSTERED;0;0;11;90.9090909090909;53.4885594267358
dbo;HistoricoBienios;AnoProceso;NONCLUSTERED;0;0;11;9.09090909090909;95.156906350383
dbo;HistoricoBienios;MesProceso;NONCLUSTERED;0;0;11;9.09090909090909;95.156906350383
dbo;HistoricoBienios;PK_HistoricoBienios;NONCLUSTERED;1;1;27;3.7037037037037;96.9195329873981
dbo;HistoricoBienios;Rut;NONCLUSTERED;0;0;17;5.88235294117647;95.7790091425748
dbo;HistoricoCambioEstablecimiento;aaHistoricoCambioEstablecimiento_PK;NONCLUSTERED;1;1;34;94.1176470588235;65.8141833456882
dbo;HistoricoCambioEstablecimiento;Ano;NONCLUSTERED;0;0;31;87.0967741935484;55.1950086483815
dbo;HistoricoCambioEstablecimiento;Id_Funcionario;NONCLUSTERED;0;0;25;96;68.4477390659748
dbo;HistoricoCambioEstablecimiento;Mes;NONCLUSTERED;0;0;30;96.6666666666667;57.035668396343
dbo;HistoricoCargasRetroactivas;aaHistoricoCargasRetroactivas_PK;NONCLUSTERED;1;1;28;89.2857142857143;65.1708549542871
dbo;HistoricoCargasRetroactivas;Ano;NONCLUSTERED;0;0;12;50;70.5110822831727
dbo;HistoricoCargasRetroactivas;Id_Carga_Retro;NONCLUSTERED;0;0;15;86.6666666666667;56.4039288361749
dbo;HistoricoCargasRetroactivas;Id_Establecimiento;NONCLUSTERED;0;0;16;93.75;73.373795404003
dbo;HistoricoCargasRetroactivas;Id_Funcionario;NONCLUSTERED;0;0;12;83.3333333333333;70.5110822831727
dbo;HistoricoCargasRetroactivas;Mes;NONCLUSTERED;0;0;17;94.1176470588235;49.7652582159624
dbo;HistoricoCargasRetroactivas;TipoCarga_Retro;NONCLUSTERED;0;0;14;92.8571428571429;60.4345441067457
dbo;HistoricoCheques;aaaaaHistoricoCheques_PK;NONCLUSTERED;1;1;1;0;58.5124783790462
dbo;HistoricoCheques;Ano;NONCLUSTERED;0;0;1;0;33.0615270570793
dbo;HistoricoCheques;Id_Establecimiento;NONCLUSTERED;0;0;1;0;56.5851247837905
dbo;HistoricoCheques;ID_Numero;NONCLUSTERED;0;0;1;0;48.3320978502595
dbo;HistoricoCheques;Mes;NONCLUSTERED;0;0;1;0;33.0615270570793
dbo;HistoricoConstantes;aaHistoricoConstantes_PK;NONCLUSTERED;1;1;18;55.5555555555556;91.87876204596
dbo;HistoricoConstantes;Rut;NONCLUSTERED;0;0;21;90.4761904761905;56.2427230046948
dbo;HistoricoCuentaBanco;aaaaaHistoricoCuentaBanco_PK;NONCLUSTERED;1;1;3014;0;80.5232517914504
dbo;HistoricoCuentaBanco;Ano;NONCLUSTERED;0;0;1443;0.97020097020097;99.5395848776872
dbo;HistoricoCuentaBanco;Id_Establecimiento;NONCLUSTERED;0;0;2090;19.9521531100478;90.3555967383247
dbo;HistoricoCuentaBanco;Id_Funcionario;NONCLUSTERED;0;0;1784;0;80.508512478379
dbo;HistoricoCuentaBanco;Mes;NONCLUSTERED;0;0;1447;2.34968901174845;99.2643563133185
dbo;HistoricoDctosNoEfectuados;aaaaaHistoricoDctosNoEfectu_PK;NONCLUSTERED;1;1;0;0;0
dbo;HistoricoDctosNoEfectuados;Ano;NONCLUSTERED;0;0;0;0;0
dbo;HistoricoDctosNoEfectuados;Id_Descuento;NONCLUSTERED;0;0;0;0;0
dbo;HistoricoDctosNoEfectuados;Id_Establecimiento;NONCLUSTERED;0;0;0;0;0
dbo;HistoricoDctosNoEfectuados;Id_Funcionario;NONCLUSTERED;0;0;0;0;0
dbo;HistoricoDctosNoEfectuados;Mes;NONCLUSTERED;0;0;0;0;0
dbo;HistoricoDetalleDesDificil;aaaaaHistoricoDetalleDesDificil_PK;NONCLUSTERED;1;1;0;0;0
dbo;HistoricoFicha_EducacionHrs;aaaaaHistoricoFicha_Educaci_PK;NONCLUSTERED;1;1;6122;0;80.7631578947368
dbo;HistoricoFicha_EducacionHrs;Ano;NONCLUSTERED;0;0;2775;4.86486486486486;98.2022485791945
dbo;HistoricoFicha_EducacionHrs;Id_Establecimiento;NONCLUSTERED;0;0;3868;15.5377456049638;92.6054484803558
dbo;HistoricoFicha_EducacionHrs;Id_Funcionario;NONCLUSTERED;0;0;3382;0;80.5725105016061
dbo;HistoricoFicha_EducacionHrs;Mes;NONCLUSTERED;0;0;2881;11.9750086775425;94.5882011366444
dbo;HistoricoFicha_EducacionHrs;Tipo_Horas;NONCLUSTERED;0;0;3382;0;80.5725105016061
dbo;HistoricoFichaAfiliadoVoluntario;aaHistoFichaAfiliadoVoluntario_PK;CLUSTERED;1;1;0;0;0
dbo;HistoricoFichaAfiliadoVoluntario;Ano;NONCLUSTERED;0;0;0;0;0
dbo;HistoricoFichaAfiliadoVoluntario;Id_Establecimiento;NONCLUSTERED;0;0;0;0;0
dbo;HistoricoFichaAfiliadoVoluntario;Id_Funcionario;NONCLUSTERED;0;0;0;0;0
dbo;HistoricoFichaAfiliadoVoluntario;Mes;NONCLUSTERED;0;0;0;0;0
dbo;HistoricoFichaAfiliadoVoluntario;Rut_Afiliado;NONCLUSTERED;0;0;0;0;0
dbo;HistoricoFichaDetalle_AEduca;aaHistoricoFichaDetalle_AEduca_PK;NONCLUSTERED;1;1;0;0;0
dbo;HistoricoFichaDetalle_AEduca;Ano;NONCLUSTERED;0;0;0;0;0
dbo;HistoricoFichaDetalle_AEduca;Id_Establecimiento;NONCLUSTERED;0;0;0;0;0
dbo;HistoricoFichaDetalle_AEduca;Id_Funcionario;NONCLUSTERED;0;0;0;0;0
dbo;HistoricoFichaDetalle_AEduca;Mes;NONCLUSTERED;0;0;0;0;0
dbo;HistoricoFichaDetalle_AEduca;Tipo_Horas;NONCLUSTERED;0;0;0;0;0
dbo;HistoricoFichaEducacion;aaaaaHistoricoFichaEducacio_PK;NONCLUSTERED;1;1;4176;0;80.589733135656
dbo;HistoricoFichaEducacion;Ano;NONCLUSTERED;0;0;2017;3.27218641546852;98.7485668396343
dbo;HistoricoFichaEducacion;Id_Establecimiento;NONCLUSTERED;0;0;2850;17.0175438596491;91.8827526562886
dbo;HistoricoFichaEducacion;Id_Funcionario;NONCLUSTERED;0;0;2472;0;80.568211020509
dbo;HistoricoFichaEducacion;Mes;NONCLUSTERED;0;0;2034;5.40806293018682;97.9230294044972
dbo;HistoricoFichaFuncionario;aaaaaHistoricoFichaFunciona_PK;NONCLUSTERED;1;1;4176;0;80.589733135656
dbo;HistoricoFichaFuncionario;Ano;NONCLUSTERED;0;0;2023;4.25111220958972;98.4556214479862
dbo;HistoricoFichaFuncionario;Id_Establecimiento;NONCLUSTERED;0;0;2876;18.7065368567455;91.0518779342723
dbo;HistoricoFichaFuncionario;Id_Funcionario;NONCLUSTERED;0;0;2472;0;80.568211020509
dbo;HistoricoFichaFuncionario;Indice_Licencias;NONCLUSTERED;0;0;4513;0.974961223133171;99.3011984185817
dbo;HistoricoFichaFuncionario;Mes;NONCLUSTERED;0;0;2087;10.3497843794921;95.43561897702
dbo;HistoricoFichaLeyesPrevisional;aaHistoricoFichaLeyesPrev_PK;NONCLUSTERED;1;1;2273;0;80.6699036323202
dbo;HistoricoFichaLeyesPrevisional;Ano;NONCLUSTERED;0;0;1095;2.73972602739726;99.1119965406474
dbo;HistoricoFichaLeyesPrevisional;Id_Establecimiento;NONCLUSTERED;0;0;1629;25.6599140577041;87.5817148505065
dbo;HistoricoFichaLeyesPrevisional;Id_Funcionario;NONCLUSTERED;0;0;1346;0;80.6251297257227
dbo;HistoricoFichaLeyesPrevisional;Mes;NONCLUSTERED;0;0;1109;5.59062218214608;97.8604892512973
dbo;HistoricoGrupoFamiliar;aaHistoricoGrupoFamiliar_PK;NONCLUSTERED;1;1;0;0;0
dbo;HistoricoGrupoFamiliar;Ano;NONCLUSTERED;0;0;0;0;0
dbo;HistoricoGrupoFamiliar;Id_Carga_Carga;NONCLUSTERED;0;0;0;0;0
dbo;HistoricoGrupoFamiliar;Id_Establecimiento;NONCLUSTERED;0;0;0;0;0
dbo;HistoricoGrupoFamiliar;Id_Funcionario;NONCLUSTERED;0;0;0;0;0
dbo;HistoricoGrupoFamiliar;Mes;NONCLUSTERED;0;0;0;0;0
dbo;HistoricoImpuesto;PK_HistoricoImpuesto;CLUSTERED;1;1;1;0;6.46157647640227
dbo;HistoricoIsapres;aaHistoricoIsapres_PK;NONCLUSTERED;1;1;8;87.5;68.6032863849765
dbo;HistoricoIsapres;Ano;NONCLUSTERED;0;0;6;66.6666666666667;69.9489374845565
dbo;HistoricoIsapres;Id_Isapre;NONCLUSTERED;0;0;6;83.3333333333333;69.9489374845565
dbo;HistoricoIsapres;Mes;NONCLUSTERED;0;0;8;87.5;52.4555226093403
dbo;HistoricoLiquidacion;aaaaaHistoricoLiquidacion_PK;NONCLUSTERED;1;1;1601;0;80.3539411910057
dbo;HistoricoLiquidacion;Ano;NONCLUSTERED;0;0;769;2.08062418725618;99.2774153694094
dbo;HistoricoLiquidacion;Id_Estable;NONCLUSTERED;0;0;1085;16.036866359447;92.1872498146776
dbo;HistoricoLiquidacion;Id_Funcionario;NONCLUSTERED;0;0;951;0;80.273227081789
dbo;HistoricoLiquidacion;Mes;NONCLUSTERED;0;0;958;1.35699373695198;79.6864961700025
dbo;HistoricoLiquidacionHrs;aaaaaHistoricoLiquidacionHr_PK;NONCLUSTERED;1;1;2229;0;80.5396466518409
dbo;HistoricoLiquidacionHrs;Ano;NONCLUSTERED;0;0;1242;1.20772946859903;79.827057079318
dbo;HistoricoLiquidacionHrs;Id_Establecimiento;NONCLUSTERED;0;0;1394;13.7733142037303;93.2249320484309
dbo;HistoricoLiquidacionHrs;Id_Funcionario;NONCLUSTERED;0;0;1234;0;80.3447368421053
dbo;HistoricoLiquidacionHrs;Id_TipoContrato;NONCLUSTERED;0;0;1126;24.2451154529307;88.0533481591302
dbo;HistoricoLiquidacionHrs;Mes;NONCLUSTERED;0;0;1007;3.67428003972195;98.4617741536941
dbo;HistoricoLiquidacionHrs;Tipo_Horas;NONCLUSTERED;0;0;1234;0;80.3447368421053
dbo;HistoricoLiquidacionHrs_AEduca;aaHistoricoLiquidacionHrs_AEduca_PK;NONCLUSTERED;1;1;0;0;0
dbo;HistoricoMovDctos;aaHistoricoMovDctos_PK;NONCLUSTERED;1;1;16;87.5;64.4937608104769
dbo;HistoricoMovDctos;Ano;NONCLUSTERED;0;0;8;87.5;59.8437113911539
dbo;HistoricoMovDctos;Id_Establecimiento;NONCLUSTERED;0;0;9;88.8888888888889;73.7391277489498
dbo;HistoricoMovDctos;Id_Funcionario;NONCLUSTERED;0;0;7;85.7142857142857;68.3963429701013
dbo;HistoricoMovDctos;Id_Hd;NONCLUSTERED;0;0;11;90.9090909090909;43.5159624413145
dbo;HistoricoMovDctos;Mes;NONCLUSTERED;0;0;8;75;59.8437113911539
dbo;HistoricoMovDctos;Tipo_Hd;NONCLUSTERED;0;0;11;90.9090909090909;43.5159624413145
dbo;HistoricoMovLiquidacion;aaaaaHistoricoMovLiquidacio_PK;NONCLUSTERED;1;1;8738;0;80.2497529033852
dbo;HistoricoMovLiquidacion;Ano;NONCLUSTERED;0;0;3631;0.853759294960066;99.4711391153941
dbo;HistoricoMovLiquidacion;Id_Establecimiento;NONCLUSTERED;0;0;4303;4.88031605856379;97.6863973313566
dbo;HistoricoMovLiquidacion;Id_Funcionario;NONCLUSTERED;0;0;3998;0;80.297541388683
dbo;HistoricoMovLiquidacion;Id_Hd;NONCLUSTERED;0;0;3699;26.7369559340362;86.7902026192241
dbo;HistoricoMovLiquidacion;Id_TipoContrato;NONCLUSTERED;0;0;3325;7.42857142857143;96.555250803064
dbo;HistoricoMovLiquidacion;Mes;NONCLUSTERED;0;0;3644;2.0032930845225;99.1161848282679
dbo;HistoricoMovLiquidacion;Tipo_HabeDcto;NONCLUSTERED;0;0;3278;4.66748017083588;97.940017296763
dbo;HistoricoMovPlanillaSuple;aaaaaHistoricoMovPlanillaSu_PK;NONCLUSTERED;1;1;0;0;0
dbo;HistoricoMovPlanillaSuple;Ano;NONCLUSTERED;0;0;0;0;0
dbo;HistoricoMovPlanillaSuple;Id_Establecimiento;NONCLUSTERED;0;0;0;0;0
dbo;HistoricoMovPlanillaSuple;Id_Funcionario;NONCLUSTERED;0;0;0;0;0
dbo;HistoricoMovPlanillaSuple;Id_Hd;NONCLUSTERED;0;0;0;0;0
dbo;HistoricoMovPlanillaSuple;Mes;NONCLUSTERED;0;0;0;0;0
dbo;HistoricoMutual;aaaHistoricoMutual_PK;NONCLUSTERED;1;1;1;0;43.7113911539412
dbo;HistoricoMutual;Ano;NONCLUSTERED;0;0;1;0;37.8799110452187
dbo;HistoricoMutual;Mes;NONCLUSTERED;0;0;1;0;37.8799110452187
dbo;HistoricoNivelEducativo;aaaaaHistoricoNivelEducativ_PK;NONCLUSTERED;1;1;1;0;7.75883370397826
dbo;HistoricoNivelEducativo;Ano;NONCLUSTERED;0;0;1;0;6.72102792191747
dbo;HistoricoNivelEducativo;Id_Nivel;NONCLUSTERED;0;0;1;0;6.72102792191747
dbo;HistoricoParametrosGenerales;aaHistoricoParam_PK;NONCLUSTERED;1;1;1;0;49.5428712626637
dbo;HistoricoPlanillaSuplementaria;aaaaaHistoricoPlanillaSuple_PK;NONCLUSTERED;1;1;0;0;0
dbo;HistoricoPlanillaSuplementaria;Ano;NONCLUSTERED;0;0;0;0;0
dbo;HistoricoPlanillaSuplementaria;Id_Establecimiento;NONCLUSTERED;0;0;0;0;0
dbo;HistoricoPlanillaSuplementaria;Id_Funcionario;NONCLUSTERED;0;0;0;0;0
dbo;HistoricoPlanillaSuplementaria;Mes;NONCLUSTERED;0;0;0;0;0
dbo;Horas_Aula_Actividad;aaaHoras_Aula_Actividad_PK;CLUSTERED;1;1;0;0;0
dbo;Idiomas;aaaIdiomas_PK;CLUSTERED;1;1;1;0;2.07561156412157
dbo;ImportaCargasFamiliares;FechaInicio;NONCLUSTERED;0;0;0;0;0
dbo;ImportaCargasFamiliares;FechaTermino;NONCLUSTERED;0;0;0;0;0
dbo;ImportaCargasFamiliares;Rut;NONCLUSTERED;0;0;0;0;0
dbo;ImportaCargasFamiliares;RutCarga;NONCLUSTERED;0;0;0;0;0
dbo;ImportaCargasFamiliares_Aviso;Rut;NONCLUSTERED;0;0;0;0;0
dbo;ImportaCargasFamiliares_Aviso;RutCarga;NONCLUSTERED;0;0;0;0;0
dbo;Impuesto;aaaaaImpuesto_PK;NONCLUSTERED;1;1;1;0;1.26019273535953
dbo;Impuesto;Id_Tramo;NONCLUSTERED;0;1;1;0;1.26019273535953
dbo;Indices;A¤o;NONCLUSTERED;0;0;1;0;53.9411910056832
dbo;Indices;aaaaaIndices_PK;NONCLUSTERED;1;1;1;0;62.2436372621695
dbo;Indices;Mes;NONCLUSTERED;0;0;1;0;53.9411910056832
dbo;InstitucionesAVP;aaInstitucionesAVP_PK;NONCLUSTERED;1;1;1;0;1.08722510501606
dbo;InstitucionesAVP;Id_institucion;NONCLUSTERED;0;0;1;0;0.938967136150235
dbo;InstitucionesAVP;Tipo_Institucion;NONCLUSTERED;0;0;1;0;0.938967136150235
dbo;Isapres;aaaaaIsapres_PK;NONCLUSTERED;1;1;1;0;2.2238695329874
dbo;Isapres;Id_Isapre;NONCLUSTERED;0;1;1;0;2.2238695329874
dbo;LicenciaMedica;aaaLicenciaMedica_PK;NONCLUSTERED;1;1;413;25.181598062954;87.0697924388436
dbo;LicenciaMedica_Historial;aaaLicenciaMedica_Historial_PK;CLUSTERED;1;1;364;0;80.8082653817643
dbo;LicenciaMedica1;PK_LicenciaMedica1;NONCLUSTERED;1;1;0;0;0
dbo;LicenciaMedicaSanna;aaaLicenciaMedicaSanna_PK;NONCLUSTERED;1;1;1;0;10.0074128984433
dbo;LicenciaMedicaSanna_Historial;aaaLicenciaMedicaSanna_Historial_PK;CLUSTERED;1;1;1;0;23.9560168025698
dbo;Liquidacion;aaaaaLiquidacion_PK;NONCLUSTERED;1;1;1;0;0.22238695329874
dbo;Liquidacion;Id_Estable;NONCLUSTERED;0;0;1;0;0.197677291821102
dbo;Liquidacion;Id_Funcionario;NONCLUSTERED;0;0;1;0;0.135903138127008
dbo;LiquidacionHrs;aaaaaLiquidacionHrs_PK;NONCLUSTERED;1;1;1;0;0.247096614776378
dbo;LiquidacionHrs;Id_Establecimiento;NONCLUSTERED;0;0;1;0;0.197677291821102
dbo;LiquidacionHrs;Id_Funcionario;NONCLUSTERED;0;0;1;0;0.135903138127008
dbo;LiquidacionHrs;Id_TipoContrato;NONCLUSTERED;0;0;1;0;0.172967630343464
dbo;LiquidacionHrs;Tipo_Horas;NONCLUSTERED;0;0;1;0;0.135903138127008
dbo;LiquidacionHrs_AEduca;aaLiquidacionHrs_AEduca_PK;NONCLUSTERED;1;1;0;0;0
dbo;LRE_Aportes;aaaLRE_Aportes_PK;NONCLUSTERED;1;1;1;0;0.938967136150235
dbo;LRE_Aportes;Id_Aporte;NONCLUSTERED;0;0;1;0;0.938967136150235
dbo;LRE_CausalesTerminoContrato;aaaLRE_CausalesTerminoContrato_PK;NONCLUSTERED;1;1;0;0;0
dbo;LRE_Descuentos;aaaLRE_Descuentos_PK;NONCLUSTERED;1;1;1;0;1.58141833456882
dbo;LRE_Descuentos;Id_Descuento;NONCLUSTERED;0;0;1;0;1.58141833456882
dbo;LRE_Esquema;aaaLRE_Esquema_PK;NONCLUSTERED;1;1;1;0;23.5853718804052
dbo;LRE_Haberes;aaaLRE_Haberes_PK;NONCLUSTERED;1;1;1;0;4.79367432666172
dbo;LRE_Haberes;Id_Haber;NONCLUSTERED;0;0;1;0;4.79367432666172
dbo;LRE_Totales;aaaLRE_Totales_PK;NONCLUSTERED;1;1;1;0;1.74203113417346
dbo;LRE_Totales;Id_Total;NONCLUSTERED;0;0;1;0;1.74203113417346
dbo;MacroCalculo;aaaaaMacroCalculo_PK;NONCLUSTERED;1;1;1;0;7.36347912033605
dbo;MacroCalculo;Macro_id;NONCLUSTERED;0;0;1;0;7.36347912033605
dbo;Mentor;aaaMentor_PK;CLUSTERED;1;1;0;0;0
dbo;Mentor;Correlativo;NONCLUSTERED;0;0;0;0;0
dbo;Mentor;Rut_Mentor;NONCLUSTERED;0;0;0;0;0
dbo;Mentoria;aaaMentoria_PK;CLUSTERED;1;1;0;0;0
dbo;Mentoria;Rut_Alumno;NONCLUSTERED;0;0;0;0;0
dbo;Mentoria;Rut_Mentor;NONCLUSTERED;0;0;0;0;0
dbo;ModoDctos;aaaaaModoDctos_PK;NONCLUSTERED;1;1;1;0;0.938967136150235
dbo;ModoDctos;Id_ModoDctos;NONCLUSTERED;0;1;1;0;0.938967136150235
dbo;ModoPactado;aaaModoPactado_PK;CLUSTERED;1;1;1;0;1.65554731900173
dbo;ModoPactadoAuge;aaaModoPactadoAuge_PK;CLUSTERED;1;1;1;0;0.382999752903385
dbo;Movimiento_Finiquito;aaMovimiento_Finiquito_PK;NONCLUSTERED;1;1;1;0;0.321225599209291
dbo;Movimiento_Finiquito;Correlativo;NONCLUSTERED;0;0;1;0;0.160612799604645
dbo;Movimiento_Finiquito;Id_Establecimiento;NONCLUSTERED;0;0;1;0;0.197677291821102
dbo;Movimiento_Finiquito;Id_Funcionario;NONCLUSTERED;0;0;1;0;0.135903138127008
dbo;Movimiento_Finiquito;Id_Movimiento;NONCLUSTERED;0;0;1;0;0.135903138127008
dbo;Movimiento_Finiquito;Tipo_Movimiento;NONCLUSTERED;0;0;1;0;0.135903138127008
dbo;MovimientoAnexo_Finiquito;aaMovimientoAnexo_Finiquito_PK;NONCLUSTERED;1;1;0;0;0
dbo;MovimientoAnexo_Finiquito;Correlativo;NONCLUSTERED;0;0;0;0;0
dbo;MovimientoAnexo_Finiquito;Correlativo_Anexo;NONCLUSTERED;0;0;0;0;0
dbo;MovimientoAnexo_Finiquito;Id_Establecimiento;NONCLUSTERED;0;0;0;0;0
dbo;MovimientoAnexo_Finiquito;Id_Funcionario;NONCLUSTERED;0;0;0;0;0
dbo;MovimientoAnexo_Finiquito;Id_MovimientoAnexo;NONCLUSTERED;0;0;0;0;0
dbo;MovimientoAnexo_Finiquito;Tipo_MovimientoAnexo;NONCLUSTERED;0;0;0;0;0
dbo;MovimientoHaberDctos;aaaaaMovimientoHaberDctos_PK;NONCLUSTERED;1;1;44;13.6363636363636;27.4872621695083
dbo;MovimientoHaberDctos;Id_EstabContrato;NONCLUSTERED;0;0;39;23.0769230769231;26.0110452186805
dbo;MovimientoHaberDctos;Id_Establecimiento;NONCLUSTERED;0;0;49;91.8367346938776;19.2004200642451
dbo;MovimientoHaberDctos;Id_Funcionario;NONCLUSTERED;0;0;39;97.4358974358974;18.3339387200395
dbo;MovimientoHaberDctos;Id_HaberDcto;NONCLUSTERED;0;0;19;42.1052631578947;37.6588337039783
dbo;MovimientoHaberDctos;Id_TipoContrato;NONCLUSTERED;0;0;28;57.1428571428571;25.5462688411169
dbo;MovimientoHaberDctos;Tipo_Hd;NONCLUSTERED;0;0;24;33.3333333333333;29.8080924141339
dbo;MovimientoLiquidacion;aaaaaMovimientoLiquidacion_PK;NONCLUSTERED;1;1;1;0;0.271806276254015
dbo;MovimientoLiquidacion;Id_Establecimiento;NONCLUSTERED;0;0;1;0;0.197677291821102
dbo;MovimientoLiquidacion;Id_Funcionario;NONCLUSTERED;0;0;1;0;0.135903138127008
dbo;MovimientoLiquidacion;Id_Hd;NONCLUSTERED;0;0;1;0;0.135903138127008
dbo;MovimientoLiquidacion;Id_TipoContrato;NONCLUSTERED;0;0;1;0;0.172967630343464
dbo;MovimientoLiquidacion;Tipo_HabeDcto;NONCLUSTERED;0;0;1;0;0.135903138127008
dbo;MovimientoPlanillaSuple;aaaMovimientoPlanillaSuple_PK;NONCLUSTERED;1;1;4188;0;80.0016308376575
dbo;MovimientoPlanillaSuple;Id_TipoContrato;NONCLUSTERED;0;0;1500;3.53333333333333;98.636422041018
dbo;MovPlanillaHaberDctos;aaaMovPlanillaHaberDctos_PK;NONCLUSTERED;1;1;1;0;0.33358042994811
dbo;MovPlanillaHaberDctos;Id_EstabContrato;NONCLUSTERED;0;0;1;0;0.148257968865827
dbo;MovPlanillaHaberDctos;Id_TipoContrato;NONCLUSTERED;0;0;1;0;0.172967630343464
dbo;Municipalidad;aaaaaMunicipalidad_PK;NONCLUSTERED;1;1;1;0;0.135903138127008
dbo;Municipalidad;Codigo_Comuna;NONCLUSTERED;0;0;1;0;0.172967630343464
dbo;Mutualidad;aaaCodSuperInt_Mutual_PK;NONCLUSTERED;1;1;1;0;0.617741536940944
dbo;NivelEducativo;aaaaaNivelEducativo_PK;NONCLUSTERED;1;1;1;0;0.296515937731653
dbo;NivelEducativo;Id_Nivel;NONCLUSTERED;0;0;1;0;0.296515937731653
dbo;NoRecepcionLME;aaaNoRecepcionLME_PK;NONCLUSTERED;1;1;1;0;0.938967136150235
dbo;OrdenTrabajo;aaaOrdenTrabajo_PK;NONCLUSTERED;1;1;335;0;79.9808994316778
dbo;Otras_InstitucionesPrev;aaOtras_InstitucionesPrev_PK;NONCLUSTERED;1;1;1;0;0.617741536940944
dbo;Otras_InstitucionesPrev;Id_Codigo;NONCLUSTERED;0;0;1;0;0.617741536940944
dbo;ParametrosGenerales;aaaaaParametrosGenerales_PK;NONCLUSTERED;1;1;1;0;0.135903138127008
dbo;ParametrosGenerales;Codigo_Area;NONCLUSTERED;0;1;1;0;0.135903138127008
dbo;Permiso_Defuncion;ID_Causante;NONCLUSTERED;0;0;1;0;0.457128737336299
dbo;Permiso_Defuncion;ID_Funcionario;NONCLUSTERED;0;0;1;0;0.457128737336299
dbo;Permiso_Defuncion;ID_Reemplazo;NONCLUSTERED;0;0;1;0;0.568322213985668
dbo;Permiso_Defuncion;Nro_Decreto;NONCLUSTERED;0;0;1;0;0.790709167284408
dbo;Permisos_Varios;aaaaaPermisosVarios_PK;NONCLUSTERED;1;1;4;75;51.0717815665925
dbo;Permisos_Varios;Id_TipoPermiso;NONCLUSTERED;0;0;2;50;56.3503829997529
dbo;PermisosAdministrativos;aaaaaPermisosAdministrativo_PK;NONCLUSTERED;1;1;49;83.6734693877551;57.5399802322708
dbo;PermisosAdministrativos;Correlativo;NONCLUSTERED;0;0;18;5.55555555555556;98.8633555720287
dbo;PermisosAdministrativos;Id_Establecimiento;NONCLUSTERED;0;0;25;32;81.1578947368421
dbo;PermisosAdministrativos;Id_Funcionario;NONCLUSTERED;0;0;29;93.1034482758621;54.5342228811465
dbo;PermisosAdministrativos;Periodo;NONCLUSTERED;0;0;16;6.25;98.8633555720287
dbo;PermisosAdminSinRemuneracion;aaaaaPermisosAdminSinRemune_PK;NONCLUSTERED;1;1;1;0;8.98196194712132
dbo;PermisosAdminSinRemuneracion;Correlativo;NONCLUSTERED;0;0;1;0;5.16431924882629
dbo;PermisosAdminSinRemuneracion;Id_Establecimiento;NONCLUSTERED;0;0;1;0;6.2144798616259
dbo;PermisosAdminSinRemuneracion;Id_Funcionario;NONCLUSTERED;0;0;1;0;4.47244872745243
dbo;PermisosAdminSinRemuneracion;Periodo;NONCLUSTERED;0;0;1;0;4.47244872745243
dbo;PermisosLegales;aaaaaPermisosLegales_PK;NONCLUSTERED;1;1;225;0;80.0020385470719
dbo;PermisosLegales;Id_Establecimiento;NONCLUSTERED;0;0;189;0;80.0306152705708
dbo;PermisosLegales;Id_Funcionario;NONCLUSTERED;0;0;144;0;79.8520261922412
dbo;PermisosLegales;Periodo;NONCLUSTERED;0;0;144;0;79.8520261922412
dbo;PermisosPost_Natal;aaaPermisosPost_Natal_PK;CLUSTERED;1;1;1;0;6.05386706202125
dbo;PermisosPost_Natal;Correlativo;NONCLUSTERED;0;0;1;0;1.98912774894984
dbo;PermisosPost_Natal;Fecha_Evento;NONCLUSTERED;0;0;1;0;1.98912774894984
dbo;PermisosPost_Natal;ID_Establecimiento;NONCLUSTERED;0;0;1;0;1.98912774894984
dbo;PermisosPost_Natal;ID_Funcionario;NONCLUSTERED;0;0;1;0;1.98912774894984
dbo;PermisosPost_Natal;Tipo_Permiso;NONCLUSTERED;0;0;1;0;1.98912774894984
dbo;PermisosPost_Natal_Otorgados;aaaPermisosPost_Natal_Otorgados_PK;CLUSTERED;1;1;1;0;3.05164319248826
dbo;PermisosPost_Natal_Otorgados;Fecha_Evento;NONCLUSTERED;0;0;1;0;1.56906350383
dbo;PermisosPost_Natal_Otorgados;ID_Establecimiento;NONCLUSTERED;0;0;1;0;1.56906350383
dbo;PermisosPost_Natal_Otorgados;ID_Funcionario;NONCLUSTERED;0;0;1;0;1.56906350383
dbo;PermisosPost_Natal_Otorgados;Tipo_Permiso;NONCLUSTERED;0;0;1;0;1.56906350383
dbo;PermisosPostNatalParental;aaaPermisosPostNatalParental_PK;CLUSTERED;1;1;17;64.7058823529412;69.679799851742
dbo;PermisosPostNatalParental;Id_Correlativo;NONCLUSTERED;0;0;2;50;72.8811465282926
dbo;PermisosPostNatalParental;Rut;NONCLUSTERED;0;0;2;50;72.8811465282926
dbo;PlandeCuenta;aaaaaPlandeCuenta_PK;NONCLUSTERED;1;1;11;63.6363636363636;74.9578823820114
dbo;PlandeCuenta;Ano_Proceso;NONCLUSTERED;0;0;3;66.6666666666667;89.3295527551273
dbo;PlandeCuenta;Codigo_Area;NONCLUSTERED;0;0;5;80;53.587842846553
dbo;PlandeCuenta;CodigoCuenta;NONCLUSTERED;0;0;11;90.9090909090909;67.4596244131455
dbo;PlandeCuenta;SW_Clasificador2008;NONCLUSTERED;0;0;5;60;61.8359278477885
dbo;PlanillaSuplementaria;aaaPlanillaSuplementaria_PK;NONCLUSTERED;1;1;2061;0;80.1892389424265
dbo;PlanillaSuplementariaHrs;aaaPlanillaSuplementariaHrs_PK;NONCLUSTERED;1;1;2255;0;80.0411045218681
dbo;PlantaMaestra;aaaaaPlantaMaestra_PK;NONCLUSTERED;1;1;0;0;0
dbo;PlantaMaestra;Id_Cargo;NONCLUSTERED;0;0;0;0;0
dbo;PlantaMaestra;Id_Establecimiento;NONCLUSTERED;0;0;0;0;0
dbo;Postulantes_DAEM;aaaaaPostulantes_DAEM_PK;NONCLUSTERED;1;1;1;0;0.284161106992834
dbo;PostulantesPorRamos_DAEM;aaPostulantesPorRamos_DAEM_PK;NONCLUSTERED;1;1;1;0;0.976031628366691
dbo;PostulantesPorRamos_DAEM;Id_asignatura;NONCLUSTERED;0;0;1;0;0.457128737336299
dbo;PostulantesPorRamos_DAEM;RutPostulante;NONCLUSTERED;0;0;1;0;0.901902643933778
dbo;Previred;aaPrevired_PK;NONCLUSTERED;1;1;3031;0.0329924117452986;80.0096614776377
dbo;Previred;K1_Ano;NONCLUSTERED;0;0;1077;0.185701021355617;99.8382999752903
dbo;Previred;K1_Correlativo;NONCLUSTERED;0;0;1344;0;79.9994440326168
dbo;Previred;K1_Id_Establecimiento;NONCLUSTERED;0;0;1769;0;80.107425253274
dbo;Previred;K1_Id_Funcionario;NONCLUSTERED;0;0;1344;0;79.9994440326168
dbo;Previred;K1_Id_ProcesoPS;NONCLUSTERED;0;0;1344;0;79.9994440326168
dbo;Previred;K1_Id_Remuneracion;NONCLUSTERED;0;0;1344;0;79.9994440326168
dbo;Previred;K1_Mes;NONCLUSTERED;0;0;1078;0.371057513914657;99.7456634544107
dbo;Previred;K1_NroContrato;NONCLUSTERED;0;0;1344;0;79.9994440326168
dbo;ProcesosPlanillaSuplementaria;aaMovPlanillaHaberDctos_PK;NONCLUSTERED;1;1;4;75;86.1409686187299
dbo;ProfesionalesMedicos;aaaProfesionalesMedicos_PK;NONCLUSTERED;1;1;18;94.4444444444444;68.4244872745243
dbo;Proyectos;aaProyectos_PK;NONCLUSTERED;1;1;1;0;2.79219174697307
dbo;Proyectos;Id_Proyecto;NONCLUSTERED;0;0;1;0;2.79219174697307
dbo;Recaudacion_Licencia;aaaRecaudacion_Licencia_PK;NONCLUSTERED;1;1;332;0;99.5074870274277
dbo;RecaudacionPostNatalParental;aaaRecaudacionPostNatalParental_PK;CLUSTERED;1;1;8;75;91.1539411910057
dbo;RecaudacionPostNatalParental;Id_Correlativo;NONCLUSTERED;0;0;3;33.3333333333333;75.9574993822585
dbo;RecaudacionPostNatalParental;Id_CorrelativoPermiso;NONCLUSTERED;0;0;5;80;45.564615764764
dbo;RecaudacionPostNatalParental;Rut;NONCLUSTERED;0;0;3;66.6666666666667;75.9574993822585
dbo;REN_Cierre;pk_Cierre;CLUSTERED;1;1;0;0;0
dbo;REN_Clasificador;PK_REN_Clasificador;CLUSTERED;1;1;0;0;0
dbo;REN_Clasificador_Establecimientos;PK_REN_Clasificador_Establecimientos;CLUSTERED;1;1;0;0;0
dbo;REN_Clasificador_Tipo_Horas;PK_REN_Clasificador_Tipo_Horas;CLUSTERED;1;1;0;0;0
dbo;REN_Columnas;PK_REN_Columnas;CLUSTERED;1;1;5;80;55.7351124289597
dbo;REN_Detalle;PK_REN_Detalle;CLUSTERED;1;1;0;0;0
dbo;REN_Funcion;PK_REN_Funcion;CLUSTERED;1;1;0;0;0
dbo;REN_FuncionCargo;PK_REN_FuncionCargo;CLUSTERED;1;1;0;0;0
dbo;REN_Movimientos_Descuentos;PK_REN_Movimientos_Descuentos;CLUSTERED;1;1;0;0;0
dbo;REN_Movimientos_Descuentos_PS;PK_REN_Movimientos_Descuentos_PS;CLUSTERED;1;1;0;0;0
dbo;REN_Movimientos_Haberes;PK_REN_Movimientos_Haberes;CLUSTERED;1;1;0;0;0
dbo;REN_Movimientos_Haberes_PS;PK_REN_Movimientos_Haberes_PS;CLUSTERED;1;1;0;0;0
dbo;REN_Parametros;PK_REN_Parametros;CLUSTERED;1;1;0;0;0
dbo;RentaEncasillamiento;aaaRentaEncasillamiento_PK;CLUSTERED;1;1;10;90;77.6031628366691
dbo;RentaEncasillamiento;Codigo_TDP;NONCLUSTERED;0;0;3;66.6666666666667;78.5273041759328
dbo;ResultadoMigracionNet;NombreTablaDestino;NONCLUSTERED;0;0;0;0;0
dbo;ResultadoMigracionNet;NombreTablaOriginal;NONCLUSTERED;0;0;0;0;0
dbo;ResultadoMigracionNet;PK_ResultadoMigracionNet;NONCLUSTERED;1;1;0;0;0
dbo;RetencionJudicial;aaaaaRetencionJudicial_PK;NONCLUSTERED;1;1;1;0;15.0111193476649
dbo;RetencionJudicial;Id_Establecimiento;NONCLUSTERED;0;0;1;0;8.43834939461329
dbo;RetencionJudicial;Id_Funcionario;NONCLUSTERED;0;0;1;0;6.07857672349889
dbo;RetencionJudicial;Rut_Beneficiario;NONCLUSTERED;0;0;1;0;11.7123795404003
dbo;Retroactivo;aaRetroactivo_PK;NONCLUSTERED;1;1;0;0;0
dbo;Retroactivo;Id_Establecimiento;NONCLUSTERED;0;0;0;0;0
dbo;Retroactivo;Id_Funcionario;NONCLUSTERED;0;0;0;0;0
dbo;Sindicatos;aaSindicatos_PK;NONCLUSTERED;1;1;0;0;0
dbo;Sindicatos;Id_Sindicato;NONCLUSTERED;0;0;0;0;0
dbo;SituacionMilitar;aaaSituacionMilitar_PK;CLUSTERED;1;1;1;0;0.815418828762046
dbo;Suplencias;aaaaaSuplencias_PK;NONCLUSTERED;1;1;0;0;0
dbo;Suplencias;Id_Funcionario;NONCLUSTERED;0;0;0;0;0
dbo;Suplencias;Id_Incremento;NONCLUSTERED;0;0;0;0;0
dbo;Suplencias;Id_SueldoMedico;NONCLUSTERED;0;0;0;0;0
dbo;Suplencias;TipoSuplencia;NONCLUSTERED;0;0;0;0;0
dbo;sysdiagrams;PK__sysdiagr__C2B05B612F70311B;CLUSTERED;1;1;0;0;0
dbo;sysdiagrams;UK_principal_name;NONCLUSTERED;0;1;0;0;0
dbo;Tabla_OperadoresLME;aaaTabla_OperadoresLME_PK;NONCLUSTERED;1;1;1;0;0.617741536940944
dbo;TablaBienestar;aaaTablaBienestar_PK;NONCLUSTERED;1;1;1;0;0.296515937731653
dbo;TablaBienestar;Id_Funcionario;NONCLUSTERED;0;0;1;0;0.296515937731653
dbo;TablaControl;aaaTablaControl_PK;NONCLUSTERED;1;1;2;50;78.2554978996788
dbo;TablaControl;Control_Ano;NONCLUSTERED;0;0;1;0;63.5779589819619
dbo;TablaControl;Control_Id_Haber;NONCLUSTERED;0;0;1;0;63.5779589819619
dbo;TablaControl;Control_Mes;NONCLUSTERED;0;0;1;0;63.5779589819619
dbo;TablaControl;Control_TipoProceso;NONCLUSTERED;0;0;1;0;63.5779589819619
dbo;TablaControl;Control_TipoRemun;NONCLUSTERED;0;0;1;0;63.5779589819619
dbo;TablaSindicato;aaaTablaSindicato_PK;NONCLUSTERED;1;1;1;0;0.296515937731653
dbo;TablaSindicato;Id_Funcionario;NONCLUSTERED;0;0;1;0;0.296515937731653
dbo;Tbl_Paridad;Id_Vb6;NONCLUSTERED;0;0;0;0;0
dbo;Tbl_Paridad;PK_Tbl_Paridad;NONCLUSTERED;1;1;0;0;0
dbo;Tbl_Paridad;Tipo;NONCLUSTERED;0;0;0;0;0
dbo;TemporalDesDificil;aaaaaTemporalDesDificil_PK;NONCLUSTERED;1;1;0;0;0
dbo;Tipo_Causante;aaaId_Causante_PK;CLUSTERED;1;1;1;0;1.54435384235236
dbo;Tipo_Finiquito;aaTipo_Finiquito_PK;NONCLUSTERED;1;1;1;0;3.50877192982456
dbo;Tipo_Finiquito;Codigo_Causal;NONCLUSTERED;0;0;1;0;3.18754633061527
dbo;Tipo_Finiquito;Codigo_Ley;NONCLUSTERED;0;0;1;0;2.06325673338275
dbo;Tipo_Finiquito;Detalle;NONCLUSTERED;0;0;1;0;10.4027674820855
dbo;Tipo_Finiquito;Nombre_Ley;NONCLUSTERED;0;0;1;0;5.27551272547566
dbo;Tipo_Horas;aaaaaTipo_Horas_PK;NONCLUSTERED;1;1;1;0;11.0575735112429
dbo;Tipo_Horas;Id_TipoContrato;NONCLUSTERED;0;0;1;0;13.6150234741784
dbo;Tipo_Horas;Tipo_Horas;NONCLUSTERED;0;1;1;0;11.0575735112429
dbo;Tipo_Horas_AEduca;aaTipo_Horas_AEduca_PK;NONCLUSTERED;1;1;1;0;0.135903138127008
dbo;Tipo_Horas_AEduca;Tipo_Horas;NONCLUSTERED;0;0;1;0;0.135903138127008
dbo;Tipo_Horas_Proyecto;aaTipo_Horas_Proyecto_PK;NONCLUSTERED;1;1;0;0;0
dbo;Tipo_Horas_Proyecto;Id_Tipo_Horas_Proyecto;NONCLUSTERED;0;0;0;0;0
dbo;Tipo_Permiso;aaaaaTipo_Pemiso_PK;NONCLUSTERED;1;1;1;0;1.26019273535953
dbo;TipoAdministracion;aaaTipoAdministracion_PK;CLUSTERED;1;1;1;0;1.44551519644181
dbo;TipoEstablecimiento;aaaTipoEstablecimiento_PK;CLUSTERED;1;1;1;0;0.87719298245614
dbo;TipoEstadoLicenciaMedica;aaaEstado_LicenciaMedica_PK;NONCLUSTERED;1;1;1;0;0.617741536940944
dbo;TipoEstadoPagoLicenciaMedica;aaaEstadoPago_LicenciaMedica_PK;NONCLUSTERED;1;1;1;0;0.457128737336299
dbo;TipoEstudio;aaaTipoEstudio_PK;CLUSTERED;1;1;1;0;2.58215962441315
dbo;TipoInstitucionesAVP;aaTipoInstitucionesAVP_PK;NONCLUSTERED;1;1;1;0;0.778354336545589
dbo;TipoInstitucionesAVP;Tipo_Institucion;NONCLUSTERED;0;0;1;0;0.778354336545589
dbo;TipoPago;aaaTipoPago_PK;CLUSTERED;1;1;1;0;2.17445021003212
dbo;TiposDeAccidentes;aaaaaTiposDeAccidentes_PK;NONCLUSTERED;1;1;1;0;0.457128737336299
dbo;TiposLicenciasMedicas;aaaTiposLicenciasMedicas_PK;NONCLUSTERED;1;1;1;0;1.53199901161354
dbo;Totales_Finiquito;aaTotales_Finiquito_PK;NONCLUSTERED;1;1;0;0;0
dbo;Totales_Finiquito;Correlativo;NONCLUSTERED;0;0;0;0;0
dbo;Totales_Finiquito;Id_Establecimiento;NONCLUSTERED;0;0;0;0;0
dbo;Totales_Finiquito;Id_Funcionario;NONCLUSTERED;0;0;0;0;0
dbo;Totales_PlanillaRemuneraciones;aaTotales_PlanillaRemuneraciones_PK;NONCLUSTERED;1;1;269;0;99.6734124042501
dbo;Totales_PlanillaRemuneraciones;Id_Establecimiento;NONCLUSTERED;0;0;202;0;79.8888435878428
dbo;Totales_PlanillaRemuneraciones;Id_Funcionario;NONCLUSTERED;0;0;153;0;79.723227081789
dbo;Totales_PlanillaRemuneraciones;Id_Hd;NONCLUSTERED;0;0;153;0;79.723227081789
dbo;Totales_PlanillaRemuneraciones;Id_ProcesoPs;NONCLUSTERED;0;0;153;0;79.723227081789
dbo;Totales_PlanillaRemuneraciones;Id_Remuneracion;NONCLUSTERED;0;0;153;0;79.723227081789
dbo;Totales_PlanillaRemuneraciones;Tipo_Hd;NONCLUSTERED;0;0;153;0;79.723227081789
dbo;TramoDesarrolloProfesional;aaaTramoDesarrolloProfesional_PK;CLUSTERED;1;1;1;0;1.68025698047937
dbo;TramoDesarrolloProfesional;Codigo_TDP;NONCLUSTERED;0;0;1;0;0.345935260686929
dbo;TramosAsigFamiliar;aaaaaTramosAsigFamiliar_PK;NONCLUSTERED;1;1;1;0;17.7662466024215
dbo;TramosAsigFamiliar;Periodo;NONCLUSTERED;0;0;1;0;15.3941191005683
dbo;TramosAsigFamiliar;Tramo;NONCLUSTERED;0;0;1;0;15.3941191005683
dbo;Transfer_W2W;aaTransfer_W2W_PK;NONCLUSTERED;1;1;0;0;0
dbo;UnidadEducativa;aaaaaUnidadEducativa_PK;NONCLUSTERED;1;1;0;0;0
dbo;UnidadEducativa;Id_Establecimiento;NONCLUSTERED;0;0;0;0;0
dbo;UnidadEducativa;Id_Unidad;NONCLUSTERED;0;1;0;0;0
dbo;Utm_Ipc;aaaaaUtm_Ipc_PK;NONCLUSTERED;1;1;0;0;0
dbo;VerificaTablas;aaaVerificaTablas_PK;NONCLUSTERED;1;1;1;0;0.840128490239684
dbo;xData_Causales;PK__xData_Ca__573F24844C9FC96B;CLUSTERED;1;1;1;0;1.66790214974055
dbo;xData_EstadoNotificacion;PK__xData_Es__AB2EB6F848CF3887;CLUSTERED;1;1;1;0;0.852483320978503
