TABLA;INDICE;TYPE_DESC;IS_PRIMARY_KEY;IS_UNIQUE;USER_SEEKS;USER_SCANS;USER_LOOKUPS;USER_UPDATES;LAST_USER_SEEK;LAST_USER_SCAN;TAMANO-TOTAL;USED-PAGES;DATA-PAGES;ATRIBUTOS;BUSQUEDAS;EVALUACION_INDICE
AccidentesDeTrabajo;aaaaaAccidentesDeTrabajo_PK;NONCLUSTERED;1;1;0.0;0.0;0.0;0.0;;;0.015625;0.015625;0.007812;Id_Establecimiento,Id_Funcionario,Id_Accidente,FechaAccidente;0.0;NO USO
AdicionalDosSalud;aaaaaAdicionalDosSalud_PK;NONCLUSTERED;1;1;0.0;0.0;0.0;0.0;;;0.000000;0.000000;0.000000;Id_Establecimiento,Id_Funcionario,Dos_FechaContratoIsapre;0.0;NO USO
AdicionalDosSalud;Dos_FechaContratoIsapre;NONCLUSTERED;0;0;0.0;0.0;0.0;0.0;;;0.000000;0.000000;0.000000;Dos_FechaContratoIsapre;0.0;NO USO
AdicionalDosSalud;Id_Establecimiento;NONCLUSTERED;0;0;0.0;0.0;0.0;0.0;;;0.000000;0.000000;0.000000;Id_Establecimiento;0.0;NO USO
AdicionalDosSalud;Id_Funcionario;NONCLUSTERED;0;0;0.0;0.0;0.0;0.0;;;0.000000;0.000000;0.000000;Id_Funcionario;0.0;NO USO
Afp;aaaaaAfp_PK;NONCLUSTERED;1;1;0.0;1.0;0.0;0.0;;2026-06-04 09:11:44.943;0.015625;0.015625;0.007812;Id_Afp;0.0;NO USO
Afp;Id_Afp;NONCLUSTERED;0;1;0.0;0.0;0.0;0.0;;;0.015625;0.015625;0.007812;Id_Afp;0.0;NO USO
Afp;Id_RegPrevisional;NONCLUSTERED;0;0;0.0;0.0;0.0;0.0;;;0.015625;0.015625;0.007812;Id_RegPrevisional;0.0;NO USO
AguinaldoTemporal;aaaaaAguinaldoTemporal_PK;NONCLUSTERED;1;1;0.0;0.0;0.0;0.0;;;0.015625;0.015625;0.054687;Id_Establecimiento,Id_Funcionario;0.0;NO USO
AguinaldoTemporal;Id_Establecimiento;NONCLUSTERED;0;0;0.0;0.0;0.0;0.0;;;0.015625;0.015625;0.031250;Id_Establecimiento;0.0;NO USO
AguinaldoTemporal;Id_EstablecimientoFun;NONCLUSTERED;0;0;0.0;0.0;0.0;0.0;;;0.039062;0.039062;0.039062;Id_EstablecimientoFun;0.0;NO USO
AguinaldoTemporal;Id_Funcionario;NONCLUSTERED;0;0;0.0;0.0;0.0;0.0;;;0.015625;0.015625;0.031250;Id_Funcionario;0.0;NO USO
AguinaldoTemporal;Rut_Temporal;NONCLUSTERED;0;0;0.0;0.0;0.0;0.0;;;0.015625;0.015625;0.046875;Rut_Temporal;0.0;NO USO
Anexo_Finiquito;aaAnexo_Finiquito_PK;NONCLUSTERED;1;1;0.0;0.0;0.0;0.0;;;0.000000;0.000000;0.000000;Id_Establecimiento,Id_Funcionario,Correlativo,Correlativo_Anexo;0.0;NO USO
Anexo_Finiquito;Correlativo;NONCLUSTERED;0;0;0.0;0.0;0.0;0.0;;;0.000000;0.000000;0.000000;Correlativo;0.0;NO USO
Anexo_Finiquito;Correlativo_Anexo;NONCLUSTERED;0;0;0.0;0.0;0.0;0.0;;;0.000000;0.000000;0.000000;Correlativo_Anexo;0.0;NO USO
Anexo_Finiquito;Id_Establecimiento;NONCLUSTERED;0;0;0.0;0.0;0.0;0.0;;;0.000000;0.000000;0.000000;Id_Establecimiento;0.0;NO USO
Anexo_Finiquito;Id_Funcionario;NONCLUSTERED;0;0;0.0;0.0;0.0;0.0;;;0.000000;0.000000;0.000000;Id_Funcionario;0.0;NO USO
Anexo_PlanCta;aaAnexo_PlanCta_PK;NONCLUSTERED;1;1;0.0;0.0;0.0;0.0;;;0.000000;0.000000;0.000000;Codigo_Cuenta,Id_TipoContrato,Id_Haber,Id_Establecimiento;0.0;NO USO
Anexo_PlanCta_Privado;aaAnexo_PlanCta_Privado_PK;NONCLUSTERED;1;1;0.0;0.0;0.0;0.0;;;0.000000;0.000000;0.000000;Id_Establecimiento,Codigo_Cuenta,Id_HaberDcto,Tipo_Cuenta,Id_Proyecto;0.0;NO USO
Anexo_PlanCta_Privado;Codigo_Cuenta;NONCLUSTERED;0;0;0.0;0.0;0.0;0.0;;;0.000000;0.000000;0.000000;Codigo_Cuenta;0.0;NO USO
Anexo_PlanCta_Privado;Id_Establecimiento;NONCLUSTERED;0;0;0.0;0.0;0.0;0.0;;;0.000000;0.000000;0.000000;Id_Establecimiento;0.0;NO USO
Anexo_PlanCta_Privado;Id_HaberDcto;NONCLUSTERED;0;0;0.0;0.0;0.0;0.0;;;0.000000;0.000000;0.000000;Id_HaberDcto;0.0;NO USO
Anexo_PlanCta_Privado;Tipo_Cuenta;NONCLUSTERED;0;0;0.0;0.0;0.0;0.0;;;0.000000;0.000000;0.000000;Tipo_Cuenta;0.0;NO USO
AnexoPlanCuentaPrivado;aaaaaAnexoPlanCuentaPrivado_PK;NONCLUSTERED;1;1;0.0;0.0;0.0;0.0;;;0.000000;0.000000;0.000000;Ano_Proceso,Mes_Proceso,Id_Establecimiento,Codigo_Cuenta;0.0;NO USO
AnexoPlanCuentaPrivado;AnoProceso;NONCLUSTERED;0;0;0.0;0.0;0.0;0.0;;;0.000000;0.000000;0.000000;Ano_Proceso;0.0;NO USO
AnexoPlanCuentaPrivado;Codigo_Cuenta;NONCLUSTERED;0;0;0.0;0.0;0.0;0.0;;;0.000000;0.000000;0.000000;Codigo_Cuenta;0.0;NO USO
AnexoPlanCuentaPrivado;MesProceso;NONCLUSTERED;0;0;0.0;0.0;0.0;0.0;;;0.000000;0.000000;0.000000;Mes_Proceso;0.0;NO USO
AnexoPlanCuentaPrivado;Rut;NONCLUSTERED;0;0;0.0;0.0;0.0;0.0;;;0.000000;0.000000;0.000000;Id_Establecimiento;0.0;NO USO
AnexoPlandeCuenta;aaAnexoPlandeCuenta_PK;NONCLUSTERED;1;1;0.0;0.0;0.0;0.0;;;0.015625;0.015625;0.015625;Ano_Proceso,Mes_Proceso,Codigo_Area,CodigoCuenta;0.0;NO USO
AnexoPlandeCuenta;Ano_Proceso;NONCLUSTERED;0;0;0.0;0.0;0.0;0.0;;;0.015625;0.015625;0.007812;Ano_Proceso;0.0;NO USO
AnexoPlandeCuenta;Codigo_Area;NONCLUSTERED;0;0;0.0;0.0;0.0;0.0;;;0.015625;0.015625;0.007812;Codigo_Area;0.0;NO USO
AnexoPlandeCuenta;CodigoCuenta;NONCLUSTERED;0;0;0.0;0.0;0.0;0.0;;;0.015625;0.015625;0.015625;CodigoCuenta;0.0;NO USO
AnexoPlandeCuenta;Mes_Proceso;NONCLUSTERED;0;0;0.0;0.0;0.0;0.0;;;0.015625;0.015625;0.007812;Mes_Proceso;0.0;NO USO
Anotaciones;aaaaaAnotaciones_PK;NONCLUSTERED;1;1;0.0;0.0;0.0;0.0;;;0.015625;0.015625;0.007812;Id_Funcionario,Id_Establecimiento,Id_TipoAnotacion,Id_Merito_Demerito;0.0;NO USO
Anotaciones;Id_Establecimiento;NONCLUSTERED;0;0;0.0;0.0;0.0;0.0;;;0.015625;0.015625;0.007812;Id_Establecimiento;0.0;NO USO
Anotaciones;Id_Funcionario;NONCLUSTERED;0;0;0.0;0.0;0.0;0.0;;;0.015625;0.015625;0.007812;Id_Funcionario;0.0;NO USO
Anotaciones;Id_Merito_Demerito;NONCLUSTERED;0;1;0.0;0.0;0.0;0.0;;;0.015625;0.015625;0.007812;Id_Merito_Demerito;0.0;NO USO
Anotaciones;Id_TipoAnotacion;NONCLUSTERED;0;0;0.0;0.0;0.0;0.0;;;0.015625;0.015625;0.007812;Id_TipoAnotacion;0.0;NO USO
Antecedentes;aaaaaAntecedentes_PK;NONCLUSTERED;1;1;0.0;0.0;0.0;0.0;;;0.382812;0.257812;0.242187;Id_Establecimiento,Id_Funcionario,Id_Antecedentes;0.0;NO USO
Antecedentes;Id_Antecedentes;NONCLUSTERED;0;0;0.0;0.0;0.0;0.0;;;0.195312;0.125000;0.109375;Id_Antecedentes;0.0;NO USO
Antecedentes;Id_Establecimiento;NONCLUSTERED;0;0;0.0;0.0;0.0;0.0;;;0.320312;0.203125;0.187500;Id_Establecimiento;0.0;NO USO
Antecedentes;Id_Funcionario;NONCLUSTERED;0;0;0.0;0.0;0.0;0.0;;;0.265625;0.187500;0.164062;Id_Funcionario;0.0;NO USO
AperturaDeCuentas;aaAperturaDeCuentas_PK;NONCLUSTERED;1;1;0.0;0.0;0.0;0.0;;;0.000000;0.000000;0.000000;Id_Establecimiento,Id_Funcionario;0.0;NO USO
AperturaDeCuentas;Id_Establecimiento;NONCLUSTERED;0;0;0.0;0.0;0.0;0.0;;;0.000000;0.000000;0.000000;Id_Establecimiento;0.0;NO USO
AperturaDeCuentas;Id_Funcionario;NONCLUSTERED;0;0;0.0;0.0;0.0;0.0;;;0.000000;0.000000;0.000000;Id_Funcionario;0.0;NO USO
Asignaciones_Transparencia;aaaAsignaciones_Transparencia_PK;CLUSTERED;1;1;0.0;0.0;0.0;0.0;;;0.101562;0.046875;0.031250;Id_Haber;0.0;NO USO
Asignaciones_Transparencia;Id_Haber;NONCLUSTERED;0;0;0.0;0.0;0.0;0.0;;;0.015625;0.015625;0.007812;Id_Haber;0.0;NO USO
Asignaturas;aaaaaAsignaturas_PK;NONCLUSTERED;1;1;0.0;0.0;0.0;0.0;;;0.015625;0.015625;0.007812;Id_Asignatura;0.0;NO USO
Asistencia;aaaaaAsistencia_PK;NONCLUSTERED;1;1;0.0;0.0;0.0;0.0;;;0.000000;0.000000;0.000000;Id_Establecimiento,Id_Funcionario,Id_Asistencia;0.0;NO USO
Asistencia;Id_Establecimiento;NONCLUSTERED;0;0;0.0;0.0;0.0;0.0;;;0.000000;0.000000;0.000000;Id_Establecimiento;0.0;NO USO
Asistencia;Id_Funcionario;NONCLUSTERED;0;0;0.0;0.0;0.0;0.0;;;0.000000;0.000000;0.000000;Id_Funcionario;0.0;NO USO
Bancos;aaaaaBancos_PK;NONCLUSTERED;1;1;0.0;0.0;0.0;0.0;;;0.015625;0.015625;0.007812;Id_Banco;0.0;NO USO
Bancos;Id_Banco;NONCLUSTERED;0;1;0.0;0.0;0.0;0.0;;;0.015625;0.015625;0.007812;Id_Banco;0.0;NO USO
Base_CalculoLicencia;aaaBase_CalculoLicencia_PK;NONCLUSTERED;1;1;2.0;0.0;0.0;0.0;2026-06-04 10:00:08.660;;3.132812;3.125000;3.085937;Rut,Id_Licencia;2.0;Beneficio Busqueda
BaseCalculo_PostNatalParental;aaaBaseCalculo_PostNatalParental_PK;CLUSTERED;1;1;0.0;0.0;0.0;0.0;;;0.257812;0.187500;0.171875;Id_CorrelativoPermiso,Rut;0.0;NO USO
BaseCalculo_PostNatalParental;Id_CorrelativoPermiso;NONCLUSTERED;0;0;0.0;0.0;0.0;0.0;;;0.078125;0.031250;0.015625;Id_CorrelativoPermiso;0.0;NO USO
BaseCalculo_PostNatalParental;Rut;NONCLUSTERED;0;0;0.0;0.0;0.0;0.0;;;0.078125;0.031250;0.015625;Rut;0.0;NO USO
Bienestar_MacroCalculo;aaaBienestar_MacroCalculo_PK;CLUSTERED;1;1;12.0;0.0;0.0;0.0;2026-06-04 09:07:12.937;;0.070312;0.015625;0.007812;Macro_id;12.0;Beneficio Busqueda
Bienestar_TipoMoneda;aaaBienestar_TipoMoneda_PK;CLUSTERED;1;1;6.0;0.0;0.0;0.0;2026-06-04 09:07:12.910;;0.070312;0.015625;0.007812;Id_ModoDctos;6.0;Beneficio Busqueda
Bienios_Cumplidos;aaaaaBienios_Cumplidos_PK;NONCLUSTERED;1;1;0.0;0.0;0.0;0.0;;;0.015625;0.015625;0.007812;Id_Funcionario,Mes_Proceso,Ano_Proceso;0.0;NO USO
Bienios_Cumplidos;Id_Funcionario;NONCLUSTERED;0;0;0.0;0.0;0.0;0.0;;;0.015625;0.015625;0.007812;Id_Funcionario;0.0;NO USO
Calificacion;aaaaaCalificacion_PK;NONCLUSTERED;1;1;0.0;0.0;0.0;0.0;;;0.000000;0.000000;0.000000;Id_Establecimiento,Id_Funcionario,Periodo;0.0;NO USO
Calificacion;Id_Establecimeinto;NONCLUSTERED;0;0;0.0;0.0;0.0;0.0;;;0.000000;0.000000;0.000000;Id_Establecimiento;0.0;NO USO
Calificacion;Id_Funcionario;NONCLUSTERED;0;0;0.0;0.0;0.0;0.0;;;0.000000;0.000000;0.000000;Id_Funcionario;0.0;NO USO
Calificacion;Periodo;NONCLUSTERED;0;0;0.0;0.0;0.0;0.0;;;0.000000;0.000000;0.000000;Periodo;0.0;NO USO
Capacitacion;aaaaaCapacitacion_PK;NONCLUSTERED;1;1;0.0;0.0;0.0;0.0;;;0.070312;0.015625;0.007812;Rut_Funcionario,Id_Capacitacion;0.0;NO USO
Capacitacion;Id_Capacitacion;NONCLUSTERED;0;0;0.0;0.0;0.0;0.0;;;0.070312;0.015625;0.007812;Id_Capacitacion;0.0;NO USO
Capacitacion;Rut_Funcionario;NONCLUSTERED;0;0;0.0;0.0;0.0;0.0;;;0.070312;0.015625;0.007812;Rut_Funcionario;0.0;NO USO
CargaDescuentosVarios_Aviso;aaaaaCargaDescuentosVarios_Aviso_PK;NONCLUSTERED;1;1;0.0;0.0;0.0;0.0;;;1.382812;1.273437;1.257812;Rut,Mes,Ano,Tipo_Hd,Id_Hd;0.0;NO USO
CargaPagosLicencia;FechaInicio;NONCLUSTERED;0;0;0.0;0.0;0.0;0.0;;;0.070312;0.015625;0.007812;FechaInicio;0.0;NO USO
CargaPagosLicencia;FechaTermino;NONCLUSTERED;0;0;0.0;0.0;0.0;0.0;;;0.070312;0.015625;0.007812;FechaTermino;0.0;NO USO
CargaPagosLicencia;NLicencia;NONCLUSTERED;0;0;0.0;0.0;0.0;0.0;;;0.070312;0.015625;0.007812;NLicencia;0.0;NO USO
CargaPagosLicencia;Rut;NONCLUSTERED;0;0;0.0;0.0;0.0;0.0;;;0.070312;0.015625;0.007812;Rut;0.0;NO USO
CargaPagosLicencia_Aviso;NLicencia;NONCLUSTERED;0;0;0.0;0.0;0.0;0.0;;;0.070312;0.015625;0.007812;NLicencia;0.0;NO USO
CargaPagosLicencia_Aviso;Rut;NONCLUSTERED;0;0;0.0;0.0;0.0;0.0;;;0.070312;0.015625;0.007812;Rut;0.0;NO USO
CargasRetroactivas;aaaaaCargasRetroactivas_PK;NONCLUSTERED;1;1;0.0;0.0;0.0;0.0;;;0.210937;0.132812;0.187500;Id_Establecimiento,Id_Funcionario,Id_Carga_Retro;0.0;NO USO
CargasRetroactivas;Id_Carga_Retro;NONCLUSTERED;0;0;0.0;0.0;0.0;0.0;;;0.164062;0.117187;0.132812;Id_Carga_Retro;0.0;NO USO
CargasRetroactivas;Id_Establecimiento;NONCLUSTERED;0;0;0.0;0.0;0.0;0.0;;;0.210937;0.109375;0.140625;Id_Establecimiento;0.0;NO USO
CargasRetroactivas;Id_Funcionario;NONCLUSTERED;0;0;0.0;0.0;0.0;0.0;;;0.156250;0.070312;0.093750;Id_Funcionario;0.0;NO USO
CargoFuncionario;aaaaaCargoFuncionario_PK;NONCLUSTERED;1;1;0.0;0.0;0.0;0.0;;;0.015625;0.015625;0.007812;Id_Cargo;0.0;NO USO
CargoFuncionario;Id_Cargo;NONCLUSTERED;0;0;0.0;0.0;0.0;0.0;;;0.015625;0.015625;0.007812;Id_Cargo;0.0;NO USO
CarreraDocente;aaaCarreraDocente_PK;CLUSTERED;1;1;0.0;0.0;0.0;0.0;;;0.000000;0.000000;0.000000;Rut,Mes,Ano,Correlativo;0.0;NO USO
CarreraDocente;Ano;NONCLUSTERED;0;0;0.0;0.0;0.0;0.0;;;0.000000;0.000000;0.000000;Ano;0.0;NO USO
CarreraDocente;Correlativo;NONCLUSTERED;0;0;0.0;0.0;0.0;0.0;;;0.000000;0.000000;0.000000;Correlativo;0.0;NO USO
CarreraDocente;Mes;NONCLUSTERED;0;0;0.0;0.0;0.0;0.0;;;0.000000;0.000000;0.000000;Mes;0.0;NO USO
CarreraDocente;Rut;NONCLUSTERED;0;0;0.0;0.0;0.0;0.0;;;0.000000;0.000000;0.000000;Rut;0.0;NO USO
CategoriaAsistEducacion;aaaCategoriaAsistEducacion_PK;CLUSTERED;1;1;5.0;0.0;0.0;0.0;2026-06-04 09:07:07.537;;0.015625;0.015625;0.007812;Codigo_CategoriaAsistEducacion;5.0;Beneficio Busqueda
CausalesEgreso;aaaaaCausalesEgreso_PK;NONCLUSTERED;1;1;0.0;0.0;0.0;0.0;;;0.015625;0.015625;0.007812;Id_Codigo;0.0;NO USO
CausalesEgreso;Id_Codigo;NONCLUSTERED;0;0;0.0;0.0;0.0;0.0;;;0.015625;0.015625;0.007812;Id_Codigo;0.0;NO USO
CCAF_LosAndes;aaCCAF_LosAndes_PK;NONCLUSTERED;1;1;0.0;0.0;0.0;0.0;;;0.000000;0.000000;0.000000;K1_Id_Establecimiento,K1_Id_Funcionario,K1_Ano,K1_Mes,Correlativo;0.0;NO USO
CCAF_LosAndes;K1_Ano;NONCLUSTERED;0;0;0.0;0.0;0.0;0.0;;;0.015625;0.015625;0.007812;K1_Ano;0.0;NO USO
CCAF_LosAndes;K1_Id_Establecimiento;NONCLUSTERED;0;0;0.0;0.0;0.0;0.0;;;0.015625;0.015625;0.007812;K1_Id_Establecimiento;0.0;NO USO
CCAF_LosAndes;K1_Id_Funcionario;NONCLUSTERED;0;0;0.0;0.0;0.0;0.0;;;0.015625;0.015625;0.007812;K1_Id_Funcionario;0.0;NO USO
CCAF_LosAndes;K1_Mes;NONCLUSTERED;0;0;0.0;0.0;0.0;0.0;;;0.015625;0.015625;0.007812;K1_Mes;0.0;NO USO
CCAF_LosAndes_AfiliadoVoluntario;aaCCAF_LosAndes_AfiliadoVoluntario_PK;NONCLUSTERED;1;1;0.0;0.0;0.0;0.0;;;0.000000;0.000000;0.000000;K1_Id_Establecimiento,K1_Id_Funcionario,K1_Ano,K1_Mes;0.0;NO USO
CCAF_LosAndes_AfiliadoVoluntario;K1_Ano;NONCLUSTERED;0;0;0.0;0.0;0.0;0.0;;;0.000000;0.000000;0.000000;K1_Ano;0.0;NO USO
CCAF_LosAndes_AfiliadoVoluntario;K1_Id_Establecimiento;NONCLUSTERED;0;0;0.0;0.0;0.0;0.0;;;0.000000;0.000000;0.000000;K1_Id_Establecimiento;0.0;NO USO
CCAF_LosAndes_AfiliadoVoluntario;K1_Id_Funcionario;NONCLUSTERED;0;0;0.0;0.0;0.0;0.0;;;0.000000;0.000000;0.000000;K1_Id_Funcionario;0.0;NO USO
CCAF_LosAndes_AfiliadoVoluntario;K1_Mes;NONCLUSTERED;0;0;0.0;0.0;0.0;0.0;;;0.000000;0.000000;0.000000;K1_Mes;0.0;NO USO
CCAF_LosAndes_DepositosConvenidos;aaCCAF_LosAndes_DepositosConvenidos_PK;NONCLUSTERED;1;1;0.0;0.0;0.0;0.0;;;0.000000;0.000000;0.000000;K1_Id_Establecimiento,K1_Id_Funcionario,K1_Ano,K1_Mes,Correlativo;0.0;NO USO
CCAF_LosAndes_DepositosConvenidos;K1_Ano;NONCLUSTERED;0;0;0.0;0.0;0.0;0.0;;;0.015625;0.015625;0.007812;K1_Ano;0.0;NO USO
CCAF_LosAndes_DepositosConvenidos;K1_Id_Establecimiento;NONCLUSTERED;0;0;0.0;0.0;0.0;0.0;;;0.015625;0.015625;0.007812;K1_Id_Establecimiento;0.0;NO USO
CCAF_LosAndes_DepositosConvenidos;K1_Id_Funcionario;NONCLUSTERED;0;0;0.0;0.0;0.0;0.0;;;0.015625;0.015625;0.007812;K1_Id_Funcionario;0.0;NO USO
CCAF_LosAndes_DepositosConvenidos;K1_Mes;NONCLUSTERED;0;0;0.0;0.0;0.0;0.0;;;0.015625;0.015625;0.007812;K1_Mes;0.0;NO USO
CCAF_LosAndes_SIL;aaCCAF_LosAndes_SIL_PK;NONCLUSTERED;1;1;0.0;0.0;0.0;0.0;;;0.000000;0.000000;0.000000;K1_Id_Establecimiento,K1_Id_Funcionario,K1_Ano,K1_Mes;0.0;NO USO
CCAF_LosAndes_SIL;K1_Ano;NONCLUSTERED;0;0;0.0;0.0;0.0;0.0;;;0.000000;0.000000;0.000000;K1_Ano;0.0;NO USO
CCAF_LosAndes_SIL;K1_Id_Establecimiento;NONCLUSTERED;0;0;0.0;0.0;0.0;0.0;;;0.000000;0.000000;0.000000;K1_Id_Establecimiento;0.0;NO USO
CCAF_LosAndes_SIL;K1_Id_Funcionario;NONCLUSTERED;0;0;0.0;0.0;0.0;0.0;;;0.000000;0.000000;0.000000;K1_Id_Funcionario;0.0;NO USO
CCAF_LosAndes_SIL;K1_Mes;NONCLUSTERED;0;0;0.0;0.0;0.0;0.0;;;0.000000;0.000000;0.000000;K1_Mes;0.0;NO USO
Centros_Estudios;aaCentros_Estudios_PK;NONCLUSTERED;1;1;0.0;0.0;0.0;0.0;;;0.015625;0.015625;0.007812;Id_Centros_Estudios;0.0;NO USO
Centros_Estudios;Id_Centros_Estudios;NONCLUSTERED;0;0;0.0;0.0;0.0;0.0;;;0.015625;0.015625;0.007812;Id_Centros_Estudios;0.0;NO USO
Certificados;PK_Certificados;CLUSTERED;1;1;0.0;0.0;0.0;0.0;;;0.023437;0.023437;0.007812;Numero,Ano,Id_Funcionario;0.0;NO USO
Cheques;aaaaaCheques_PK;NONCLUSTERED;1;1;0.0;1.0;0.0;1.0;;2026-06-04 09:11:44.680;0.015625;0.015625;0.007812;ID_Numero;0.0;SIN BUSQUEDAS
Cheques;Id_Establecimiento;NONCLUSTERED;0;0;0.0;1.0;0.0;1.0;;2026-06-04 10:00:09.600;0.015625;0.015625;0.007812;Id_Establecimiento;0.0;SIN BUSQUEDAS
ClasificacionFuncionarios;aaClasificacionFuncionarios_PK;NONCLUSTERED;1;1;9.0;0.0;0.0;0.0;2026-06-04 09:07:07.633;;0.015625;0.015625;0.007812;Id_Clasificacion_INE;9.0;Beneficio Busqueda
CometidoFuncionario;aaaaaCometidoFuncionario_PK;NONCLUSTERED;1;1;0.0;0.0;0.0;0.0;;;0.015625;0.015625;0.007812;Id_Establecimiento,Id_Funcionario,Id_Cometido;0.0;NO USO
CometidoFuncionario;Id_Cometido;NONCLUSTERED;0;1;0.0;0.0;0.0;0.0;;;0.015625;0.015625;0.007812;Id_Cometido;0.0;NO USO
CometidoFuncionario;Id_Establecimiento;NONCLUSTERED;0;0;0.0;0.0;0.0;0.0;;;0.015625;0.015625;0.007812;Id_Establecimiento;0.0;NO USO
CometidoFuncionario;Id_Funcionario;NONCLUSTERED;0;0;0.0;0.0;0.0;0.0;;;0.015625;0.015625;0.007812;Id_Funcionario;0.0;NO USO
ComponentesINE;aaComponentesINE_PK;NONCLUSTERED;1;1;0.0;0.0;0.0;0.0;;;0.015625;0.015625;0.007812;Id_Componente_INE;0.0;NO USO
ComponentesINE;Id_Componente_INE;NONCLUSTERED;0;0;16.0;0.0;0.0;0.0;2026-06-04 09:07:07.720;;0.015625;0.015625;0.007812;Id_Componente_INE;16.0;Beneficio Busqueda
ComponentesINE;Orden;NONCLUSTERED;0;0;0.0;0.0;0.0;0.0;;;0.015625;0.015625;0.007812;Orden;0.0;NO USO
Constantes;aaaaaConstantes_PK;NONCLUSTERED;1;1;0.0;1.0;0.0;0.0;;2026-06-04 09:13:41.847;0.015625;0.015625;0.007812;Id_Constante;0.0;NO USO
Constantes;Id_Constante;NONCLUSTERED;0;1;28.0;0.0;0.0;0.0;2026-06-04 09:07:27.107;;0.015625;0.015625;0.007812;Id_Constante;28.0;Beneficio Busqueda
ContingenciaLeySanna;aaaContingenciaLeySanna_PK;NONCLUSTERED;1;1;0.0;0.0;0.0;0.0;;;0.015625;0.015625;0.007812;Codigo;0.0;NO USO
CuentaBanco;aaaaaCuentaBanco_PK;NONCLUSTERED;1;1;0.0;0.0;0.0;0.0;;;0.148437;0.078125;0.148437;Id_Establecimiento,Id_Funcionario;0.0;NO USO
CuentaBanco;Id_Establecimiento;NONCLUSTERED;0;0;0.0;0.0;0.0;0.0;;;0.140625;0.078125;0.132812;Id_Establecimiento;0.0;NO USO
CuentaBanco;Id_Funcionario;NONCLUSTERED;0;0;0.0;0.0;0.0;0.0;;;0.140625;0.054687;0.101562;Id_Funcionario;0.0;NO USO
DatosPersonales_Finiquito;aaDatosPersonales_Finiquito_PK;NONCLUSTERED;1;1;0.0;0.0;0.0;0.0;;;0.000000;0.000000;0.000000;Id_Establecimiento,Id_Funcionario,Correlativo,Fecha_Termino;0.0;NO USO
DatosPersonales_Finiquito;Codigo_Causal;NONCLUSTERED;0;0;0.0;0.0;0.0;0.0;;;0.000000;0.000000;0.000000;Codigo_Causal;0.0;NO USO
DatosPersonales_Finiquito;Codigo_Ley;NONCLUSTERED;0;0;0.0;0.0;0.0;0.0;;;0.000000;0.000000;0.000000;Codigo_Ley;0.0;NO USO
DatosPersonales_Finiquito;Correlativo;NONCLUSTERED;0;0;0.0;0.0;0.0;0.0;;;0.000000;0.000000;0.000000;Correlativo;0.0;NO USO
DatosPersonales_Finiquito;Estado_Finiquito;NONCLUSTERED;0;0;0.0;0.0;0.0;0.0;;;0.000000;0.000000;0.000000;Estado_Finiquito;0.0;NO USO
DatosPersonales_Finiquito;Fecha_Inicio;NONCLUSTERED;0;0;0.0;0.0;0.0;0.0;;;0.000000;0.000000;0.000000;Fecha_Inicio;0.0;NO USO
DatosPersonales_Finiquito;Fecha_Pago;NONCLUSTERED;0;0;0.0;0.0;0.0;0.0;;;0.000000;0.000000;0.000000;Fecha_Pago;0.0;NO USO
DatosPersonales_Finiquito;Fecha_Termino;NONCLUSTERED;0;0;0.0;0.0;0.0;0.0;;;0.000000;0.000000;0.000000;Fecha_Termino;0.0;NO USO
DatosPersonales_Finiquito;Id_Establecimiento;NONCLUSTERED;0;0;0.0;0.0;0.0;0.0;;;0.000000;0.000000;0.000000;Id_Establecimiento;0.0;NO USO
DatosPersonales_Finiquito;Id_Funcionario;NONCLUSTERED;0;0;0.0;0.0;0.0;0.0;;;0.000000;0.000000;0.000000;Id_Funcionario;0.0;NO USO
Decreto_Pago;aaDecreto_Pago_PK;NONCLUSTERED;1;1;0.0;0.0;0.0;0.0;;;0.015625;0.015625;0.031250;Ano_Proceso,ID_Haber;0.0;NO USO
Decreto_Pago;ID_Haber;NONCLUSTERED;0;0;0.0;0.0;0.0;0.0;;;0.015625;0.015625;0.015625;ID_Haber;0.0;NO USO
Decreto_Pago;SW_Clasificador2008;NONCLUSTERED;0;0;0.0;0.0;0.0;0.0;;;0.015625;0.015625;0.039062;SW_Clasificador2008;0.0;NO USO
DescuentoBienestar;aaaDescuentoBienestar_PK;NONCLUSTERED;1;1;0.0;0.0;0.0;0.0;;;0.000000;0.000000;0.000000;Id_Establecimiento,Id_Funcionario,Id_Bienestar;0.0;NO USO
DescuentoBienestar;Id_Bienestar;NONCLUSTERED;0;0;0.0;0.0;0.0;0.0;;;0.000000;0.000000;0.000000;Id_Bienestar;0.0;NO USO
DescuentoBienestar;Id_Establecimiento;NONCLUSTERED;0;0;0.0;0.0;0.0;0.0;;;0.000000;0.000000;0.000000;Id_Establecimiento;0.0;NO USO
DescuentoBienestar;Id_Funcionario;NONCLUSTERED;0;0;0.0;0.0;0.0;0.0;;;0.000000;0.000000;0.000000;Id_Funcionario;0.0;NO USO
Descuentos;aaaaaDescuentos_PK;NONCLUSTERED;1;1;9.0;0.0;0.0;0.0;2026-06-04 09:07:45.640;;0.015625;0.015625;0.007812;Id_Descuento;9.0;Beneficio Busqueda
Descuentos_Finiquito;aaDescuentos_Finiquito_PK;NONCLUSTERED;1;1;0.0;0.0;0.0;0.0;;;0.015625;0.015625;0.007812;Id_Dcto;0.0;NO USO
Descuentos_Finiquito;Id_Dcto;NONCLUSTERED;0;0;260.0;0.0;0.0;0.0;2026-06-04 09:07:18.480;;0.015625;0.015625;0.007812;Id_Dcto;260.0;Beneficio Busqueda
DescuentoSindicato;aaaDescuentoSindicato_PK;NONCLUSTERED;1;1;0.0;0.0;0.0;0.0;;;0.000000;0.000000;0.000000;Id_Establecimiento,Id_Funcionario,Id_Sindicato;0.0;NO USO
DescuentoSindicato;Id_Establecimiento;NONCLUSTERED;0;0;0.0;0.0;0.0;0.0;;;0.000000;0.000000;0.000000;Id_Establecimiento;0.0;NO USO
DescuentoSindicato;Id_Funcionario;NONCLUSTERED;0;0;0.0;0.0;0.0;0.0;;;0.000000;0.000000;0.000000;Id_Funcionario;0.0;NO USO
DescuentoSindicato;Id_Sindicato;NONCLUSTERED;0;0;0.0;0.0;0.0;0.0;;;0.000000;0.000000;0.000000;Id_Sindicato;0.0;NO USO
DescuentosNoEfectuados;aaaaaDescuentosNoEfectuados_PK;NONCLUSTERED;1;1;0.0;1.0;0.0;1.0;;2026-06-04 09:11:44.670;0.000000;0.000000;0.000000;Id_Establecimiento,Id_Funcionario,Id_Descuento;0.0;SIN BUSQUEDAS
DescuentosNoEfectuados;Id_Descuento;NONCLUSTERED;0;0;0.0;0.0;0.0;1.0;;;0.000000;0.000000;0.000000;Id_Descuento;0.0;SIN BUSQUEDAS
DescuentosNoEfectuados;Id_Establecimiento;NONCLUSTERED;0;0;0.0;0.0;0.0;1.0;;;0.000000;0.000000;0.000000;Id_Establecimiento;0.0;SIN BUSQUEDAS
DescuentosNoEfectuados;Id_Funcionario;NONCLUSTERED;0;0;0.0;1.0;0.0;1.0;;2026-06-04 10:00:09.590;0.000000;0.000000;0.000000;Id_Funcionario;0.0;SIN BUSQUEDAS
DescuentosNoEfectuadosSuple;aaaDescuentosNoEfectuadosSuple_PK;NONCLUSTERED;1;1;0.0;0.0;0.0;0.0;;;0.000000;0.000000;0.000000;Id_Establecimiento,Id_Funcionario,Id_ProcesoPs,Tipo_Horas,Mes,Ano,Id_Descuento;0.0;NO USO
Detalle_DecretoPago;aaDetalle_DecretoPago_PK;NONCLUSTERED;1;1;3939.0;299.0;0.0;0.0;2026-06-04 09:07:45.170;2026-06-04 09:07:03.407;48.445312;48.343750;48.195312;Ano_Proceso,Id_Haber,Tipo_Cuenta,Id_Establecimiento;3939.0;Beneficio Busqueda
Detalle_DecretoPago;Cta_CodigoTrabajo;NONCLUSTERED;0;0;0.0;0.0;0.0;0.0;;;68.945312;68.843750;68.445312;Cta_CodigoTrabajo;0.0;NO USO
Detalle_DecretoPago;Cta_Contrata;NONCLUSTERED;0;0;0.0;0.0;0.0;0.0;;;68.945312;68.851562;68.453125;Cta_Contrata;0.0;NO USO
Detalle_DecretoPago;Cta_Planta;NONCLUSTERED;0;0;0.0;0.0;0.0;0.0;;;68.945312;68.851562;68.453125;Cta_Planta;0.0;NO USO
Detalle_DecretoPago;Cta_Suplencia;NONCLUSTERED;0;0;0.0;0.0;0.0;0.0;;;68.945312;68.859375;68.460937;Cta_Suplencia;0.0;NO USO
DetalleCCAF;aaDetalleCCAF_PK;NONCLUSTERED;1;1;0.0;0.0;0.0;0.0;;;0.000000;0.000000;0.000000;Id_Descuento,Id_DescuentosCCAF;0.0;NO USO
DetalleDesDificil;aaaaaDetalleDesDificil_PK;NONCLUSTERED;1;1;0.0;1.0;0.0;0.0;;2026-06-04 09:10:10.903;0.000000;0.000000;0.000000;Id_Establecimiento,Id_Funcionario,Id_EstablecimientoAsig,Tipo_Horas,Id_EstablecimientoCcos;0.0;NO USO
Dias_Feriados;aaaaaDias_Feriados_PK;NONCLUSTERED;1;1;0.0;0.0;0.0;0.0;;;0.031250;0.031250;0.015625;Dia,Mes,Ano;0.0;NO USO
Dias_Feriados;Ano;NONCLUSTERED;0;0;0.0;0.0;0.0;0.0;;;0.078125;0.039062;0.023437;Ano;0.0;NO USO
Dias_Feriados;Dia;NONCLUSTERED;0;0;0.0;0.0;0.0;0.0;;;0.078125;0.031250;0.015625;Dia;0.0;NO USO
Dias_Feriados;Mes;NONCLUSTERED;0;0;0.0;0.0;0.0;0.0;;;0.078125;0.031250;0.015625;Mes;0.0;NO USO
DistribucionDesDificil;aaaaaDistribucionDesDificil_PK;NONCLUSTERED;1;1;0.0;0.0;0.0;0.0;;;0.000000;0.000000;0.000000;Mes,Ano,Id_Establecimiento;0.0;NO USO
DocenteCapRedEnlace;aaaaaDocenteCapRedEnlace_PK;NONCLUSTERED;1;1;0.0;0.0;0.0;0.0;;;0.015625;0.015625;0.007812;Id_Establecimiento,Id_Funcionario;0.0;NO USO
ErroresMigracionNet;ID;NONCLUSTERED;0;0;0.0;0.0;0.0;0.0;;;0.000000;0.000000;0.000000;Id;0.0;NO USO
ErroresMigracionNet;PK_ErroresMigracionNet;NONCLUSTERED;1;1;0.0;0.0;0.0;0.0;;;0.000000;0.000000;0.000000;Id;0.0;NO USO
Escalafones;aaaaaEscalafones_PK;NONCLUSTERED;1;1;0.0;0.0;0.0;0.0;;;0.015625;0.015625;0.007812;Id_Escalafon;0.0;NO USO
Escalafones;Id_Escalafon;NONCLUSTERED;0;0;0.0;0.0;0.0;0.0;;;0.015625;0.015625;0.007812;Id_Escalafon;0.0;NO USO
Establecimiento;aaaaaEstablecimiento_PK;NONCLUSTERED;1;1;0.0;0.0;0.0;0.0;;;0.015625;0.015625;0.007812;Id_Estable;0.0;NO USO
Establecimiento;IdEstablecimiento;NONCLUSTERED;0;0;0.0;5.0;0.0;0.0;;2026-06-04 09:07:27.167;0.015625;0.015625;0.007812;Id_Estable;0.0;NO USO
Estado_LME;aaaEstado_LME_PK;NONCLUSTERED;1;1;0.0;0.0;0.0;0.0;;;0.015625;0.015625;0.007812;Codigo;0.0;NO USO
EstadoCivil;aaaEstadoCivil_PK;CLUSTERED;1;1;10.0;0.0;0.0;0.0;2026-06-04 09:07:07.363;;0.015625;0.015625;0.007812;Codigo;10.0;Beneficio Busqueda
EstadoEstudio;aaaEstadoEstudio_PK;CLUSTERED;1;1;0.0;0.0;0.0;0.0;;;0.015625;0.015625;0.007812;Codigo_EstadoEstudio;0.0;NO USO
EstadoPrevisional;aaaEstadoPrevisional_PK;CLUSTERED;1;1;17.0;0.0;0.0;1.0;2026-06-04 09:07:14.390;;0.015625;0.015625;0.007812;Codigo;17.0;Beneficio Busqueda
Estamento;aaaEstamento_PK;CLUSTERED;1;1;0.0;0.0;0.0;0.0;;;0.015625;0.015625;0.007812;Codigo_Estamento;0.0;NO USO
Estamento_Dipres;aaaEstamento_Dipres_PK;CLUSTERED;1;1;0.0;0.0;0.0;0.0;;;0.070312;0.015625;0.007812;Codigo_EstamentoDipres;0.0;NO USO
FactorActual;PK_FactorActual;CLUSTERED;1;1;0.0;0.0;0.0;0.0;;;0.023437;0.023437;0.007812;Factor_AÑo;0.0;NO USO
Feriados;aaaaaFeriados_PK;NONCLUSTERED;1;1;0.0;0.0;0.0;0.0;;;0.265625;0.164062;0.140625;Id_Funcionario,Id_Establecimiento,Id_Periodo,Id_Correlativo;0.0;NO USO
Feriados;Id_Correlativo;NONCLUSTERED;0;1;0.0;0.0;0.0;0.0;;;0.171875;0.070312;0.054687;Id_Correlativo;0.0;NO USO
Feriados;Id_Establecimiento;NONCLUSTERED;0;0;0.0;0.0;0.0;0.0;;;0.195312;0.140625;0.125000;Id_Establecimiento;0.0;NO USO
Feriados;Id_Funcionario;NONCLUSTERED;0;0;0.0;0.0;0.0;0.0;;;0.179687;0.078125;0.062500;Id_Funcionario;0.0;NO USO
Feriados;Id_Periodo;NONCLUSTERED;0;0;0.0;0.0;0.0;0.0;;;0.171875;0.078125;0.062500;Id_Periodo;0.0;NO USO
Ficha_EducacionHrs;aaaaaFicha_EducacionHrs_PK;NONCLUSTERED;1;1;0.0;0.0;0.0;0.0;;;0.382812;0.242187;0.226562;Id_Establecimiento,Id_Funcionario,Tipo_Horas;0.0;NO USO
Ficha_EducacionHrs;Id_Establecimiento;NONCLUSTERED;0;0;0.0;0.0;0.0;0.0;;;0.320312;0.210937;0.195312;Id_Establecimiento;0.0;NO USO
Ficha_EducacionHrs;Id_Funcionario;NONCLUSTERED;0;0;0.0;0.0;0.0;0.0;;;0.320312;0.164062;0.148437;Id_Funcionario;0.0;NO USO
Ficha_EducacionHrs;Tipo_Horas;NONCLUSTERED;0;0;0.0;0.0;0.0;0.0;;;0.320312;0.164062;0.148437;Tipo_Horas;0.0;NO USO
FichaAfiliadoVoluntario;aaFichaAfiliadoVoluntario_PK;CLUSTERED;1;1;0.0;3.0;0.0;2.0;;2026-06-04 10:00:08.993;0.000000;0.000000;0.000000;Id_Establecimiento,Id_Funcionario,Rut_Afiliado;0.0;SIN BUSQUEDAS
FichaAfiliadoVoluntario;Id_Establecimiento;NONCLUSTERED;0;0;0.0;0.0;0.0;0.0;;;0.000000;0.000000;0.000000;Id_Establecimiento;0.0;NO USO
FichaAfiliadoVoluntario;Id_Funcionario;NONCLUSTERED;0;0;0.0;0.0;0.0;0.0;;;0.000000;0.000000;0.000000;Id_Funcionario;0.0;NO USO
FichaAfiliadoVoluntario;Rut_Afiliado;NONCLUSTERED;0;0;0.0;0.0;0.0;0.0;;;0.000000;0.000000;0.000000;Rut_Afiliado;0.0;NO USO
FichaDetalle_AEduca;aaFichaDetalle_AEduca_PK;NONCLUSTERED;1;1;0.0;1.0;0.0;0.0;;2026-06-04 09:10:10.897;0.000000;0.000000;0.000000;Id_Establecimiento,Id_Funcionario,Tipo_Horas;0.0;NO USO
FichaDetalle_AEduca;Id_Establecimiento;NONCLUSTERED;0;0;0.0;0.0;0.0;0.0;;;0.000000;0.000000;0.000000;Id_Establecimiento;0.0;NO USO
FichaDetalle_AEduca;Id_Funcionario;NONCLUSTERED;0;0;0.0;0.0;0.0;0.0;;;0.000000;0.000000;0.000000;Id_Funcionario;0.0;NO USO
FichaDetalle_AEduca;Tipo_Horas;NONCLUSTERED;0;0;0.0;0.0;0.0;0.0;;;0.000000;0.000000;0.000000;Tipo_Horas;0.0;NO USO
FichaEducacion;aaaaaFichaEducacion_PK;NONCLUSTERED;1;1;0.0;0.0;0.0;0.0;;;0.320312;0.179687;0.164062;Id_Establecimiento,Id_Funcionario;0.0;NO USO
FichaEducacion;FichaEducacion_Indice;NONCLUSTERED;0;0;0.0;0.0;0.0;0.0;;;0.320312;0.187500;0.171875;Id_Establecimiento,Id_Funcionario,Tipo_Funcionario;0.0;NO USO
FichaEducacion;Id_Cargo;NONCLUSTERED;0;0;0.0;0.0;0.0;0.0;;;0.257812;0.140625;0.125000;Id_Cargo;0.0;NO USO
FichaEducacion;Id_Escalafon;NONCLUSTERED;0;0;0.0;0.0;0.0;0.0;;;0.257812;0.140625;0.125000;Id_Escalafon;0.0;NO USO
FichaEducacion;Id_Establecimiento;NONCLUSTERED;0;0;0.0;0.0;0.0;0.0;;;0.320312;0.164062;0.148437;Id_Establecimiento;0.0;NO USO
FichaEducacion;Id_Funcionario;NONCLUSTERED;0;0;0.0;0.0;0.0;0.0;;;0.257812;0.125000;0.109375;Id_Funcionario;0.0;NO USO
FichaFuncionario;<Indice_liq>;NONCLUSTERED;0;0;0.0;0.0;0.0;0.0;;;0.320312;0.203125;0.187500;Rut;0.0;NO USO
FichaFuncionario;aaaaaFichaFuncionario_PK;NONCLUSTERED;1;1;0.0;0.0;0.0;0.0;;;0.320312;0.171875;0.156250;Id_Establecimiento,Id_Funcionario;0.0;NO USO
FichaFuncionario;Id_Establecimiento;NONCLUSTERED;0;0;0.0;0.0;0.0;0.0;;;0.320312;0.156250;0.140625;Id_Establecimiento;0.0;NO USO
FichaFuncionario;Id_Funcionario;NONCLUSTERED;0;0;3842.0;0.0;0.0;0.0;2026-06-04 09:13:41.823;;0.257812;0.125000;0.109375;Id_Funcionario;3842.0;Beneficio Busqueda
FichaLeyesPrevisional;aaFichaLeyesPrev_PK;NONCLUSTERED;1;1;0.0;0.0;0.0;0.0;;;0.257812;0.125000;0.109375;Id_Establecimiento,Id_Funcionario;0.0;NO USO
FichaLeyesPrevisional;Id_Establecimiento;NONCLUSTERED;0;0;0.0;0.0;0.0;0.0;;;0.257812;0.117187;0.101562;Id_Establecimiento;0.0;NO USO
FichaLeyesPrevisional;Id_Funcionario;NONCLUSTERED;0;0;0.0;0.0;0.0;0.0;;;0.195312;0.085937;0.070312;Id_Funcionario;0.0;NO USO
FichaPersonal;aaaaaFichaPersonal_PK;NONCLUSTERED;1;1;0.0;1.0;0.0;0.0;;2026-06-04 09:07:45.233;0.320312;0.171875;0.156250;Id_Establecimiento,Id_Funcionario;0.0;NO USO
FichaPersonal;Id_Establecimiento;NONCLUSTERED;0;0;0.0;0.0;0.0;0.0;;;0.320312;0.156250;0.140625;Id_Establecimiento;0.0;NO USO
FichaPersonal;Id_Funcionario;NONCLUSTERED;0;0;0.0;0.0;0.0;0.0;;;0.257812;0.125000;0.109375;Id_Funcionario;0.0;NO USO
Firmas_Liquidacion;aaaFirmas_Liquidacion_PK;CLUSTERED;1;1;0.0;0.0;0.0;0.0;;;0.000000;0.000000;0.000000;Id_Firma,Id_Funcionario,Tipo,Proceso,Mes,Ano;0.0;NO USO
FormatoCargaFamiliar;FechaInicio;NONCLUSTERED;0;0;0.0;0.0;0.0;0.0;;;0.000000;0.000000;0.000000;FechaInicio;0.0;NO USO
FormatoCargaFamiliar;FechaTermino;NONCLUSTERED;0;0;0.0;0.0;0.0;0.0;;;0.000000;0.000000;0.000000;FechaTermino;0.0;NO USO
FormatoCargaFamiliar;NombreArchivo;NONCLUSTERED;0;0;0.0;0.0;0.0;0.0;;;0.000000;0.000000;0.000000;NombreArchivo;0.0;NO USO
FormatoCargaLicencia;FechaInicio;NONCLUSTERED;0;0;0.0;0.0;0.0;0.0;;;0.015625;0.015625;0.007812;FechaInicio;0.0;NO USO
FormatoCargaLicencia;FechaTermino;NONCLUSTERED;0;0;0.0;0.0;0.0;0.0;;;0.015625;0.015625;0.007812;FechaTermino;0.0;NO USO
FormatoCargaLicencia;NombreArchivo;NONCLUSTERED;0;0;0.0;0.0;0.0;0.0;;;0.015625;0.015625;0.007812;NombreArchivo;0.0;NO USO
FuncionariosDocentesConFeriados;aaaaaFuncionariosDocentesConFeriados_PK;NONCLUSTERED;1;1;0.0;0.0;0.0;0.0;;;0.015625;0.015625;0.007812;Id_Establecimiento,Id_Funcionario;0.0;NO USO
FuncionarioSuplementaria;aaFuncionarioSuplementaria_PK;NONCLUSTERED;1;1;0.0;0.0;0.0;0.0;;;17.757812;17.695312;17.617187;Id_Establecimiento,Id_Funcionario,Id_ProcesoPs,Tipo_Horas,Mes,Ano;0.0;NO USO
FuncionarioSuplementaria_AEduca;aaFuncionarioSuplementaria_AEduca_PK;NONCLUSTERED;1;1;0.0;0.0;0.0;0.0;;;0.000000;0.000000;0.000000;Id_Establecimiento,Id_Funcionario,Id_ProcesoPs,Tipo_Horas,Mes,Ano;0.0;NO USO
GrupoFamiliar;aaaaaGrupoFamiliar_PK;NONCLUSTERED;1;1;0.0;0.0;0.0;0.0;;;0.140625;0.054687;0.132812;Id_Establecimiento,Id_Funcionario,Id_Carga_Carga;0.0;NO USO
GrupoFamiliar;Id_Carga_Carga;NONCLUSTERED;0;0;0.0;0.0;0.0;0.0;;;0.078125;0.031250;0.070312;Id_Carga_Carga;0.0;NO USO
GrupoFamiliar;Id_Establecimiento;NONCLUSTERED;0;0;0.0;0.0;0.0;0.0;;;0.140625;0.070312;0.117187;Id_Establecimiento;0.0;NO USO
GrupoFamiliar;Id_Funcionario;NONCLUSTERED;0;0;0.0;0.0;0.0;0.0;;;0.156250;0.062500;0.085937;Id_Funcionario;0.0;NO USO
Haberes;aaaaaHaberes_PK;NONCLUSTERED;1;1;0.0;0.0;0.0;0.0;;;0.015625;0.015625;0.007812;Id_Haber;0.0;NO USO
Haberes;HaberModo;NONCLUSTERED;0;0;0.0;0.0;0.0;0.0;;;0.015625;0.015625;0.007812;HaberModo;0.0;NO USO
Haberes;Id_Haber;NONCLUSTERED;0;1;7.0;0.0;0.0;0.0;2026-06-04 10:53:21.910;;0.015625;0.015625;0.007812;Id_Haber;7.0;Beneficio Busqueda
Haberes_Finiquito;aaHaberes_Finiquito_PK;NONCLUSTERED;1;1;0.0;0.0;0.0;0.0;;;0.015625;0.015625;0.007812;Id_Haber;0.0;NO USO
Haberes_Finiquito;Id_Haber;NONCLUSTERED;0;0;466.0;0.0;0.0;0.0;2026-06-04 09:07:17.183;;0.015625;0.015625;0.007812;Id_Haber;466.0;Beneficio Busqueda
Haberes_Sistema;aaaHaberes_Sistema_PK;CLUSTERED;1;1;19.0;0.0;0.0;2.0;2026-06-04 09:07:27.160;;0.015625;0.015625;0.007812;Id_Haber;19.0;Beneficio Busqueda
Haberes_Sistema;Id_Haber;NONCLUSTERED;0;0;0.0;0.0;0.0;0.0;;;0.015625;0.015625;0.007812;Id_Haber;0.0;NO USO
HaberesEncasillamiento;aaaHaberesEncasillamiento_PK;CLUSTERED;1;1;0.0;0.0;0.0;0.0;;;0.101562;0.046875;0.023437;Id_Haber;0.0;NO USO
HaberesEncasillamiento;Id_Haber;NONCLUSTERED;0;0;0.0;0.0;0.0;0.0;;;0.015625;0.015625;0.007812;Id_Haber;0.0;NO USO
HaberesINE;aaHaberesINE_PK;NONCLUSTERED;1;1;0.0;0.0;0.0;0.0;;;0.015625;0.015625;0.007812;Id_Haber;0.0;NO USO
HaberesINE;Id_Componente_INE;NONCLUSTERED;0;0;0.0;0.0;0.0;0.0;;;0.015625;0.015625;0.007812;Id_Componente_INE;0.0;NO USO
HaberesINE;Id_Haber;NONCLUSTERED;0;0;471.0;0.0;0.0;0.0;2026-06-04 09:07:10.537;;0.015625;0.015625;0.007812;Id_Haber;471.0;Beneficio Busqueda
Historial_Contratos;aaaaaHistorial_Contratos_PK;NONCLUSTERED;1;1;2100.0;0.0;0.0;1641.0;2026-06-04 09:13:41.833;;8.132812;8.093750;8.054687;Id_Funcionario,Id_Establecimiento,Id_Correlativo;2100.0;Beneficio Busqueda
Historial_Contratos;Fecha_Ingreso;NONCLUSTERED;0;0;0.0;0.0;0.0;1641.0;;;6.632812;6.554687;6.515625;Fecha_Ingreso;0.0;SIN BUSQUEDAS
Historial_Contratos;Fecha_Inicio;NONCLUSTERED;0;0;3637.0;0.0;0.0;1641.0;2026-06-04 09:13:41.720;;6.703125;6.609375;6.562500;Fecha_Inicio;3637.0;Beneficio Busqueda
Historial_Contratos;Fecha_Termino;NONCLUSTERED;0;0;178.0;0.0;0.0;1641.0;2026-06-04 09:12:56.280;;5.390625;5.359375;5.312500;Fecha_Termino;178.0;Relevante costo de mantenimiento
Historial_Contratos;Id_Correlativo;NONCLUSTERED;0;0;0.0;0.0;0.0;1641.0;;;5.515625;5.406250;5.367187;Id_Correlativo;0.0;SIN BUSQUEDAS
Historial_Contratos;Id_Establecimiento;NONCLUSTERED;0;0;0.0;0.0;0.0;1641.0;;;6.382812;6.312500;6.273437;Id_Establecimiento;0.0;SIN BUSQUEDAS
Historial_Contratos;Id_funcionario;NONCLUSTERED;0;0;0.0;0.0;0.0;1641.0;;;4.820312;4.781250;4.750000;Id_Funcionario;0.0;SIN BUSQUEDAS
Historial_Egreso;aaaaaHistorial_Egreso_PK;NONCLUSTERED;1;1;0.0;0.0;0.0;0.0;;;0.000000;0.000000;0.000000;Rut_Funcionario,Id_Establecimiento,Id_HistE;0.0;NO USO
Historial_Egreso;Id_Establecimiento;NONCLUSTERED;0;0;0.0;0.0;0.0;0.0;;;0.000000;0.000000;0.000000;Id_Establecimiento;0.0;NO USO
Historial_Egreso;Id_Historial;NONCLUSTERED;0;1;0.0;0.0;0.0;0.0;;;0.000000;0.000000;0.000000;Id_HistE;0.0;NO USO
Historial_Egreso;Rut_Funcionario;NONCLUSTERED;0;0;0.0;0.0;0.0;0.0;;;0.000000;0.000000;0.000000;Rut_Funcionario;0.0;NO USO
Historial_Egreso1;aaaaaHistorial_Egreso1_PK;NONCLUSTERED;1;1;0.0;0.0;0.0;0.0;;;0.015625;0.015625;0.007812;Id_Funcionario,Id_Establecimiento,Id_HistE;0.0;NO USO
HistorialUnidadE;aaaaaHistorialUnidadE_PK;NONCLUSTERED;1;1;0.0;0.0;0.0;0.0;;;0.000000;0.000000;0.000000;Rut_Funcionario,Id_Historial;0.0;NO USO
HistorialUnidadE;Id_Funcionario;NONCLUSTERED;0;0;0.0;0.0;0.0;0.0;;;0.000000;0.000000;0.000000;Rut_Funcionario;0.0;NO USO
HistorialUnidadE;Id_Historial;NONCLUSTERED;0;1;0.0;0.0;0.0;0.0;;;0.000000;0.000000;0.000000;Id_Historial;0.0;NO USO
HistoricoAfp;aaHistoricoAfp_PK;NONCLUSTERED;1;1;19.0;0.0;0.0;19.0;2026-06-04 09:11:45.160;;0.187500;0.093750;0.085937;Id_Afp,Mes,Ano;19.0;Beneficio Busqueda
HistoricoAfp;Ano;NONCLUSTERED;0;0;0.0;0.0;0.0;19.0;;;0.187500;0.078125;0.070312;Ano;0.0;SIN BUSQUEDAS
HistoricoAfp;Id_Afp;NONCLUSTERED;0;0;0.0;0.0;0.0;19.0;;;0.125000;0.070312;0.062500;Id_Afp;0.0;SIN BUSQUEDAS
HistoricoAfp;Mes;NONCLUSTERED;0;0;0.0;0.0;0.0;19.0;;;0.179687;0.085937;0.085937;Mes;0.0;SIN BUSQUEDAS
HistoricoBienios;AnoProceso;NONCLUSTERED;0;0;0.0;0.0;0.0;0.0;;;0.257812;0.101562;0.085937;AnoProceso;0.0;NO USO
HistoricoBienios;MesProceso;NONCLUSTERED;0;0;0.0;0.0;0.0;0.0;;;0.257812;0.101562;0.085937;MesProceso;0.0;NO USO
HistoricoBienios;PK_HistoricoBienios;NONCLUSTERED;1;1;0.0;0.0;0.0;0.0;;;0.382812;0.226562;0.210937;Contador,Rut,AnoProceso,MesProceso;0.0;NO USO
HistoricoBienios;Rut;NONCLUSTERED;0;0;0.0;0.0;0.0;0.0;;;0.257812;0.148437;0.132812;Rut;0.0;NO USO
HistoricoCambioEstablecimiento;aaHistoricoCambioEstablecimiento_PK;NONCLUSTERED;1;1;0.0;0.0;0.0;0.0;;;0.335937;0.195312;0.265625;Id_Funcionario,Mes,Ano;0.0;NO USO
HistoricoCambioEstablecimiento;Ano;NONCLUSTERED;0;0;0.0;0.0;0.0;0.0;;;0.265625;0.171875;0.242187;Ano;0.0;NO USO
HistoricoCambioEstablecimiento;Id_Funcionario;NONCLUSTERED;0;0;0.0;0.0;0.0;0.0;;;0.273437;0.156250;0.195312;Id_Funcionario;0.0;NO USO
HistoricoCambioEstablecimiento;Mes;NONCLUSTERED;0;0;0.0;0.0;0.0;0.0;;;0.265625;0.187500;0.234375;Mes;0.0;NO USO
HistoricoCargasRetroactivas;aaHistoricoCargasRetroactivas_PK;NONCLUSTERED;1;1;0.0;0.0;0.0;10.0;;;0.265625;0.171875;0.218750;Id_Establecimiento,Id_Funcionario,Mes,Ano,TipoCarga_Retro,Id_Carga_Retro;0.0;SIN BUSQUEDAS
HistoricoCargasRetroactivas;Ano;NONCLUSTERED;0;0;1.0;0.0;0.0;10.0;2026-06-04 09:11:44.870;;0.164062;0.078125;0.093750;Ano;1.0;Relevante costo de mantenimiento
HistoricoCargasRetroactivas;Id_Carga_Retro;NONCLUSTERED;0;0;0.0;0.0;0.0;10.0;;;0.234375;0.109375;0.117187;Id_Carga_Retro;0.0;SIN BUSQUEDAS
HistoricoCargasRetroactivas;Id_Establecimiento;NONCLUSTERED;0;0;0.0;0.0;0.0;10.0;;;0.226562;0.109375;0.125000;Id_Establecimiento;0.0;SIN BUSQUEDAS
HistoricoCargasRetroactivas;Id_Funcionario;NONCLUSTERED;0;0;0.0;0.0;0.0;10.0;;;0.171875;0.085937;0.093750;Id_Funcionario;0.0;SIN BUSQUEDAS
HistoricoCargasRetroactivas;Mes;NONCLUSTERED;0;0;1.0;0.0;0.0;10.0;2026-06-04 09:11:44.870;;0.234375;0.125000;0.132812;Mes;1.0;Relevante costo de mantenimiento
HistoricoCargasRetroactivas;TipoCarga_Retro;NONCLUSTERED;0;0;0.0;0.0;0.0;10.0;;;0.156250;0.085937;0.109375;TipoCarga_Retro;0.0;SIN BUSQUEDAS
HistoricoCheques;aaaaaHistoricoCheques_PK;NONCLUSTERED;1;1;0.0;0.0;0.0;0.0;;;0.015625;0.015625;0.007812;ID_Numero,Mes,Ano;0.0;NO USO
HistoricoCheques;Ano;NONCLUSTERED;0;0;0.0;0.0;0.0;0.0;;;0.015625;0.015625;0.007812;Ano;0.0;NO USO
HistoricoCheques;Id_Establecimiento;NONCLUSTERED;0;0;0.0;0.0;0.0;0.0;;;0.015625;0.015625;0.007812;Id_Establecimiento;0.0;NO USO
HistoricoCheques;ID_Numero;NONCLUSTERED;0;0;0.0;0.0;0.0;0.0;;;0.015625;0.015625;0.007812;ID_Numero;0.0;NO USO
HistoricoCheques;Mes;NONCLUSTERED;0;0;0.0;0.0;0.0;0.0;;;0.015625;0.015625;0.007812;Mes;0.0;NO USO
HistoricoConstantes;aaHistoricoConstantes_PK;NONCLUSTERED;1;1;46.0;0.0;0.0;46.0;2026-06-04 09:13:42.247;;0.234375;0.132812;0.140625;Ano,Mes,Id_Constante;46.0;Beneficio Busqueda
HistoricoConstantes;Rut;NONCLUSTERED;0;0;0.0;0.0;0.0;46.0;;;0.296875;0.156250;0.164062;Ano;0.0;SIN BUSQUEDAS
HistoricoCuentaBanco;aaaaaHistoricoCuentaBanco_PK;NONCLUSTERED;1;1;4427.0;0.0;0.0;4427.0;2026-06-04 09:09:22.047;;23.695312;23.632812;23.546875;Id_Establecimiento,Id_Funcionario,Mes,Ano;4427.0;Beneficio Busqueda
HistoricoCuentaBanco;Ano;NONCLUSTERED;0;0;0.0;0.0;0.0;4427.0;;;11.390625;11.328125;11.273437;Ano;0.0;SIN BUSQUEDAS
HistoricoCuentaBanco;Id_Establecimiento;NONCLUSTERED;0;0;0.0;0.0;0.0;4427.0;;;16.453125;16.437500;16.328125;Id_Establecimiento;0.0;SIN BUSQUEDAS
HistoricoCuentaBanco;Id_Funcionario;NONCLUSTERED;0;0;0.0;0.0;0.0;4427.0;;;14.007812;13.992187;13.937500;Id_Funcionario;0.0;SIN BUSQUEDAS
HistoricoCuentaBanco;Mes;NONCLUSTERED;0;0;0.0;0.0;0.0;4427.0;;;11.390625;11.367187;11.304687;Mes;0.0;SIN BUSQUEDAS
HistoricoDctosNoEfectuados;aaaaaHistoricoDctosNoEfectu_PK;NONCLUSTERED;1;1;0.0;0.0;0.0;0.0;;;0.000000;0.000000;0.000000;Id_Establecimiento,Id_Funcionario,Id_Descuento,Mes,Ano;0.0;NO USO
HistoricoDctosNoEfectuados;Ano;NONCLUSTERED;0;0;0.0;0.0;0.0;0.0;;;0.000000;0.000000;0.000000;Ano;0.0;NO USO
HistoricoDctosNoEfectuados;Id_Descuento;NONCLUSTERED;0;0;0.0;0.0;0.0;0.0;;;0.000000;0.000000;0.000000;Id_Descuento;0.0;NO USO
HistoricoDctosNoEfectuados;Id_Establecimiento;NONCLUSTERED;0;0;0.0;0.0;0.0;0.0;;;0.000000;0.000000;0.000000;Id_Establecimiento;0.0;NO USO
HistoricoDctosNoEfectuados;Id_Funcionario;NONCLUSTERED;0;0;0.0;0.0;0.0;0.0;;;0.000000;0.000000;0.000000;Id_Funcionario;0.0;NO USO
HistoricoDctosNoEfectuados;Mes;NONCLUSTERED;0;0;0.0;0.0;0.0;0.0;;;0.000000;0.000000;0.000000;Mes;0.0;NO USO
HistoricoDetalleDesDificil;aaaaaHistoricoDetalleDesDificil_PK;NONCLUSTERED;1;1;0.0;0.0;0.0;0.0;;;0.000000;0.000000;0.000000;Id_Establecimiento,Id_Funcionario,Id_EstablecimientoAsig,Tipo_Horas,Id_EstablecimientoCcos,Mes,Ano;0.0;NO USO
HistoricoFicha_EducacionHrs;aaaaaHistoricoFicha_Educaci_PK;NONCLUSTERED;1;1;9248.0;0.0;0.0;9247.0;2026-06-04 09:11:45.383;;48.070312;47.992187;47.828125;Id_Establecimiento,Id_Funcionario,Tipo_Horas,Mes,Ano;9248.0;Beneficio Busqueda
HistoricoFicha_EducacionHrs;Ano;NONCLUSTERED;0;0;0.0;0.0;0.0;9247.0;;;21.757812;21.750000;21.679687;Ano;0.0;SIN BUSQUEDAS
HistoricoFicha_EducacionHrs;Id_Establecimiento;NONCLUSTERED;0;0;0.0;0.0;0.0;9247.0;;;30.445312;30.398437;30.218750;Id_Establecimiento;0.0;SIN BUSQUEDAS
HistoricoFicha_EducacionHrs;Id_Funcionario;NONCLUSTERED;0;0;0.0;0.0;0.0;9247.0;;;26.570312;26.500000;26.421875;Id_Funcionario;0.0;SIN BUSQUEDAS
HistoricoFicha_EducacionHrs;Mes;NONCLUSTERED;0;0;0.0;0.0;0.0;9247.0;;;22.632812;22.585937;22.507812;Mes;0.0;SIN BUSQUEDAS
HistoricoFicha_EducacionHrs;Tipo_Horas;NONCLUSTERED;0;0;0.0;0.0;0.0;9247.0;;;26.570312;26.500000;26.421875;Tipo_Horas;0.0;SIN BUSQUEDAS
HistoricoFichaAfiliadoVoluntario;aaHistoFichaAfiliadoVoluntario_PK;CLUSTERED;1;1;0.0;0.0;0.0;0.0;;;0.000000;0.000000;0.000000;Id_Establecimiento,Id_Funcionario,Mes,Ano,Rut_Afiliado;0.0;NO USO
HistoricoFichaAfiliadoVoluntario;Ano;NONCLUSTERED;0;0;0.0;0.0;0.0;0.0;;;0.000000;0.000000;0.000000;Ano;0.0;NO USO
HistoricoFichaAfiliadoVoluntario;Id_Establecimiento;NONCLUSTERED;0;0;0.0;0.0;0.0;0.0;;;0.000000;0.000000;0.000000;Id_Establecimiento;0.0;NO USO
HistoricoFichaAfiliadoVoluntario;Id_Funcionario;NONCLUSTERED;0;0;0.0;0.0;0.0;0.0;;;0.000000;0.000000;0.000000;Id_Funcionario;0.0;NO USO
HistoricoFichaAfiliadoVoluntario;Mes;NONCLUSTERED;0;0;0.0;0.0;0.0;0.0;;;0.000000;0.000000;0.000000;Mes;0.0;NO USO
HistoricoFichaAfiliadoVoluntario;Rut_Afiliado;NONCLUSTERED;0;0;0.0;0.0;0.0;0.0;;;0.000000;0.000000;0.000000;Rut_Afiliado;0.0;NO USO
HistoricoFichaDetalle_AEduca;aaHistoricoFichaDetalle_AEduca_PK;NONCLUSTERED;1;1;0.0;0.0;0.0;0.0;;;0.000000;0.000000;0.000000;Id_Establecimiento,Id_Funcionario,Tipo_Horas,Mes,Ano;0.0;NO USO
HistoricoFichaDetalle_AEduca;Ano;NONCLUSTERED;0;0;0.0;0.0;0.0;0.0;;;0.000000;0.000000;0.000000;Ano;0.0;NO USO
HistoricoFichaDetalle_AEduca;Id_Establecimiento;NONCLUSTERED;0;0;0.0;0.0;0.0;0.0;;;0.000000;0.000000;0.000000;Id_Establecimiento;0.0;NO USO
HistoricoFichaDetalle_AEduca;Id_Funcionario;NONCLUSTERED;0;0;0.0;0.0;0.0;0.0;;;0.000000;0.000000;0.000000;Id_Funcionario;0.0;NO USO
HistoricoFichaDetalle_AEduca;Mes;NONCLUSTERED;0;0;0.0;0.0;0.0;0.0;;;0.000000;0.000000;0.000000;Mes;0.0;NO USO
HistoricoFichaDetalle_AEduca;Tipo_Horas;NONCLUSTERED;0;0;0.0;0.0;0.0;0.0;;;0.000000;0.000000;0.000000;Tipo_Horas;0.0;NO USO
HistoricoFichaEducacion;aaaaaHistoricoFichaEducacio_PK;NONCLUSTERED;1;1;6859.0;0.0;0.0;6858.0;2026-06-04 09:11:45.383;;32.757812;32.734375;32.625000;Id_Establecimiento,Id_Funcionario,Mes,Ano;6859.0;Beneficio Busqueda
HistoricoFichaEducacion;Ano;NONCLUSTERED;0;0;0.0;0.0;0.0;6858.0;;;15.882812;15.812500;15.757812;Ano;0.0;SIN BUSQUEDAS
HistoricoFichaEducacion;Id_Establecimiento;NONCLUSTERED;0;0;0.0;0.0;0.0;6858.0;;;22.445312;22.398437;22.265625;Id_Establecimiento;0.0;SIN BUSQUEDAS
HistoricoFichaEducacion;Id_Funcionario;NONCLUSTERED;0;0;0.0;0.0;0.0;6858.0;;;19.382812;19.375000;19.312500;Id_Funcionario;0.0;SIN BUSQUEDAS
HistoricoFichaEducacion;Mes;NONCLUSTERED;0;0;0.0;0.0;0.0;6858.0;;;16.007812;15.953125;15.890625;Mes;0.0;SIN BUSQUEDAS
HistoricoFichaFuncionario;aaaaaHistoricoFichaFunciona_PK;NONCLUSTERED;1;1;6858.0;0.0;0.0;6858.0;2026-06-04 09:09:22.060;;32.757812;32.734375;32.625000;Id_Establecimiento,Id_Funcionario,Mes,Ano;6858.0;Beneficio Busqueda
HistoricoFichaFuncionario;Ano;NONCLUSTERED;0;0;0.0;0.0;0.0;6858.0;;;15.890625;15.867187;15.804687;Ano;0.0;SIN BUSQUEDAS
HistoricoFichaFuncionario;Id_Establecimiento;NONCLUSTERED;0;0;0.0;0.0;0.0;6858.0;;;22.640625;22.609375;22.468750;Id_Establecimiento;0.0;SIN BUSQUEDAS
HistoricoFichaFuncionario;Id_Funcionario;NONCLUSTERED;0;0;0.0;0.0;0.0;6858.0;;;19.382812;19.375000;19.312500;Id_Funcionario;0.0;SIN BUSQUEDAS
HistoricoFichaFuncionario;Indice_Licencias;NONCLUSTERED;0;0;0.0;0.0;0.0;6858.0;;;35.515625;35.468750;35.257812;Id_Isapre,Mes,Ano,Activo,Rut;0.0;SIN BUSQUEDAS
HistoricoFichaFuncionario;Mes;NONCLUSTERED;0;0;0.0;0.0;0.0;6858.0;;;16.390625;16.375000;16.304687;Mes;0.0;SIN BUSQUEDAS
HistoricoFichaLeyesPrevisional;aaHistoricoFichaLeyesPrev_PK;NONCLUSTERED;1;1;4258.0;0.0;0.0;4258.0;2026-06-04 09:10:59.767;;17.882812;17.828125;17.757812;Id_Establecimiento,Id_Funcionario,Mes,Ano;4258.0;Beneficio Busqueda
HistoricoFichaLeyesPrevisional;Ano;NONCLUSTERED;0;0;0.0;0.0;0.0;4258.0;;;8.640625;8.601562;8.554687;Ano;0.0;SIN BUSQUEDAS
HistoricoFichaLeyesPrevisional;Id_Establecimiento;NONCLUSTERED;0;0;0.0;0.0;0.0;4258.0;;;12.828125;12.820312;12.726562;Id_Establecimiento;0.0;SIN BUSQUEDAS
HistoricoFichaLeyesPrevisional;Id_Funcionario;NONCLUSTERED;0;0;0.0;0.0;0.0;4258.0;;;10.632812;10.562500;10.515625;Id_Funcionario;0.0;SIN BUSQUEDAS
HistoricoFichaLeyesPrevisional;Mes;NONCLUSTERED;0;0;0.0;0.0;0.0;4258.0;;;8.765625;8.726562;8.664062;Mes;0.0;SIN BUSQUEDAS
HistoricoGrupoFamiliar;aaHistoricoGrupoFamiliar_PK;NONCLUSTERED;1;1;0.0;0.0;0.0;0.0;;;0.000000;0.000000;0.000000;Ano,Mes,Id_Establecimiento,Id_Funcionario,Id_Carga_Carga;0.0;NO USO
HistoricoGrupoFamiliar;Ano;NONCLUSTERED;0;0;0.0;0.0;0.0;0.0;;;0.000000;0.000000;0.000000;Ano;0.0;NO USO
HistoricoGrupoFamiliar;Id_Carga_Carga;NONCLUSTERED;0;0;0.0;0.0;0.0;0.0;;;0.000000;0.000000;0.000000;Id_Carga_Carga;0.0;NO USO
HistoricoGrupoFamiliar;Id_Establecimiento;NONCLUSTERED;0;0;0.0;0.0;0.0;0.0;;;0.000000;0.000000;0.000000;Id_Establecimiento;0.0;NO USO
HistoricoGrupoFamiliar;Id_Funcionario;NONCLUSTERED;0;0;0.0;0.0;0.0;0.0;;;0.000000;0.000000;0.000000;Id_Funcionario;0.0;NO USO
HistoricoGrupoFamiliar;Mes;NONCLUSTERED;0;0;0.0;0.0;0.0;0.0;;;0.000000;0.000000;0.000000;Mes;0.0;NO USO
HistoricoImpuesto;PK_HistoricoImpuesto;CLUSTERED;1;1;0.0;0.0;0.0;0.0;;;0.023437;0.023437;0.007812;Id_FechaDesde,Id_FechaHasta,Id_Tramo;0.0;NO USO
HistoricoIsapres;aaHistoricoIsapres_PK;NONCLUSTERED;1;1;14.0;0.0;0.0;14.0;2026-06-04 09:11:45.323;;0.171875;0.062500;0.062500;Id_Isapre,Mes,Ano;14.0;Beneficio Busqueda
HistoricoIsapres;Ano;NONCLUSTERED;0;0;0.0;0.0;0.0;14.0;;;0.125000;0.070312;0.046875;Ano;0.0;SIN BUSQUEDAS
HistoricoIsapres;Id_Isapre;NONCLUSTERED;0;0;0.0;0.0;0.0;14.0;;;0.179687;0.070312;0.046875;Id_Isapre;0.0;SIN BUSQUEDAS
HistoricoIsapres;Mes;NONCLUSTERED;0;0;0.0;0.0;0.0;14.0;;;0.132812;0.085937;0.062500;Mes;0.0;SIN BUSQUEDAS
HistoricoLiquidacion;aaaaaHistoricoLiquidacion_PK;NONCLUSTERED;1;1;1541.0;0.0;0.0;1541.0;2026-06-04 09:11:07.963;;12.632812;12.562500;12.507812;Id_Establecimiento,Id_Funcionario,Mes,Ano;1541.0;Beneficio Busqueda
HistoricoLiquidacion;Ano;NONCLUSTERED;0;0;0.0;0.0;0.0;1541.0;;;6.132812;6.039062;6.007812;Ano;0.0;SIN BUSQUEDAS
HistoricoLiquidacion;Id_Estable;NONCLUSTERED;0;0;0.0;0.0;0.0;1541.0;;;8.570312;8.531250;8.476562;Id_Establecimiento;0.0;SIN BUSQUEDAS
HistoricoLiquidacion;Id_Funcionario;NONCLUSTERED;0;0;0.0;0.0;0.0;1541.0;;;7.507812;7.468750;7.429687;Id_Funcionario;0.0;SIN BUSQUEDAS
HistoricoLiquidacion;Mes;NONCLUSTERED;0;0;0.0;0.0;0.0;1541.0;;;7.570312;7.531250;7.484375;Mes;0.0;SIN BUSQUEDAS
HistoricoLiquidacionHrs;aaaaaHistoricoLiquidacionHr_PK;NONCLUSTERED;1;1;2047.0;1.0;0.0;2047.0;2026-06-04 09:11:17.923;2026-06-04 09:11:45.383;17.507812;17.484375;17.414062;Id_Establecimiento,Id_Funcionario,Tipo_Horas,Mes,Ano;2047.0;Beneficio Busqueda
HistoricoLiquidacionHrs;Ano;NONCLUSTERED;0;0;0.0;0.0;0.0;2047.0;;;9.820312;9.742187;9.703125;Ano;0.0;SIN BUSQUEDAS
HistoricoLiquidacionHrs;Id_Establecimiento;NONCLUSTERED;0;0;0.0;0.0;0.0;2047.0;;;11.007812;10.960937;10.890625;Id_Establecimiento;0.0;SIN BUSQUEDAS
HistoricoLiquidacionHrs;Id_Funcionario;NONCLUSTERED;0;0;0.0;0.0;0.0;2047.0;;;9.757812;9.679687;9.640625;Id_Funcionario;0.0;SIN BUSQUEDAS
HistoricoLiquidacionHrs;Id_TipoContrato;NONCLUSTERED;0;0;0.0;0.0;0.0;2047.0;;;8.882812;8.851562;8.796875;Id_TipoContrato;0.0;SIN BUSQUEDAS
HistoricoLiquidacionHrs;Mes;NONCLUSTERED;0;0;0.0;0.0;0.0;2047.0;;;7.945312;7.914062;7.867187;Mes;0.0;SIN BUSQUEDAS
HistoricoLiquidacionHrs;Tipo_Horas;NONCLUSTERED;0;0;0.0;0.0;0.0;2047.0;;;9.757812;9.679687;9.640625;Tipo_Horas;0.0;SIN BUSQUEDAS
HistoricoLiquidacionHrs_AEduca;aaHistoricoLiquidacionHrs_AEduca_PK;NONCLUSTERED;1;1;0.0;0.0;0.0;0.0;;;0.000000;0.000000;0.000000;Id_Establecimiento,Id_Funcionario,Tipo_Horas,Mes,Ano;0.0;NO USO
HistoricoMovDctos;aaHistoricoMovDctos_PK;NONCLUSTERED;1;1;8.0;0.0;0.0;8.0;2026-06-04 09:11:44.783;;0.148437;0.093750;0.125000;Id_Establecimiento,Id_Funcionario,Mes,Ano,Tipo_Hd,Id_Hd;8.0;Beneficio Busqueda
HistoricoMovDctos;Ano;NONCLUSTERED;0;0;0.0;0.0;0.0;8.0;;;0.164062;0.054687;0.062500;Ano;0.0;SIN BUSQUEDAS
HistoricoMovDctos;Id_Establecimiento;NONCLUSTERED;0;0;0.0;0.0;0.0;8.0;;;0.164062;0.054687;0.070312;Id_Establecimiento;0.0;SIN BUSQUEDAS
HistoricoMovDctos;Id_Funcionario;NONCLUSTERED;0;0;0.0;0.0;0.0;8.0;;;0.101562;0.046875;0.054687;Id_Funcionario;0.0;SIN BUSQUEDAS
HistoricoMovDctos;Id_Hd;NONCLUSTERED;0;0;0.0;0.0;0.0;8.0;;;0.179687;0.085937;0.085937;Id_Hd;0.0;SIN BUSQUEDAS
HistoricoMovDctos;Mes;NONCLUSTERED;0;0;0.0;0.0;0.0;8.0;;;0.109375;0.054687;0.062500;Mes;0.0;SIN BUSQUEDAS
HistoricoMovDctos;Tipo_Hd;NONCLUSTERED;0;0;0.0;0.0;0.0;8.0;;;0.179687;0.085937;0.085937;Tipo_Hd;0.0;SIN BUSQUEDAS
HistoricoMovLiquidacion;aaaaaHistoricoMovLiquidacio_PK;NONCLUSTERED;1;1;5346.0;0.0;0.0;5346.0;2026-06-04 09:11:44.660;;68.632812;68.539062;68.265625;Id_Establecimiento,Id_Funcionario,Tipo_HaberDcto,Id_HaberDcto,Mes,Ano;5346.0;Beneficio Busqueda
HistoricoMovLiquidacion;Ano;NONCLUSTERED;0;0;0.0;0.0;0.0;5346.0;;;28.515625;28.468750;28.367187;Ano;0.0;SIN BUSQUEDAS
HistoricoMovLiquidacion;Id_Establecimiento;NONCLUSTERED;0;0;0.0;0.0;0.0;5346.0;;;33.890625;33.835937;33.617187;Id_Establecimiento;0.0;SIN BUSQUEDAS
HistoricoMovLiquidacion;Id_Funcionario;NONCLUSTERED;0;0;0.0;0.0;0.0;5346.0;;;31.382812;31.328125;31.234375;Id_Funcionario;0.0;SIN BUSQUEDAS
HistoricoMovLiquidacion;Id_Hd;NONCLUSTERED;0;0;0.0;0.0;0.0;5346.0;;;29.078125;29.039062;28.898437;Id_HaberDcto;0.0;SIN BUSQUEDAS
HistoricoMovLiquidacion;Id_TipoContrato;NONCLUSTERED;0;0;0.0;0.0;0.0;5346.0;;;26.140625;26.125000;25.976562;Id_TipoContrato;0.0;SIN BUSQUEDAS
HistoricoMovLiquidacion;Mes;NONCLUSTERED;0;0;0.0;0.0;0.0;5346.0;;;28.578125;28.578125;28.468750;Mes;0.0;SIN BUSQUEDAS
HistoricoMovLiquidacion;Tipo_HabeDcto;NONCLUSTERED;0;0;0.0;0.0;0.0;5346.0;;;25.765625;25.742187;25.609375;Tipo_HaberDcto;0.0;SIN BUSQUEDAS
HistoricoMovPlanillaSuple;aaaaaHistoricoMovPlanillaSu_PK;NONCLUSTERED;1;1;0.0;0.0;0.0;0.0;;;0.000000;0.000000;0.000000;Id_Establecimiento,Id_Funcionario,Id_Hd,Mes,Ano;0.0;NO USO
HistoricoMovPlanillaSuple;Ano;NONCLUSTERED;0;0;0.0;0.0;0.0;0.0;;;0.000000;0.000000;0.000000;Ano;0.0;NO USO
HistoricoMovPlanillaSuple;Id_Establecimiento;NONCLUSTERED;0;0;0.0;0.0;0.0;0.0;;;0.000000;0.000000;0.000000;Id_Establecimiento;0.0;NO USO
HistoricoMovPlanillaSuple;Id_Funcionario;NONCLUSTERED;0;0;0.0;0.0;0.0;0.0;;;0.000000;0.000000;0.000000;Id_Funcionario;0.0;NO USO
HistoricoMovPlanillaSuple;Id_Hd;NONCLUSTERED;0;0;0.0;0.0;0.0;0.0;;;0.000000;0.000000;0.000000;Id_Hd;0.0;NO USO
HistoricoMovPlanillaSuple;Mes;NONCLUSTERED;0;0;0.0;0.0;0.0;0.0;;;0.000000;0.000000;0.000000;Mes;0.0;NO USO
HistoricoMutual;aaaHistoricoMutual_PK;NONCLUSTERED;1;1;1.0;0.0;0.0;1.0;2026-06-04 09:11:44.857;;0.015625;0.015625;0.007812;Mes,Ano;1.0;Beneficio Busqueda
HistoricoMutual;Ano;NONCLUSTERED;0;0;0.0;0.0;0.0;1.0;;;0.015625;0.015625;0.007812;Ano;0.0;SIN BUSQUEDAS
HistoricoMutual;Mes;NONCLUSTERED;0;0;0.0;0.0;0.0;1.0;;;0.015625;0.015625;0.007812;Mes;0.0;SIN BUSQUEDAS
HistoricoNivelEducativo;aaaaaHistoricoNivelEducativ_PK;NONCLUSTERED;1;1;0.0;0.0;0.0;0.0;;;0.015625;0.015625;0.007812;Id_Nivel,Ano;0.0;NO USO
HistoricoNivelEducativo;Ano;NONCLUSTERED;0;0;0.0;0.0;0.0;0.0;;;0.015625;0.015625;0.007812;Ano;0.0;NO USO
HistoricoNivelEducativo;Id_Nivel;NONCLUSTERED;0;0;0.0;0.0;0.0;0.0;;;0.015625;0.015625;0.007812;Id_Nivel;0.0;NO USO
HistoricoParametrosGenerales;aaHistoricoParam_PK;NONCLUSTERED;1;1;0.0;1.0;0.0;1.0;;2026-06-04 09:11:44.827;0.015625;0.015625;0.007812;Codigo_Area,Mes,Ano;0.0;SIN BUSQUEDAS
HistoricoPlanillaSuplementaria;aaaaaHistoricoPlanillaSuple_PK;NONCLUSTERED;1;1;0.0;0.0;0.0;0.0;;;0.000000;0.000000;0.000000;Id_Establecimiento,Id_Funcionario,Mes,Ano;0.0;NO USO
HistoricoPlanillaSuplementaria;Ano;NONCLUSTERED;0;0;0.0;0.0;0.0;0.0;;;0.000000;0.000000;0.000000;Ano;0.0;NO USO
HistoricoPlanillaSuplementaria;Id_Establecimiento;NONCLUSTERED;0;0;0.0;0.0;0.0;0.0;;;0.000000;0.000000;0.000000;Id_Establecimiento;0.0;NO USO
HistoricoPlanillaSuplementaria;Id_Funcionario;NONCLUSTERED;0;0;0.0;0.0;0.0;0.0;;;0.000000;0.000000;0.000000;Id_Funcionario;0.0;NO USO
HistoricoPlanillaSuplementaria;Mes;NONCLUSTERED;0;0;0.0;0.0;0.0;0.0;;;0.000000;0.000000;0.000000;Mes;0.0;NO USO
Horas_Aula_Actividad;aaaHoras_Aula_Actividad_PK;CLUSTERED;1;1;0.0;0.0;0.0;0.0;;;0.000000;0.000000;0.000000;Numero_Horas;0.0;NO USO
Idiomas;aaaIdiomas_PK;CLUSTERED;1;1;0.0;0.0;0.0;0.0;;;0.015625;0.015625;0.007812;Codigo_Idioma;0.0;NO USO
ImportaCargasFamiliares;FechaInicio;NONCLUSTERED;0;0;0.0;0.0;0.0;0.0;;;0.000000;0.000000;0.000000;FechaInicio;0.0;NO USO
ImportaCargasFamiliares;FechaTermino;NONCLUSTERED;0;0;0.0;0.0;0.0;0.0;;;0.000000;0.000000;0.000000;FechaTermino;0.0;NO USO
ImportaCargasFamiliares;Rut;NONCLUSTERED;0;0;0.0;0.0;0.0;0.0;;;0.000000;0.000000;0.000000;Rut;0.0;NO USO
ImportaCargasFamiliares;RutCarga;NONCLUSTERED;0;0;0.0;0.0;0.0;0.0;;;0.000000;0.000000;0.000000;RutCarga;0.0;NO USO
ImportaCargasFamiliares_Aviso;Rut;NONCLUSTERED;0;0;0.0;0.0;0.0;0.0;;;0.000000;0.000000;0.000000;Rut;0.0;NO USO
ImportaCargasFamiliares_Aviso;RutCarga;NONCLUSTERED;0;0;0.0;0.0;0.0;0.0;;;0.000000;0.000000;0.000000;RutCarga;0.0;NO USO
Impuesto;aaaaaImpuesto_PK;NONCLUSTERED;1;1;0.0;0.0;0.0;0.0;;;0.015625;0.015625;0.007812;Id_Tramo;0.0;NO USO
Impuesto;Id_Tramo;NONCLUSTERED;0;1;0.0;0.0;0.0;0.0;;;0.015625;0.015625;0.007812;Id_Tramo;0.0;NO USO
Indices;A¤o;NONCLUSTERED;0;0;0.0;0.0;0.0;0.0;;;0.015625;0.015625;0.007812;Año;0.0;NO USO
Indices;aaaaaIndices_PK;NONCLUSTERED;1;1;2.0;0.0;0.0;0.0;2026-06-04 10:53:38.627;;0.015625;0.015625;0.007812;Año,Mes;2.0;Beneficio Busqueda
Indices;Mes;NONCLUSTERED;0;0;0.0;0.0;0.0;0.0;;;0.015625;0.015625;0.007812;Mes;0.0;NO USO
InstitucionesAVP;aaInstitucionesAVP_PK;NONCLUSTERED;1;1;0.0;0.0;0.0;0.0;;;0.015625;0.015625;0.007812;Id_Institucion,Tipo_Institucion;0.0;NO USO
InstitucionesAVP;Id_institucion;NONCLUSTERED;0;0;0.0;0.0;0.0;0.0;;;0.015625;0.015625;0.007812;Id_Institucion;0.0;NO USO
InstitucionesAVP;Tipo_Institucion;NONCLUSTERED;0;0;0.0;0.0;0.0;0.0;;;0.015625;0.015625;0.007812;Tipo_Institucion;0.0;NO USO
Isapres;aaaaaIsapres_PK;NONCLUSTERED;1;1;1.0;1.0;0.0;0.0;2026-06-04 09:07:04.667;2026-06-04 09:11:45.180;0.015625;0.015625;0.007812;Id_Isapre;1.0;Beneficio Busqueda
Isapres;Id_Isapre;NONCLUSTERED;0;1;0.0;0.0;0.0;0.0;;;0.015625;0.015625;0.007812;Id_Isapre;0.0;NO USO
LicenciaMedica;aaaLicenciaMedica_PK;NONCLUSTERED;1;1;0.0;0.0;0.0;0.0;;;3.320312;3.265625;3.226562;RUT,Id_Licencia,CodigoOperadorLME;0.0;NO USO
LicenciaMedica_Historial;aaaLicenciaMedica_Historial_PK;CLUSTERED;1;1;0.0;0.0;0.0;0.0;;;2.945312;2.875000;2.843750;Rut,Id_Licencia,EstadoLicencia;0.0;NO USO
LicenciaMedica1;PK_LicenciaMedica1;NONCLUSTERED;1;1;0.0;0.0;0.0;0.0;;;0.000000;0.000000;0.000000;Id_Establecimiento,Id_Funcionario,Id_Licencia;0.0;NO USO
LicenciaMedicaSanna;aaaLicenciaMedicaSanna_PK;NONCLUSTERED;1;1;0.0;0.0;0.0;0.0;;;0.070312;0.015625;0.007812;RUT,Id_Licencia,CodigoOperadorLME;0.0;NO USO
LicenciaMedicaSanna_Historial;aaaLicenciaMedicaSanna_Historial_PK;CLUSTERED;1;1;0.0;0.0;0.0;0.0;;;0.015625;0.015625;0.007812;Rut,Id_Licencia,EstadoLicencia;0.0;NO USO
Liquidacion;aaaaaLiquidacion_PK;NONCLUSTERED;1;1;0.0;0.0;0.0;2.0;;;0.070312;0.015625;0.007812;Id_Establecimiento,Id_Funcionario;0.0;SIN BUSQUEDAS
Liquidacion;Id_Estable;NONCLUSTERED;0;0;1.0;0.0;0.0;2.0;2026-06-04 10:00:09.270;;0.070312;0.015625;0.007812;Id_Establecimiento;1.0;Costo de mantenimiento
Liquidacion;Id_Funcionario;NONCLUSTERED;0;0;0.0;1.0;0.0;2.0;;2026-06-04 10:00:09.237;0.070312;0.015625;0.007812;Id_Funcionario;0.0;SIN BUSQUEDAS
LiquidacionHrs;aaaaaLiquidacionHrs_PK;NONCLUSTERED;1;1;0.0;0.0;0.0;1.0;;;0.070312;0.015625;0.007812;Id_Establecimiento,Id_Funcionario,Tipo_Horas;0.0;SIN BUSQUEDAS
LiquidacionHrs;Id_Establecimiento;NONCLUSTERED;0;0;0.0;0.0;0.0;1.0;;;0.070312;0.015625;0.007812;Id_Establecimiento;0.0;SIN BUSQUEDAS
LiquidacionHrs;Id_Funcionario;NONCLUSTERED;0;0;0.0;0.0;0.0;1.0;;;0.070312;0.015625;0.007812;Id_Funcionario;0.0;SIN BUSQUEDAS
LiquidacionHrs;Id_TipoContrato;NONCLUSTERED;0;0;0.0;0.0;0.0;1.0;;;0.125000;0.015625;0.007812;Id_TipoContrato;0.0;SIN BUSQUEDAS
LiquidacionHrs;Tipo_Horas;NONCLUSTERED;0;0;0.0;1.0;0.0;1.0;;2026-06-04 10:00:09.300;0.070312;0.015625;0.007812;Tipo_Horas;0.0;SIN BUSQUEDAS
LiquidacionHrs_AEduca;aaLiquidacionHrs_AEduca_PK;NONCLUSTERED;1;1;0.0;0.0;0.0;0.0;;;0.000000;0.000000;0.000000;Id_Establecimiento,Id_Funcionario,Tipo_Horas;0.0;NO USO
LRE_Aportes;aaaLRE_Aportes_PK;NONCLUSTERED;1;1;0.0;0.0;0.0;0.0;;;0.015625;0.015625;0.007812;Id_Aporte;0.0;NO USO
LRE_Aportes;Id_Aporte;NONCLUSTERED;0;0;6.0;0.0;0.0;0.0;2026-06-04 09:07:14.373;;0.015625;0.015625;0.007812;Id_Aporte;6.0;Beneficio Busqueda
LRE_CausalesTerminoContrato;aaaLRE_CausalesTerminoContrato_PK;NONCLUSTERED;1;1;0.0;0.0;0.0;0.0;;;0.000000;0.000000;0.000000;Id_Causal;0.0;NO USO
LRE_Descuentos;aaaLRE_Descuentos_PK;NONCLUSTERED;1;1;0.0;0.0;0.0;0.0;;;0.015625;0.015625;0.007812;Id_Descuento;0.0;NO USO
LRE_Descuentos;Id_Descuento;NONCLUSTERED;0;0;10.0;0.0;0.0;0.0;2026-06-04 09:07:12.480;;0.015625;0.015625;0.007812;Id_Descuento;10.0;Beneficio Busqueda
LRE_Esquema;aaaLRE_Esquema_PK;NONCLUSTERED;1;1;147.0;1.0;0.0;148.0;2026-06-04 09:07:12.230;2026-06-04 09:07:10.823;0.015625;0.015625;0.007812;Codigo_LRE;147.0;Aceptable
LRE_Haberes;aaaLRE_Haberes_PK;NONCLUSTERED;1;1;0.0;0.0;0.0;2.0;;;0.015625;0.015625;0.007812;Id_Haber;0.0;SIN BUSQUEDAS
LRE_Haberes;Id_Haber;NONCLUSTERED;0;0;28.0;0.0;0.0;2.0;2026-06-04 09:07:12.417;;0.015625;0.015625;0.007812;Id_Haber;28.0;Beneficio Busqueda
LRE_Totales;aaaLRE_Totales_PK;NONCLUSTERED;1;1;2.0;0.0;0.0;0.0;2026-06-04 09:07:14.383;;0.015625;0.015625;0.007812;Id_Total;2.0;Beneficio Busqueda
LRE_Totales;Id_Total;NONCLUSTERED;0;0;11.0;0.0;0.0;0.0;2026-06-04 09:07:12.587;;0.015625;0.015625;0.007812;Id_Total;11.0;Beneficio Busqueda
MacroCalculo;aaaaaMacroCalculo_PK;NONCLUSTERED;1;1;0.0;0.0;0.0;0.0;;;0.015625;0.015625;0.007812;Macro_id;0.0;NO USO
MacroCalculo;Macro_id;NONCLUSTERED;0;0;10.0;0.0;0.0;0.0;2026-06-04 09:07:45.213;;0.015625;0.015625;0.007812;Macro_id;10.0;Beneficio Busqueda
Mentor;aaaMentor_PK;CLUSTERED;1;1;0.0;0.0;0.0;0.0;;;0.000000;0.000000;0.000000;Rut_Mentor;0.0;NO USO
Mentor;Correlativo;NONCLUSTERED;0;0;0.0;0.0;0.0;0.0;;;0.000000;0.000000;0.000000;Correlativo;0.0;NO USO
Mentor;Rut_Mentor;NONCLUSTERED;0;0;0.0;0.0;0.0;0.0;;;0.000000;0.000000;0.000000;Rut_Mentor;0.0;NO USO
Mentoria;aaaMentoria_PK;CLUSTERED;1;1;0.0;0.0;0.0;0.0;;;0.000000;0.000000;0.000000;Rut_Mentor,Rut_Alumno;0.0;NO USO
Mentoria;Rut_Alumno;NONCLUSTERED;0;0;0.0;0.0;0.0;0.0;;;0.000000;0.000000;0.000000;Rut_Alumno;0.0;NO USO
Mentoria;Rut_Mentor;NONCLUSTERED;0;0;0.0;0.0;0.0;0.0;;;0.000000;0.000000;0.000000;Rut_Mentor;0.0;NO USO
ModoDctos;aaaaaModoDctos_PK;NONCLUSTERED;1;1;0.0;0.0;0.0;0.0;;;0.015625;0.015625;0.007812;Id_ModoDctos;0.0;NO USO
ModoDctos;Id_ModoDctos;NONCLUSTERED;0;1;0.0;0.0;0.0;0.0;;;0.015625;0.015625;0.007812;Id_ModoDctos;0.0;NO USO
ModoPactado;aaaModoPactado_PK;CLUSTERED;1;1;12.0;0.0;0.0;0.0;2026-06-04 09:07:07.427;;0.015625;0.015625;0.007812;Codigo;12.0;Beneficio Busqueda
ModoPactadoAuge;aaaModoPactadoAuge_PK;CLUSTERED;1;1;4.0;0.0;0.0;0.0;2026-06-04 09:07:07.440;;0.015625;0.015625;0.007812;Codigo;4.0;Beneficio Busqueda
Movimiento_Finiquito;aaMovimiento_Finiquito_PK;NONCLUSTERED;1;1;0.0;0.0;0.0;0.0;;;0.015625;0.015625;0.007812;Id_Establecimiento,Id_Funcionario,Correlativo,Tipo_Movimiento,Id_Movimiento;0.0;NO USO
Movimiento_Finiquito;Correlativo;NONCLUSTERED;0;0;0.0;0.0;0.0;0.0;;;0.015625;0.015625;0.007812;Correlativo;0.0;NO USO
Movimiento_Finiquito;Id_Establecimiento;NONCLUSTERED;0;0;0.0;0.0;0.0;0.0;;;0.015625;0.015625;0.007812;Id_Establecimiento;0.0;NO USO
Movimiento_Finiquito;Id_Funcionario;NONCLUSTERED;0;0;0.0;0.0;0.0;0.0;;;0.015625;0.015625;0.007812;Id_Funcionario;0.0;NO USO
Movimiento_Finiquito;Id_Movimiento;NONCLUSTERED;0;0;0.0;0.0;0.0;0.0;;;0.015625;0.015625;0.007812;Id_Movimiento;0.0;NO USO
Movimiento_Finiquito;Tipo_Movimiento;NONCLUSTERED;0;0;0.0;0.0;0.0;0.0;;;0.015625;0.015625;0.007812;Tipo_Movimiento;0.0;NO USO
MovimientoAnexo_Finiquito;aaMovimientoAnexo_Finiquito_PK;NONCLUSTERED;1;1;0.0;0.0;0.0;0.0;;;0.000000;0.000000;0.000000;Id_Establecimiento,Id_Funcionario,Correlativo,Correlativo_Anexo,Tipo_MovimientoAnexo,Id_MovimientoAnexo;0.0;NO USO
MovimientoAnexo_Finiquito;Correlativo;NONCLUSTERED;0;0;0.0;0.0;0.0;0.0;;;0.000000;0.000000;0.000000;Correlativo;0.0;NO USO
MovimientoAnexo_Finiquito;Correlativo_Anexo;NONCLUSTERED;0;0;0.0;0.0;0.0;0.0;;;0.000000;0.000000;0.000000;Correlativo_Anexo;0.0;NO USO
MovimientoAnexo_Finiquito;Id_Establecimiento;NONCLUSTERED;0;0;0.0;0.0;0.0;0.0;;;0.000000;0.000000;0.000000;Id_Establecimiento;0.0;NO USO
MovimientoAnexo_Finiquito;Id_Funcionario;NONCLUSTERED;0;0;0.0;0.0;0.0;0.0;;;0.000000;0.000000;0.000000;Id_Funcionario;0.0;NO USO
MovimientoAnexo_Finiquito;Id_MovimientoAnexo;NONCLUSTERED;0;0;0.0;0.0;0.0;0.0;;;0.000000;0.000000;0.000000;Id_MovimientoAnexo;0.0;NO USO
MovimientoAnexo_Finiquito;Tipo_MovimientoAnexo;NONCLUSTERED;0;0;0.0;0.0;0.0;0.0;;;0.000000;0.000000;0.000000;Tipo_MovimientoAnexo;0.0;NO USO
MovimientoHaberDctos;aaaaaMovimientoHaberDctos_PK;NONCLUSTERED;1;1;0.0;0.0;0.0;1.0;;;0.445312;0.359375;0.343750;Id_Establecimiento,Id_Funcionario,Tipo_Hd,Id_Hd;0.0;SIN BUSQUEDAS
MovimientoHaberDctos;Id_EstabContrato;NONCLUSTERED;0;0;0.0;0.0;0.0;1.0;;;0.445312;0.320312;0.304687;Id_EstabContrato;0.0;SIN BUSQUEDAS
MovimientoHaberDctos;Id_Establecimiento;NONCLUSTERED;0;0;0.0;0.0;0.0;1.0;;;0.507812;0.398437;0.382812;Id_Establecimiento;0.0;SIN BUSQUEDAS
MovimientoHaberDctos;Id_Funcionario;NONCLUSTERED;0;0;0.0;0.0;0.0;1.0;;;0.445312;0.320312;0.304687;Id_Funcionario;0.0;SIN BUSQUEDAS
MovimientoHaberDctos;Id_HaberDcto;NONCLUSTERED;0;0;0.0;0.0;0.0;1.0;;;0.320312;0.164062;0.148437;Id_Hd;0.0;SIN BUSQUEDAS
MovimientoHaberDctos;Id_TipoContrato;NONCLUSTERED;0;0;0.0;0.0;0.0;1.0;;;0.382812;0.234375;0.218750;Id_TipoContrato;0.0;SIN BUSQUEDAS
MovimientoHaberDctos;Tipo_Hd;NONCLUSTERED;0;0;0.0;0.0;0.0;1.0;;;0.320312;0.203125;0.187500;Tipo_Hd;0.0;SIN BUSQUEDAS
MovimientoLiquidacion;aaaaaMovimientoLiquidacion_PK;NONCLUSTERED;1;1;0.0;0.0;0.0;1.0;;;0.070312;0.015625;0.007812;Id_Establecimiento,Id_Funcionario,Tipo_HaberDcto,Id_HaberDcto;0.0;SIN BUSQUEDAS
MovimientoLiquidacion;Id_Establecimiento;NONCLUSTERED;0;0;0.0;0.0;0.0;1.0;;;0.070312;0.015625;0.007812;Id_Establecimiento;0.0;SIN BUSQUEDAS
MovimientoLiquidacion;Id_Funcionario;NONCLUSTERED;0;0;0.0;0.0;0.0;1.0;;;0.070312;0.015625;0.007812;Id_Funcionario;0.0;SIN BUSQUEDAS
MovimientoLiquidacion;Id_Hd;NONCLUSTERED;0;0;0.0;1.0;0.0;1.0;;2026-06-04 10:00:09.380;0.070312;0.015625;0.007812;Id_HaberDcto;0.0;SIN BUSQUEDAS
MovimientoLiquidacion;Id_TipoContrato;NONCLUSTERED;0;0;0.0;0.0;0.0;1.0;;;0.070312;0.015625;0.007812;Id_TipoContrato;0.0;SIN BUSQUEDAS
MovimientoLiquidacion;Tipo_HabeDcto;NONCLUSTERED;0;0;0.0;0.0;0.0;1.0;;;0.070312;0.015625;0.007812;Tipo_HaberDcto;0.0;SIN BUSQUEDAS
MovimientoPlanillaSuple;aaaMovimientoPlanillaSuple_PK;NONCLUSTERED;1;1;0.0;0.0;0.0;0.0;;;32.945312;32.859375;32.718750;Id_Establecimiento,Id_Funcionario,Id_ProcesoPs,Tipo_Horas,Mes,Ano,Tipo_HaberDcto,Id_HaberDcto;0.0;NO USO
MovimientoPlanillaSuple;Id_TipoContrato;NONCLUSTERED;0;0;0.0;1.0;0.0;1.0;;2026-06-04 09:06:37.400;11.953125;11.796875;11.718750;Id_TipoContrato;0.0;SIN BUSQUEDAS
MovPlanillaHaberDctos;aaaMovPlanillaHaberDctos_PK;NONCLUSTERED;1;1;0.0;0.0;0.0;1.0;;;0.085937;0.031250;0.007812;Id_Establecimiento,Id_Funcionario,Id_ProcesoPs,Tipo_Horas,Tipo_Hd,Id_Hd;0.0;SIN BUSQUEDAS
MovPlanillaHaberDctos;Id_EstabContrato;NONCLUSTERED;0;0;0.0;1.0;0.0;2.0;;2026-06-04 09:06:37.240;0.078125;0.031250;0.007812;Id_EstabContrato;0.0;SIN BUSQUEDAS
MovPlanillaHaberDctos;Id_TipoContrato;NONCLUSTERED;0;0;0.0;1.0;0.0;2.0;;2026-06-04 09:06:37.300;0.078125;0.031250;0.007812;Id_TipoContrato;0.0;SIN BUSQUEDAS
Municipalidad;aaaaaMunicipalidad_PK;NONCLUSTERED;1;1;2.0;0.0;0.0;0.0;2026-06-04 10:53:21.870;;0.015625;0.015625;0.007812;Codigo_Area;2.0;Beneficio Busqueda
Municipalidad;Codigo_Comuna;NONCLUSTERED;0;0;0.0;0.0;0.0;0.0;;;0.015625;0.015625;0.007812;Codigo_Comuna;0.0;NO USO
Mutualidad;aaaCodSuperInt_Mutual_PK;NONCLUSTERED;1;1;0.0;0.0;0.0;0.0;;;0.015625;0.015625;0.007812;CodSuperInt_Mutual;0.0;NO USO
NivelEducativo;aaaaaNivelEducativo_PK;NONCLUSTERED;1;1;0.0;0.0;0.0;0.0;;;0.015625;0.015625;0.007812;Id_Nivel;0.0;NO USO
NivelEducativo;Id_Nivel;NONCLUSTERED;0;0;0.0;0.0;0.0;0.0;;;0.015625;0.015625;0.007812;Id_Nivel;0.0;NO USO
NoRecepcionLME;aaaNoRecepcionLME_PK;NONCLUSTERED;1;1;0.0;0.0;0.0;0.0;;;0.015625;0.015625;0.007812;Codigo;0.0;NO USO
OrdenTrabajo;aaaOrdenTrabajo_PK;NONCLUSTERED;1;1;0.0;0.0;0.0;0.0;;;2.695312;2.648437;2.617187;Id_Establecimiento,Id_Funcionario,Id_Orden,Ano_proceso;0.0;NO USO
Otras_InstitucionesPrev;aaOtras_InstitucionesPrev_PK;NONCLUSTERED;1;1;0.0;0.0;0.0;0.0;;;0.015625;0.015625;0.007812;Id_Codigo;0.0;NO USO
Otras_InstitucionesPrev;Id_Codigo;NONCLUSTERED;0;0;5.0;0.0;0.0;0.0;2026-06-04 09:06:25.100;;0.015625;0.015625;0.007812;Id_Codigo;5.0;Beneficio Busqueda
ParametrosGenerales;aaaaaParametrosGenerales_PK;NONCLUSTERED;1;1;1.0;0.0;0.0;0.0;2026-06-04 10:00:08.683;;0.015625;0.015625;0.007812;Codigo_Area;1.0;Beneficio Busqueda
ParametrosGenerales;Codigo_Area;NONCLUSTERED;0;1;7.0;0.0;0.0;0.0;2026-06-04 10:53:21.897;;0.015625;0.015625;0.007812;Codigo_Area;7.0;Beneficio Busqueda
Permiso_Defuncion;ID_Causante;NONCLUSTERED;0;0;0.0;0.0;0.0;0.0;;;0.015625;0.015625;0.007812;Id_Causante;0.0;NO USO
Permiso_Defuncion;ID_Funcionario;NONCLUSTERED;0;0;0.0;0.0;0.0;0.0;;;0.015625;0.015625;0.007812;ID_Funcionario;0.0;NO USO
Permiso_Defuncion;ID_Reemplazo;NONCLUSTERED;0;0;0.0;0.0;0.0;0.0;;;0.015625;0.015625;0.007812;Id_Reemplazo;0.0;NO USO
Permiso_Defuncion;Nro_Decreto;NONCLUSTERED;0;0;0.0;0.0;0.0;0.0;;;0.015625;0.015625;0.007812;Nro_Decreto;0.0;NO USO
Permisos_Varios;aaaaaPermisosVarios_PK;NONCLUSTERED;1;1;0.0;0.0;0.0;0.0;;;0.093750;0.046875;0.031250;Id_Establecimiento,Id_Funcionario,Id_Correlativo;0.0;NO USO
Permisos_Varios;Id_TipoPermiso;NONCLUSTERED;0;0;0.0;0.0;0.0;0.0;;;0.085937;0.039062;0.015625;Id_TipoPermiso;0.0;NO USO
PermisosAdministrativos;aaaaaPermisosAdministrativo_PK;NONCLUSTERED;1;1;0.0;0.0;0.0;0.0;;;0.515625;0.406250;0.382812;Id_Funcionario,Id_Establecimiento,Periodo,Correlativo;0.0;NO USO
PermisosAdministrativos;Correlativo;NONCLUSTERED;0;0;0.0;0.0;0.0;0.0;;;0.320312;0.156250;0.140625;Correlativo;0.0;NO USO
PermisosAdministrativos;Id_Establecimiento;NONCLUSTERED;0;0;0.0;0.0;0.0;0.0;;;0.320312;0.210937;0.195312;Id_Establecimiento;0.0;NO USO
PermisosAdministrativos;Id_Funcionario;NONCLUSTERED;0;0;0.0;0.0;0.0;0.0;;;0.390625;0.250000;0.226562;Id_Funcionario;0.0;NO USO
PermisosAdministrativos;Periodo;NONCLUSTERED;0;0;0.0;0.0;0.0;0.0;;;0.257812;0.140625;0.125000;Periodo;0.0;NO USO
PermisosAdminSinRemuneracion;aaaaaPermisosAdminSinRemune_PK;NONCLUSTERED;1;1;0.0;0.0;0.0;0.0;;;0.015625;0.015625;0.007812;Id_Establecimiento,Id_Funcionario,Periodo,Correlativo;0.0;NO USO
PermisosAdminSinRemuneracion;Correlativo;NONCLUSTERED;0;0;0.0;0.0;0.0;0.0;;;0.015625;0.015625;0.007812;Correlativo;0.0;NO USO
PermisosAdminSinRemuneracion;Id_Establecimiento;NONCLUSTERED;0;0;0.0;0.0;0.0;0.0;;;0.015625;0.015625;0.007812;Id_Establecimiento;0.0;NO USO
PermisosAdminSinRemuneracion;Id_Funcionario;NONCLUSTERED;0;0;0.0;0.0;0.0;0.0;;;0.015625;0.015625;0.007812;Id_Funcionario;0.0;NO USO
PermisosAdminSinRemuneracion;Periodo;NONCLUSTERED;0;0;0.0;0.0;0.0;0.0;;;0.015625;0.015625;0.007812;Periodo;0.0;NO USO
PermisosLegales;aaaaaPermisosLegales_PK;NONCLUSTERED;1;1;0.0;0.0;0.0;0.0;;;1.882812;1.773437;1.757812;Id_Establecimiento,Id_Funcionario,Periodo;0.0;NO USO
PermisosLegales;Id_Establecimiento;NONCLUSTERED;0;0;0.0;0.0;0.0;0.0;;;1.570312;1.492187;1.476562;Id_Establecimiento;0.0;NO USO
PermisosLegales;Id_Funcionario;NONCLUSTERED;0;0;0.0;0.0;0.0;0.0;;;1.195312;1.140625;1.125000;Id_Funcionario;0.0;NO USO
PermisosLegales;Periodo;NONCLUSTERED;0;0;0.0;0.0;0.0;0.0;;;1.195312;1.140625;1.125000;Periodo;0.0;NO USO
PermisosPost_Natal;aaaPermisosPost_Natal_PK;CLUSTERED;1;1;0.0;0.0;0.0;0.0;;;0.023437;0.023437;0.007812;Id_Establecimiento,Id_Funcionario,Tipo_Permiso,Fecha_Evento,Correlativo;0.0;NO USO
PermisosPost_Natal;Correlativo;NONCLUSTERED;0;0;0.0;0.0;0.0;0.0;;;0.015625;0.015625;0.007812;Correlativo;0.0;NO USO
PermisosPost_Natal;Fecha_Evento;NONCLUSTERED;0;0;0.0;0.0;0.0;0.0;;;0.015625;0.015625;0.007812;Fecha_Evento;0.0;NO USO
PermisosPost_Natal;ID_Establecimiento;NONCLUSTERED;0;0;0.0;0.0;0.0;0.0;;;0.015625;0.015625;0.007812;Id_Establecimiento;0.0;NO USO
PermisosPost_Natal;ID_Funcionario;NONCLUSTERED;0;0;0.0;0.0;0.0;0.0;;;0.015625;0.015625;0.007812;Id_Funcionario;0.0;NO USO
PermisosPost_Natal;Tipo_Permiso;NONCLUSTERED;0;0;0.0;0.0;0.0;0.0;;;0.015625;0.015625;0.007812;Tipo_Permiso;0.0;NO USO
PermisosPost_Natal_Otorgados;aaaPermisosPost_Natal_Otorgados_PK;CLUSTERED;1;1;0.0;0.0;0.0;0.0;;;0.023437;0.023437;0.007812;Id_Establecimiento,Id_Funcionario,Tipo_Permiso,Fecha_Evento;0.0;NO USO
PermisosPost_Natal_Otorgados;Fecha_Evento;NONCLUSTERED;0;0;0.0;0.0;0.0;0.0;;;0.015625;0.015625;0.007812;Fecha_Evento;0.0;NO USO
PermisosPost_Natal_Otorgados;ID_Establecimiento;NONCLUSTERED;0;0;0.0;0.0;0.0;0.0;;;0.015625;0.015625;0.007812;Id_Establecimiento;0.0;NO USO
PermisosPost_Natal_Otorgados;ID_Funcionario;NONCLUSTERED;0;0;0.0;0.0;0.0;0.0;;;0.015625;0.015625;0.007812;Id_Funcionario;0.0;NO USO
PermisosPost_Natal_Otorgados;Tipo_Permiso;NONCLUSTERED;0;0;0.0;0.0;0.0;0.0;;;0.015625;0.015625;0.007812;Tipo_Permiso;0.0;NO USO
PermisosPostNatalParental;aaaPermisosPostNatalParental_PK;CLUSTERED;1;1;0.0;0.0;0.0;0.0;;;0.265625;0.156250;0.132812;Id_Correlativo,Rut;0.0;NO USO
PermisosPostNatalParental;Id_Correlativo;NONCLUSTERED;0;0;0.0;0.0;0.0;0.0;;;0.078125;0.031250;0.015625;Id_Correlativo;0.0;NO USO
PermisosPostNatalParental;Rut;NONCLUSTERED;0;0;0.0;0.0;0.0;0.0;;;0.078125;0.031250;0.015625;Rut;0.0;NO USO
PlandeCuenta;aaaaaPlandeCuenta_PK;NONCLUSTERED;1;1;0.0;0.0;0.0;0.0;;;0.148437;0.054687;0.085937;Ano_Proceso,Codigo_Area,CodigoCuenta;0.0;NO USO
PlandeCuenta;Ano_Proceso;NONCLUSTERED;0;0;0.0;0.0;0.0;0.0;;;0.039062;0.039062;0.023437;Ano_Proceso;0.0;NO USO
PlandeCuenta;Codigo_Area;NONCLUSTERED;0;0;0.0;0.0;0.0;0.0;;;0.164062;0.054687;0.039062;Codigo_Area;0.0;NO USO
PlandeCuenta;CodigoCuenta;NONCLUSTERED;0;0;0.0;1.0;0.0;0.0;;2026-06-04 09:06:25.457;0.179687;0.085937;0.085937;CodigoCuenta;0.0;NO USO
PlandeCuenta;SW_Clasificador2008;NONCLUSTERED;0;0;0.0;0.0;0.0;0.0;;;0.117187;0.062500;0.039062;SW_Clasificador2008;0.0;NO USO
PlanillaSuplementaria;aaaPlanillaSuplementaria_PK;NONCLUSTERED;1;1;0.0;1.0;0.0;0.0;;2026-06-04 09:08:39.863;16.195312;16.171875;16.101562;Id_Establecimiento,Id_Funcionario,Id_ProcesoPs,Mes,Ano;0.0;NO USO
PlanillaSuplementariaHrs;aaaPlanillaSuplementariaHrs_PK;NONCLUSTERED;1;1;1.0;0.0;0.0;0.0;2026-06-04 09:12:57.233;;17.757812;17.695312;17.617187;Id_Establecimiento,Id_Funcionario,Id_ProcesoPs,Tipo_Horas,Mes,Ano;1.0;Beneficio Busqueda
PlantaMaestra;aaaaaPlantaMaestra_PK;NONCLUSTERED;1;1;0.0;0.0;0.0;0.0;;;0.000000;0.000000;0.000000;Id_Establecimiento,Tipo_Funcionario,Id_Escalafon;0.0;NO USO
PlantaMaestra;Id_Cargo;NONCLUSTERED;0;0;0.0;0.0;0.0;0.0;;;0.000000;0.000000;0.000000;Id_Escalafon;0.0;NO USO
PlantaMaestra;Id_Establecimiento;NONCLUSTERED;0;0;0.0;0.0;0.0;0.0;;;0.000000;0.000000;0.000000;Id_Establecimiento;0.0;NO USO
Postulantes_DAEM;aaaaaPostulantes_DAEM_PK;NONCLUSTERED;1;1;0.0;0.0;0.0;0.0;;;0.015625;0.015625;0.007812;Rut_Funcionario;0.0;NO USO
PostulantesPorRamos_DAEM;aaPostulantesPorRamos_DAEM_PK;NONCLUSTERED;1;1;0.0;0.0;0.0;0.0;;;0.015625;0.015625;0.007812;RutPostulante,Id_asignatura;0.0;NO USO
PostulantesPorRamos_DAEM;Id_asignatura;NONCLUSTERED;0;0;0.0;0.0;0.0;0.0;;;0.015625;0.015625;0.007812;Id_asignatura;0.0;NO USO
PostulantesPorRamos_DAEM;RutPostulante;NONCLUSTERED;0;0;0.0;0.0;0.0;0.0;;;0.015625;0.015625;0.007812;RutPostulante;0.0;NO USO
Previred;aaPrevired_PK;NONCLUSTERED;1;1;1.0;0.0;0.0;0.0;2026-06-04 09:08:39.980;;23.828125;23.796875;23.679687;K1_Id_Remuneracion,K1_Id_ProcesoPS,K1_Id_Establecimiento,K1_Id_Funcionario,K1_NroContrato,K1_Correlativo,K1_Mes,K1_Ano;1.0;Beneficio Busqueda
Previred;K1_Ano;NONCLUSTERED;0;0;0.0;0.0;0.0;0.0;;;8.507812;8.453125;8.414062;K1_Ano;0.0;NO USO
Previred;K1_Correlativo;NONCLUSTERED;0;0;0.0;0.0;0.0;0.0;;;10.570312;10.546875;10.500000;K1_Correlativo;0.0;NO USO
Previred;K1_Id_Establecimiento;NONCLUSTERED;0;0;0.0;0.0;0.0;0.0;;;13.945312;13.882812;13.820312;K1_Id_Establecimiento;0.0;NO USO
Previred;K1_Id_Funcionario;NONCLUSTERED;0;0;0.0;0.0;0.0;0.0;;;10.570312;10.546875;10.500000;K1_Id_Funcionario;0.0;NO USO
Previred;K1_Id_ProcesoPS;NONCLUSTERED;0;0;0.0;0.0;0.0;0.0;;;10.570312;10.546875;10.500000;K1_Id_ProcesoPS;0.0;NO USO
Previred;K1_Id_Remuneracion;NONCLUSTERED;0;0;0.0;0.0;0.0;0.0;;;10.570312;10.546875;10.500000;K1_Id_Remuneracion;0.0;NO USO
Previred;K1_Mes;NONCLUSTERED;0;0;0.0;0.0;0.0;0.0;;;8.507812;8.468750;8.421875;K1_Mes;0.0;NO USO
Previred;K1_NroContrato;NONCLUSTERED;0;0;0.0;0.0;0.0;0.0;;;10.570312;10.546875;10.500000;K1_NroContrato;0.0;NO USO
ProcesosPlanillaSuplementaria;aaMovPlanillaHaberDctos_PK;NONCLUSTERED;1;1;0.0;2.0;0.0;2.0;;2026-06-04 10:00:09.077;0.101562;0.046875;0.031250;Id_ProcesoPs,Mes,Ano;0.0;SIN BUSQUEDAS
ProfesionalesMedicos;aaaProfesionalesMedicos_PK;NONCLUSTERED;1;1;0.0;0.0;0.0;0.0;;;0.226562;0.125000;0.140625;Rut;0.0;NO USO
Proyectos;aaProyectos_PK;NONCLUSTERED;1;1;0.0;0.0;0.0;0.0;;;0.015625;0.015625;0.007812;Id_Proyecto;0.0;NO USO
Proyectos;Id_Proyecto;NONCLUSTERED;0;0;1.0;0.0;0.0;0.0;2026-06-04 09:07:06.383;;0.015625;0.015625;0.007812;Id_Proyecto;1.0;Beneficio Busqueda
Recaudacion_Licencia;aaaRecaudacion_Licencia_PK;NONCLUSTERED;1;1;0.0;0.0;0.0;0.0;;;2.695312;2.625000;2.593750;Rut,Id_Licencia,Id_Correlativo;0.0;NO USO
RecaudacionPostNatalParental;aaaRecaudacionPostNatalParental_PK;CLUSTERED;1;1;0.0;0.0;0.0;0.0;;;0.125000;0.078125;0.062500;Id_Correlativo,Id_CorrelativoPermiso,Rut;0.0;NO USO
RecaudacionPostNatalParental;Id_Correlativo;NONCLUSTERED;0;0;0.0;0.0;0.0;0.0;;;0.093750;0.039062;0.023437;Id_Correlativo;0.0;NO USO
RecaudacionPostNatalParental;Id_CorrelativoPermiso;NONCLUSTERED;0;0;0.0;0.0;0.0;0.0;;;0.101562;0.054687;0.039062;Id_CorrelativoPermiso;0.0;NO USO
RecaudacionPostNatalParental;Rut;NONCLUSTERED;0;0;0.0;0.0;0.0;0.0;;;0.101562;0.046875;0.023437;Rut;0.0;NO USO
REN_Cierre;pk_Cierre;CLUSTERED;1;1;0.0;0.0;0.0;0.0;;;0.000000;0.000000;0.000000;Ano,Mes;0.0;NO USO
REN_Clasificador;PK_REN_Clasificador;CLUSTERED;1;1;0.0;0.0;0.0;0.0;;;0.000000;0.000000;0.000000;Codigo_Clasificador;0.0;NO USO
REN_Clasificador_Establecimientos;PK_REN_Clasificador_Establecimientos;CLUSTERED;1;1;0.0;0.0;0.0;0.0;;;0.000000;0.000000;0.000000;Codigo_Clasificador,Id_Establecimiento;0.0;NO USO
REN_Clasificador_Tipo_Horas;PK_REN_Clasificador_Tipo_Horas;CLUSTERED;1;1;0.0;0.0;0.0;0.0;;;0.000000;0.000000;0.000000;Codigo_Clasificador,Tipo_Horas;0.0;NO USO
REN_Columnas;PK_REN_Columnas;CLUSTERED;1;1;0.0;0.0;0.0;0.0;;;0.070312;0.054687;0.039062;Codigo_Columna;0.0;NO USO
REN_Detalle;PK_REN_Detalle;CLUSTERED;1;1;0.0;0.0;0.0;0.0;;;0.000000;0.000000;0.000000;REN_Ano,REN_RUT,REN_MES,REN_RBD,REN_FUN;0.0;NO USO
REN_Funcion;PK_REN_Funcion;CLUSTERED;1;1;0.0;0.0;0.0;0.0;;;0.000000;0.000000;0.000000;Id_Funcion;0.0;NO USO
REN_FuncionCargo;PK_REN_FuncionCargo;CLUSTERED;1;1;0.0;0.0;0.0;0.0;;;0.000000;0.000000;0.000000;Id_Funcion,Id_Cargo,Escalafon;0.0;NO USO
REN_Movimientos_Descuentos;PK_REN_Movimientos_Descuentos;CLUSTERED;1;1;0.0;0.0;0.0;0.0;;;0.000000;0.000000;0.000000;Codigo_Clasificador,Codigo_Columna,Id_Descuentos;0.0;NO USO
REN_Movimientos_Descuentos_PS;PK_REN_Movimientos_Descuentos_PS;CLUSTERED;1;1;0.0;0.0;0.0;0.0;;;0.000000;0.000000;0.000000;Codigo_Clasificador,Codigo_Columna,Id_Descuentos;0.0;NO USO
REN_Movimientos_Haberes;PK_REN_Movimientos_Haberes;CLUSTERED;1;1;0.0;0.0;0.0;0.0;;;0.000000;0.000000;0.000000;Codigo_Clasificador,Codigo_Columna,Id_Haber;0.0;NO USO
REN_Movimientos_Haberes_PS;PK_REN_Movimientos_Haberes_PS;CLUSTERED;1;1;0.0;0.0;0.0;0.0;;;0.000000;0.000000;0.000000;Codigo_Clasificador,Codigo_Columna,Id_Haber;0.0;NO USO
REN_Parametros;PK_REN_Parametros;CLUSTERED;1;1;0.0;0.0;0.0;0.0;;;0.000000;0.000000;0.000000;Codigo_Area,Codigo_Estatuto;0.0;NO USO
RentaEncasillamiento;aaaRentaEncasillamiento_PK;CLUSTERED;1;1;0.0;0.0;0.0;0.0;;;0.132812;0.093750;0.078125;Rut;0.0;NO USO
RentaEncasillamiento;Codigo_TDP;NONCLUSTERED;0;0;0.0;0.0;0.0;0.0;;;0.039062;0.039062;0.023437;Rut;0.0;NO USO
ResultadoMigracionNet;NombreTablaDestino;NONCLUSTERED;0;0;0.0;0.0;0.0;0.0;;;0.000000;0.000000;0.000000;NombreTablaDestino;0.0;NO USO
ResultadoMigracionNet;NombreTablaOriginal;NONCLUSTERED;0;0;0.0;0.0;0.0;0.0;;;0.000000;0.000000;0.000000;NombreTablaOriginal;0.0;NO USO
ResultadoMigracionNet;PK_ResultadoMigracionNet;NONCLUSTERED;1;1;0.0;0.0;0.0;0.0;;;0.000000;0.000000;0.000000;NombreTablaOriginal,NombreTablaDestino;0.0;NO USO
RetencionJudicial;aaaaaRetencionJudicial_PK;NONCLUSTERED;1;1;0.0;0.0;0.0;0.0;;;0.015625;0.015625;0.007812;Id_Establecimiento,Id_Funcionario,Rut_Beneficiario;0.0;NO USO
RetencionJudicial;Id_Establecimiento;NONCLUSTERED;0;0;0.0;0.0;0.0;0.0;;;0.015625;0.015625;0.007812;Id_Establecimiento;0.0;NO USO
RetencionJudicial;Id_Funcionario;NONCLUSTERED;0;0;0.0;0.0;0.0;0.0;;;0.015625;0.015625;0.007812;Id_Funcionario;0.0;NO USO
RetencionJudicial;Rut_Beneficiario;NONCLUSTERED;0;0;0.0;1.0;0.0;0.0;;2026-06-04 10:00:08.980;0.015625;0.015625;0.007812;Rut_Beneficiario;0.0;NO USO
Retroactivo;aaRetroactivo_PK;NONCLUSTERED;1;1;0.0;0.0;0.0;0.0;;;0.000000;0.000000;0.000000;Id_Establecimiento,Id_Funcionario,Tipo_Horas;0.0;NO USO
Retroactivo;Id_Establecimiento;NONCLUSTERED;0;0;0.0;0.0;0.0;0.0;;;0.000000;0.000000;0.000000;Id_Establecimiento;0.0;NO USO
Retroactivo;Id_Funcionario;NONCLUSTERED;0;0;0.0;0.0;0.0;0.0;;;0.000000;0.000000;0.000000;Id_Funcionario;0.0;NO USO
Sindicatos;aaSindicatos_PK;NONCLUSTERED;1;1;0.0;0.0;0.0;0.0;;;0.000000;0.000000;0.000000;Id_Sindicato;0.0;NO USO
Sindicatos;Id_Sindicato;NONCLUSTERED;0;0;0.0;0.0;0.0;0.0;;;0.000000;0.000000;0.000000;Id_Sindicato;0.0;NO USO
SituacionMilitar;aaaSituacionMilitar_PK;CLUSTERED;1;1;0.0;0.0;0.0;0.0;;;0.015625;0.015625;0.007812;Codigo;0.0;NO USO
Suplencias;aaaaaSuplencias_PK;NONCLUSTERED;1;1;0.0;0.0;0.0;0.0;;;0.000000;0.000000;0.000000;Id_Funcionario;0.0;NO USO
Suplencias;Id_Funcionario;NONCLUSTERED;0;0;0.0;0.0;0.0;0.0;;;0.000000;0.000000;0.000000;Id_Funcionario;0.0;NO USO
Suplencias;Id_Incremento;NONCLUSTERED;0;0;0.0;0.0;0.0;0.0;;;0.000000;0.000000;0.000000;Id_Incremento_Suple;0.0;NO USO
Suplencias;Id_SueldoMedico;NONCLUSTERED;0;0;0.0;0.0;0.0;0.0;;;0.000000;0.000000;0.000000;Id_SueldoMedico_Suple;0.0;NO USO
Suplencias;TipoSuplencia;NONCLUSTERED;0;0;0.0;0.0;0.0;0.0;;;0.000000;0.000000;0.000000;TipoSuplencia;0.0;NO USO
sysdiagrams;PK__sysdiagr__C2B05B612F70311B;CLUSTERED;1;1;0.0;0.0;0.0;0.0;;;0.000000;0.000000;0.000000;diagram_id;0.0;NO USO
sysdiagrams;UK_principal_name;NONCLUSTERED;0;1;0.0;0.0;0.0;0.0;;;0.000000;0.000000;0.000000;principal_id,name;0.0;NO USO
Tabla_OperadoresLME;aaaTabla_OperadoresLME_PK;NONCLUSTERED;1;1;0.0;0.0;0.0;0.0;;;0.015625;0.015625;0.007812;CodigoOperadorLME;0.0;NO USO
TablaBienestar;aaaTablaBienestar_PK;NONCLUSTERED;1;1;0.0;0.0;0.0;0.0;;;0.015625;0.015625;0.007812;Id_Bienestar;0.0;NO USO
TablaBienestar;Id_Funcionario;NONCLUSTERED;0;0;2.0;0.0;0.0;0.0;2026-06-04 09:06:42.163;;0.015625;0.015625;0.007812;Id_Bienestar;2.0;Beneficio Busqueda
TablaControl;aaaTablaControl_PK;NONCLUSTERED;1;1;0.0;0.0;0.0;0.0;;;0.195312;0.031250;0.015625;Control_Ano,Control_Mes,Control_TipoProceso,Control_TipoRemun,Control_Id_Haber,SueldoDesde,SueldoHasta;0.0;NO USO
TablaControl;Control_Ano;NONCLUSTERED;0;0;0.0;0.0;0.0;0.0;;;0.015625;0.015625;0.007812;Control_Ano;0.0;NO USO
TablaControl;Control_Id_Haber;NONCLUSTERED;0;0;0.0;0.0;0.0;0.0;;;0.015625;0.015625;0.007812;Control_Id_Haber;0.0;NO USO
TablaControl;Control_Mes;NONCLUSTERED;0;0;0.0;0.0;0.0;0.0;;;0.015625;0.015625;0.007812;Control_Mes;0.0;NO USO
TablaControl;Control_TipoProceso;NONCLUSTERED;0;0;0.0;0.0;0.0;0.0;;;0.015625;0.015625;0.007812;Control_TipoProceso;0.0;NO USO
TablaControl;Control_TipoRemun;NONCLUSTERED;0;0;0.0;0.0;0.0;0.0;;;0.015625;0.015625;0.007812;Control_TipoRemun;0.0;NO USO
TablaSindicato;aaaTablaSindicato_PK;NONCLUSTERED;1;1;0.0;0.0;0.0;0.0;;;0.015625;0.015625;0.007812;Id_Sindicato;0.0;NO USO
TablaSindicato;Id_Funcionario;NONCLUSTERED;0;0;2.0;0.0;0.0;0.0;2026-06-04 09:06:42.197;;0.015625;0.015625;0.007812;Id_Sindicato;2.0;Beneficio Busqueda
Tbl_Paridad;Id_Vb6;NONCLUSTERED;0;0;0.0;0.0;0.0;0.0;;;0.000000;0.000000;0.000000;Id_Vb6;0.0;NO USO
Tbl_Paridad;PK_Tbl_Paridad;NONCLUSTERED;1;1;0.0;0.0;0.0;0.0;;;0.000000;0.000000;0.000000;Tipo,Id_Vb6;0.0;NO USO
Tbl_Paridad;Tipo;NONCLUSTERED;0;0;0.0;0.0;0.0;0.0;;;0.000000;0.000000;0.000000;Tipo;0.0;NO USO
TemporalDesDificil;aaaaaTemporalDesDificil_PK;NONCLUSTERED;1;1;0.0;0.0;0.0;0.0;;;0.000000;0.000000;0.000000;Id_Establecimiento,Id_Funcionario,Id_EstablecimientoAsig,Tipo_Horas;0.0;NO USO
Tipo_Causante;aaaId_Causante_PK;CLUSTERED;1;1;0.0;0.0;0.0;0.0;;;0.023437;0.023437;0.007812;ID_Causante;0.0;NO USO
Tipo_Finiquito;aaTipo_Finiquito_PK;NONCLUSTERED;1;1;0.0;0.0;0.0;0.0;;;0.015625;0.015625;0.007812;Codigo_Ley,Codigo_Causal;0.0;NO USO
Tipo_Finiquito;Codigo_Causal;NONCLUSTERED;0;0;0.0;0.0;0.0;0.0;;;0.015625;0.015625;0.007812;Codigo_Causal;0.0;NO USO
Tipo_Finiquito;Codigo_Ley;NONCLUSTERED;0;0;0.0;0.0;0.0;0.0;;;0.015625;0.015625;0.007812;Codigo_Ley;0.0;NO USO
Tipo_Finiquito;Detalle;NONCLUSTERED;0;0;0.0;0.0;0.0;0.0;;;0.015625;0.015625;0.007812;Detalle;0.0;NO USO
Tipo_Finiquito;Nombre_Ley;NONCLUSTERED;0;0;0.0;0.0;0.0;0.0;;;0.015625;0.015625;0.007812;Nombre_Ley;0.0;NO USO
Tipo_Horas;aaaaaTipo_Horas_PK;NONCLUSTERED;1;1;1.0;0.0;0.0;0.0;2026-06-04 09:07:06.377;;0.015625;0.015625;0.007812;Tipo_Horas;1.0;Beneficio Busqueda
Tipo_Horas;Id_TipoContrato;NONCLUSTERED;0;0;0.0;0.0;0.0;0.0;;;0.015625;0.015625;0.007812;Id_TipoContrato;0.0;NO USO
Tipo_Horas;Tipo_Horas;NONCLUSTERED;0;1;0.0;0.0;0.0;0.0;;;0.015625;0.015625;0.007812;Tipo_Horas;0.0;NO USO
Tipo_Horas_AEduca;aaTipo_Horas_AEduca_PK;NONCLUSTERED;1;1;0.0;0.0;0.0;0.0;;;0.015625;0.015625;0.007812;Tipo_Horas;0.0;NO USO
Tipo_Horas_AEduca;Tipo_Horas;NONCLUSTERED;0;0;0.0;0.0;0.0;0.0;;;0.015625;0.015625;0.007812;Tipo_Horas;0.0;NO USO
Tipo_Horas_Proyecto;aaTipo_Horas_Proyecto_PK;NONCLUSTERED;1;1;0.0;0.0;0.0;0.0;;;0.000000;0.000000;0.000000;Id_Tipo_Horas_Proyecto;0.0;NO USO
Tipo_Horas_Proyecto;Id_Tipo_Horas_Proyecto;NONCLUSTERED;0;0;0.0;0.0;0.0;0.0;;;0.000000;0.000000;0.000000;Id_Tipo_Horas_Proyecto;0.0;NO USO
Tipo_Permiso;aaaaaTipo_Pemiso_PK;NONCLUSTERED;1;1;0.0;0.0;0.0;0.0;;;0.015625;0.015625;0.007812;Id_Permiso;0.0;NO USO
TipoAdministracion;aaaTipoAdministracion_PK;CLUSTERED;1;1;5.0;0.0;0.0;0.0;2026-06-04 09:07:06.887;;0.015625;0.015625;0.007812;Codigo_Administracion;5.0;Beneficio Busqueda
TipoEstablecimiento;aaaTipoEstablecimiento_PK;CLUSTERED;1;1;3.0;0.0;0.0;0.0;2026-06-04 09:07:06.917;;0.015625;0.015625;0.007812;Codigo_TipoEstablecimiento;3.0;Beneficio Busqueda
TipoEstadoLicenciaMedica;aaaEstado_LicenciaMedica_PK;NONCLUSTERED;1;1;0.0;0.0;0.0;0.0;;;0.015625;0.015625;0.007812;Codigo;0.0;NO USO
TipoEstadoPagoLicenciaMedica;aaaEstadoPago_LicenciaMedica_PK;NONCLUSTERED;1;1;0.0;0.0;0.0;0.0;;;0.015625;0.015625;0.007812;Codigo;0.0;NO USO
TipoEstudio;aaaTipoEstudio_PK;CLUSTERED;1;1;0.0;0.0;0.0;0.0;;;0.015625;0.015625;0.007812;Codigo_TipoEstudio;0.0;NO USO
TipoInstitucionesAVP;aaTipoInstitucionesAVP_PK;NONCLUSTERED;1;1;0.0;0.0;0.0;0.0;;;0.015625;0.015625;0.007812;Tipo_Institucion;0.0;NO USO
TipoInstitucionesAVP;Tipo_Institucion;NONCLUSTERED;0;0;0.0;0.0;0.0;0.0;;;0.015625;0.015625;0.007812;Tipo_Institucion;0.0;NO USO
TipoPago;aaaTipoPago_PK;CLUSTERED;1;1;14.0;0.0;0.0;0.0;2026-06-04 09:07:07.337;;0.015625;0.015625;0.007812;Codigo;14.0;Beneficio Busqueda
TiposDeAccidentes;aaaaaTiposDeAccidentes_PK;NONCLUSTERED;1;1;0.0;0.0;0.0;0.0;;;0.015625;0.015625;0.007812;Id_Accidente;0.0;NO USO
TiposLicenciasMedicas;aaaTiposLicenciasMedicas_PK;NONCLUSTERED;1;1;0.0;0.0;0.0;0.0;;;0.070312;0.015625;0.007812;Id_TipoLicencia;0.0;NO USO
Totales_Finiquito;aaTotales_Finiquito_PK;NONCLUSTERED;1;1;0.0;0.0;0.0;0.0;;;0.000000;0.000000;0.000000;Id_Establecimiento,Id_Funcionario,Correlativo;0.0;NO USO
Totales_Finiquito;Correlativo;NONCLUSTERED;0;0;0.0;0.0;0.0;0.0;;;0.000000;0.000000;0.000000;Correlativo;0.0;NO USO
Totales_Finiquito;Id_Establecimiento;NONCLUSTERED;0;0;0.0;0.0;0.0;0.0;;;0.000000;0.000000;0.000000;Id_Establecimiento;0.0;NO USO
Totales_Finiquito;Id_Funcionario;NONCLUSTERED;0;0;0.0;0.0;0.0;0.0;;;0.000000;0.000000;0.000000;Id_Funcionario;0.0;NO USO
Totales_PlanillaRemuneraciones;aaTotales_PlanillaRemuneraciones_PK;NONCLUSTERED;1;1;0.0;0.0;0.0;0.0;;;2.195312;2.132812;2.101562;Id_Establecimiento,Id_Funcionario,Id_Remuneracion,Id_ProcesoPs,Tipo_Hd,Id_Hd,DescNoEfec;0.0;NO USO
Totales_PlanillaRemuneraciones;Id_Establecimiento;NONCLUSTERED;0;0;0.0;0.0;0.0;0.0;;;1.695312;1.593750;1.578125;Id_Establecimiento;0.0;NO USO
Totales_PlanillaRemuneraciones;Id_Funcionario;NONCLUSTERED;0;0;0.0;0.0;0.0;0.0;;;1.320312;1.210937;1.195312;Id_Funcionario;0.0;NO USO
Totales_PlanillaRemuneraciones;Id_Hd;NONCLUSTERED;0;0;0.0;0.0;0.0;0.0;;;1.320312;1.210937;1.195312;Id_Hd;0.0;NO USO
Totales_PlanillaRemuneraciones;Id_ProcesoPs;NONCLUSTERED;0;0;0.0;0.0;0.0;0.0;;;1.320312;1.210937;1.195312;Id_ProcesoPs;0.0;NO USO
Totales_PlanillaRemuneraciones;Id_Remuneracion;NONCLUSTERED;0;0;0.0;0.0;0.0;0.0;;;1.320312;1.210937;1.195312;Id_Remuneracion;0.0;NO USO
Totales_PlanillaRemuneraciones;Tipo_Hd;NONCLUSTERED;0;0;0.0;0.0;0.0;0.0;;;1.320312;1.210937;1.195312;Tipo_Hd;0.0;NO USO
TramoDesarrolloProfesional;aaaTramoDesarrolloProfesional_PK;CLUSTERED;1;1;12.0;0.0;0.0;6.0;2026-06-04 09:07:07.133;;0.015625;0.015625;0.007812;Codigo_TDP;12.0;Beneficio Busqueda
TramoDesarrolloProfesional;Codigo_TDP;NONCLUSTERED;0;0;0.0;1.0;0.0;0.0;;2026-06-04 09:07:07.060;0.015625;0.015625;0.007812;Codigo_TDP;0.0;NO USO
TramosAsigFamiliar;aaaaaTramosAsigFamiliar_PK;NONCLUSTERED;1;1;0.0;0.0;0.0;0.0;;;0.015625;0.015625;0.007812;Periodo,Tramo;0.0;NO USO
TramosAsigFamiliar;Periodo;NONCLUSTERED;0;0;0.0;0.0;0.0;0.0;;;0.015625;0.015625;0.007812;Periodo;0.0;NO USO
TramosAsigFamiliar;Tramo;NONCLUSTERED;0;0;0.0;0.0;0.0;0.0;;;0.015625;0.015625;0.007812;Tramo;0.0;NO USO
Transfer_W2W;aaTransfer_W2W_PK;NONCLUSTERED;1;1;0.0;0.0;0.0;0.0;;;0.000000;0.000000;0.000000;Ano,Mes,TipoRemuneracion,Id_ProcesoPs,Correlativo;0.0;NO USO
UnidadEducativa;aaaaaUnidadEducativa_PK;NONCLUSTERED;1;1;0.0;0.0;0.0;0.0;;;0.000000;0.000000;0.000000;Rut_Funcionario,Id_Establecimiento,Id_Unidad;0.0;NO USO
UnidadEducativa;Id_Establecimiento;NONCLUSTERED;0;0;0.0;0.0;0.0;0.0;;;0.000000;0.000000;0.000000;Id_Establecimiento;0.0;NO USO
UnidadEducativa;Id_Unidad;NONCLUSTERED;0;1;0.0;0.0;0.0;0.0;;;0.000000;0.000000;0.000000;Id_Unidad;0.0;NO USO
Utm_Ipc;aaaaaUtm_Ipc_PK;NONCLUSTERED;1;1;0.0;0.0;0.0;0.0;;;0.000000;0.000000;0.000000;Ano,Mes;0.0;NO USO
VerificaTablas;aaaVerificaTablas_PK;NONCLUSTERED;1;1;2.0;0.0;0.0;1.0;2026-06-04 10:53:21.843;;0.015625;0.015625;0.007812;Sistema,Version,Fecha_Proceso;2.0;Beneficio Busqueda
xData_Causales;PK__xData_Ca__573F24844C9FC96B;CLUSTERED;1;1;0.0;0.0;0.0;0.0;;;0.015625;0.015625;0.007812;Id_Causal;0.0;NO USO
xData_EstadoNotificacion;PK__xData_Es__AB2EB6F848CF3887;CLUSTERED;1;1;0.0;0.0;0.0;0.0;;;0.015625;0.015625;0.007812;Id_Estado;0.0;NO USO
