TABLA;INDICE;PAGES;FRAGMENTACION;PAGE_FULLNESS;USER_SEEKS;USER_SCANS;USER_LOOKUPS;USER_UPDATES;USED-PAGES
AccidentesDeTrabajo;aaaaaAccidentesDeTrabajo_PK;1;0;0.704225352112676;0.0;0.0;0.0;0.0;0.0
AdicionalDosSalud;aaaaaAdicionalDosSalud_PK;0;0;0;0.0;0.0;0.0;0.0;0.0
AdicionalDosSalud;Dos_FechaContratoIsapre;0;0;0;0.0;0.0;0.0;0.0;0.0
AdicionalDosSalud;Id_Establecimiento;0;0;0;0.0;0.0;0.0;0.0;0.0
AdicionalDosSalud;Id_Funcionario;0;0;0;0.0;0.0;0.0;0.0;0.0
Afp;aaaaaAfp_PK;1;0;3.02693353101063;0.0;0.0;1.0;0.0;0.0
Afp;Id_Afp;1;0;3.02693353101063;0.0;0.0;0.0;0.0;0.0
Afp;Id_RegPrevisional;1;0;3.7311588831233;0.0;0.0;0.0;0.0;0.0
AguinaldoTemporal;aaaaaAguinaldoTemporal_PK;7;85.7142857142857;59.0455028416111;0.0;0.0;0.0;0.0;0.0
AguinaldoTemporal;Id_Establecimiento;4;75;92.9886335557203;0.0;0.0;0.0;0.0;0.0
AguinaldoTemporal;Id_EstablecimientoFun;5;80;57.9886335557203;0.0;0.0;0.0;0.0;0.0
AguinaldoTemporal;Id_Funcionario;4;75;67.31220657277;0.0;0.0;0.0;0.0;0.0
AguinaldoTemporal;Rut_Temporal;6;83.3333333333333;96.6641957005189;0.0;0.0;0.0;0.0;0.0
Anexo_Finiquito;aaAnexo_Finiquito_PK;0;0;0;0.0;0.0;0.0;0.0;0.0
Anexo_Finiquito;Correlativo;0;0;0;0.0;0.0;0.0;0.0;0.0
Anexo_Finiquito;Correlativo_Anexo;0;0;0;0.0;0.0;0.0;0.0;0.0
Anexo_Finiquito;Id_Establecimiento;0;0;0;0.0;0.0;0.0;0.0;0.0
Anexo_Finiquito;Id_Funcionario;0;0;0;0.0;0.0;0.0;0.0;0.0
Anexo_PlanCta;aaAnexo_PlanCta_PK;0;0;0;0.0;0.0;0.0;0.0;0.0
Anexo_PlanCta_Privado;aaAnexo_PlanCta_Privado_PK;0;0;0;0.0;0.0;0.0;0.0;0.0
Anexo_PlanCta_Privado;Codigo_Cuenta;0;0;0;0.0;0.0;0.0;0.0;0.0
Anexo_PlanCta_Privado;Id_Establecimiento;0;0;0;0.0;0.0;0.0;0.0;0.0
Anexo_PlanCta_Privado;Id_HaberDcto;0;0;0;0.0;0.0;0.0;0.0;0.0
Anexo_PlanCta_Privado;Tipo_Cuenta;0;0;0;0.0;0.0;0.0;0.0;0.0
AnexoPlanCuentaPrivado;aaaaaAnexoPlanCuentaPrivado_PK;0;0;0;0.0;0.0;0.0;0.0;0.0
AnexoPlanCuentaPrivado;AnoProceso;0;0;0;0.0;0.0;0.0;0.0;0.0
AnexoPlanCuentaPrivado;Codigo_Cuenta;0;0;0;0.0;0.0;0.0;0.0;0.0
AnexoPlanCuentaPrivado;MesProceso;0;0;0;0.0;0.0;0.0;0.0;0.0
AnexoPlanCuentaPrivado;Rut;0;0;0;0.0;0.0;0.0;0.0;0.0
AnexoPlandeCuenta;aaAnexoPlandeCuenta_PK;2;0;68.346923647146;0.0;0.0;0.0;0.0;0.0
AnexoPlandeCuenta;Ano_Proceso;1;0;45.2680998270324;0.0;0.0;0.0;0.0;0.0
AnexoPlandeCuenta;Codigo_Area;1;0;45.2680998270324;0.0;0.0;0.0;0.0;0.0
AnexoPlandeCuenta;CodigoCuenta;2;0;57.8947368421053;0.0;0.0;0.0;0.0;0.0
AnexoPlandeCuenta;Mes_Proceso;1;0;45.2680998270324;0.0;0.0;0.0;0.0;0.0
Anotaciones;aaaaaAnotaciones_PK;1;0;0;0.0;0.0;0.0;0.0;0.0
Anotaciones;Id_Establecimiento;1;0;0;0.0;0.0;0.0;0.0;0.0
Anotaciones;Id_Funcionario;1;0;0;0.0;0.0;0.0;0.0;0.0
Anotaciones;Id_Merito_Demerito;1;0;0;0.0;0.0;0.0;0.0;0.0
Anotaciones;Id_TipoAnotacion;1;0;0;0.0;0.0;0.0;0.0;0.0
Antecedentes;aaaaaAntecedentes_PK;31;96.7741935483871;68.2899431677786;0.0;0.0;0.0;0.0;0.0
Antecedentes;Id_Antecedentes;14;50;94.1720533728688;0.0;0.0;0.0;0.0;0.0
Antecedentes;Id_Establecimiento;24;91.6666666666667;66.2357919446504;0.0;0.0;0.0;0.0;0.0
Antecedentes;Id_Funcionario;21;90.4761904761905;54.4000864838152;0.0;0.0;0.0;0.0;0.0
AperturaDeCuentas;aaAperturaDeCuentas_PK;0;0;0;0.0;0.0;0.0;0.0;0.0
AperturaDeCuentas;Id_Establecimiento;0;0;0;0.0;0.0;0.0;0.0;0.0
AperturaDeCuentas;Id_Funcionario;0;0;0;0.0;0.0;0.0;0.0;0.0
Asignaciones_Transparencia;aaaAsignaciones_Transparencia_PK;4;75;57.5271806276254;0.0;0.0;0.0;0.0;0.0
Asignaciones_Transparencia;Id_Haber;1;0;28.6384976525822;0.0;0.0;0.0;0.0;0.0
Asignaturas;aaaaaAsignaturas_PK;1;0;0.617741536940944;0.0;0.0;0.0;0.0;0.0
Asistencia;aaaaaAsistencia_PK;0;0;0;0.0;0.0;0.0;0.0;0.0
Asistencia;Id_Establecimiento;0;0;0;0.0;0.0;0.0;0.0;0.0
Asistencia;Id_Funcionario;0;0;0;0.0;0.0;0.0;0.0;0.0
Bancos;aaaaaBancos_PK;1;0;1.09957993575488;0.0;0.0;0.0;0.0;0.0
Bancos;Id_Banco;1;0;1.09957993575488;0.0;0.0;0.0;0.0;0.0
Base_CalculoLicencia;aaaBase_CalculoLicencia_PK;395;26.0759493670886;86.6470348406227;0.0;2.0;0.0;0.0;0.0
BaseCalculo_PostNatalParental;aaaBaseCalculo_PostNatalParental_PK;22;45.4545454545455;96.1374351371386;0.0;0.0;0.0;0.0;0.0
BaseCalculo_PostNatalParental;Id_CorrelativoPermiso;2;50;73.5297751420806;0.0;0.0;0.0;0.0;0.0
BaseCalculo_PostNatalParental;Rut;2;50;73.5297751420806;0.0;0.0;0.0;0.0;0.0
Bienestar_MacroCalculo;aaaBienestar_MacroCalculo_PK;1;0;4.10180380528787;0.0;12.0;0.0;0.0;0.0
Bienestar_TipoMoneda;aaaBienestar_TipoMoneda_PK;1;0;1.01309612058315;0.0;6.0;0.0;0.0;0.0
Bienios_Cumplidos;aaaaaBienios_Cumplidos_PK;1;0;54.5836422041018;0.0;0.0;0.0;0.0;0.0
Bienios_Cumplidos;Id_Funcionario;1;0;41.7346182357302;0.0;0.0;0.0;0.0;0.0
Calificacion;aaaaaCalificacion_PK;0;0;0;0.0;0.0;0.0;0.0;0.0
Calificacion;Id_Establecimeinto;0;0;0;0.0;0.0;0.0;0.0;0.0
Calificacion;Id_Funcionario;0;0;0;0.0;0.0;0.0;0.0;0.0
Calificacion;Periodo;0;0;0;0.0;0.0;0.0;0.0;0.0
Capacitacion;aaaaaCapacitacion_PK;1;0;0.33358042994811;0.0;0.0;0.0;0.0;0.0
Capacitacion;Id_Capacitacion;1;0;0.160612799604645;0.0;0.0;0.0;0.0;0.0
Capacitacion;Rut_Funcionario;1;0;0.284161106992834;0.0;0.0;0.0;0.0;0.0
CargaDescuentosVarios_Aviso;aaaaaCargaDescuentosVarios_Aviso_PK;161;0;79.7548183839881;0.0;0.0;0.0;0.0;0.0
CargaPagosLicencia;FechaInicio;1;0;17.9145045712874;0.0;0.0;0.0;0.0;0.0
CargaPagosLicencia;FechaTermino;1;0;17.9145045712874;0.0;0.0;0.0;0.0;0.0
CargaPagosLicencia;NLicencia;1;0;24.0919199406968;0.0;0.0;0.0;0.0;0.0
CargaPagosLicencia;Rut;1;0;22.8070175438597;0.0;0.0;0.0;0.0;0.0
CargaPagosLicencia_Aviso;NLicencia;1;0;0.345935260686929;0.0;0.0;0.0;0.0;0.0
CargaPagosLicencia_Aviso;Rut;1;0;0.321225599209291;0.0;0.0;0.0;0.0;0.0
CargasRetroactivas;aaaaaCargasRetroactivas_PK;24;95.8333333333333;65.2700642451198;0.0;0.0;0.0;0.0;0.0
CargasRetroactivas;Id_Carga_Retro;17;88.2352941176471;54.2813194959229;0.0;0.0;0.0;0.0;0.0
CargasRetroactivas;Id_Establecimiento;18;94.4444444444444;71.2537435137139;0.0;0.0;0.0;0.0;0.0
CargasRetroactivas;Id_Funcionario;12;75;76.9088213491475;0.0;0.0;0.0;0.0;0.0
CargoFuncionario;aaaaaCargoFuncionario_PK;1;0;65.344699777613;0.0;0.0;0.0;0.0;0.0
CargoFuncionario;Id_Cargo;1;0;65.344699777613;0.0;0.0;0.0;0.0;0.0
CarreraDocente;aaaCarreraDocente_PK;0;0;0;0.0;0.0;0.0;0.0;0.0
CarreraDocente;Ano;0;0;0;0.0;0.0;0.0;0.0;0.0
CarreraDocente;Correlativo;0;0;0;0.0;0.0;0.0;0.0;0.0
CarreraDocente;Mes;0;0;0;0.0;0.0;0.0;0.0;0.0
CarreraDocente;Rut;0;0;0;0.0;0.0;0.0;0.0;0.0
CategoriaAsistEducacion;aaaCategoriaAsistEducacion_PK;1;0;1.5072893501359;0.0;5.0;0.0;0.0;0.0
CausalesEgreso;aaaaaCausalesEgreso_PK;1;0;0.160612799604645;0.0;0.0;0.0;0.0;0.0
CausalesEgreso;Id_Codigo;1;0;0.160612799604645;0.0;0.0;0.0;0.0;0.0
CCAF_LosAndes;aaCCAF_LosAndes_PK;0;0;0;0.0;0.0;0.0;0.0;0.0
CCAF_LosAndes;K1_Ano;1;0;0;0.0;0.0;0.0;0.0;0.0
CCAF_LosAndes;K1_Id_Establecimiento;1;0;0;0.0;0.0;0.0;0.0;0.0
CCAF_LosAndes;K1_Id_Funcionario;1;0;0;0.0;0.0;0.0;0.0;0.0
CCAF_LosAndes;K1_Mes;1;0;0;0.0;0.0;0.0;0.0;0.0
CCAF_LosAndes_AfiliadoVoluntario;aaCCAF_LosAndes_AfiliadoVoluntario_PK;0;0;0;0.0;0.0;0.0;0.0;0.0
CCAF_LosAndes_AfiliadoVoluntario;K1_Ano;0;0;0;0.0;0.0;0.0;0.0;0.0
CCAF_LosAndes_AfiliadoVoluntario;K1_Id_Establecimiento;0;0;0;0.0;0.0;0.0;0.0;0.0
CCAF_LosAndes_AfiliadoVoluntario;K1_Id_Funcionario;0;0;0;0.0;0.0;0.0;0.0;0.0
CCAF_LosAndes_AfiliadoVoluntario;K1_Mes;0;0;0;0.0;0.0;0.0;0.0;0.0
CCAF_LosAndes_DepositosConvenidos;aaCCAF_LosAndes_DepositosConvenidos_PK;0;0;0;0.0;0.0;0.0;0.0;0.0
CCAF_LosAndes_DepositosConvenidos;K1_Ano;1;0;0;0.0;0.0;0.0;0.0;0.0
CCAF_LosAndes_DepositosConvenidos;K1_Id_Establecimiento;1;0;0;0.0;0.0;0.0;0.0;0.0
CCAF_LosAndes_DepositosConvenidos;K1_Id_Funcionario;1;0;0;0.0;0.0;0.0;0.0;0.0
CCAF_LosAndes_DepositosConvenidos;K1_Mes;1;0;0;0.0;0.0;0.0;0.0;0.0
CCAF_LosAndes_SIL;aaCCAF_LosAndes_SIL_PK;0;0;0;0.0;0.0;0.0;0.0;0.0
CCAF_LosAndes_SIL;K1_Ano;0;0;0;0.0;0.0;0.0;0.0;0.0
CCAF_LosAndes_SIL;K1_Id_Establecimiento;0;0;0;0.0;0.0;0.0;0.0;0.0
CCAF_LosAndes_SIL;K1_Id_Funcionario;0;0;0;0.0;0.0;0.0;0.0;0.0
CCAF_LosAndes_SIL;K1_Mes;0;0;0;0.0;0.0;0.0;0.0;0.0
Centros_Estudios;aaCentros_Estudios_PK;1;0;79.1574005436126;0.0;0.0;0.0;0.0;0.0
Centros_Estudios;Id_Centros_Estudios;1;0;79.1574005436126;0.0;0.0;0.0;0.0;0.0
Certificados;PK_Certificados;1;0;0.938967136150235;0.0;0.0;0.0;0.0;0.0
Cheques;aaaaaCheques_PK;1;0;0;0.0;0.0;1.0;0.0;1.0
Cheques;Id_Establecimiento;1;0;0;0.0;0.0;1.0;0.0;1.0
ClasificacionFuncionarios;aaClasificacionFuncionarios_PK;1;0;1.42080553496417;0.0;9.0;0.0;0.0;0.0
CometidoFuncionario;aaaaaCometidoFuncionario_PK;1;0;0.284161106992834;0.0;0.0;0.0;0.0;0.0
CometidoFuncionario;Id_Cometido;1;0;0.160612799604645;0.0;0.0;0.0;0.0;0.0
CometidoFuncionario;Id_Establecimiento;1;0;0.210032122559921;0.0;0.0;0.0;0.0;0.0
CometidoFuncionario;Id_Funcionario;1;0;0.135903138127008;0.0;0.0;0.0;0.0;0.0
ComponentesINE;aaComponentesINE_PK;1;0;2.54509513219669;0.0;0.0;0.0;0.0;0.0
ComponentesINE;Id_Componente_INE;1;0;2.54509513219669;0.0;16.0;0.0;0.0;0.0
ComponentesINE;Orden;1;0;3.13812700766;0.0;0.0;0.0;0.0;0.0
Constantes;aaaaaConstantes_PK;1;0;7.36347912033605;0.0;0.0;1.0;0.0;0.0
Constantes;Id_Constante;1;0;7.36347912033605;0.0;28.0;0.0;0.0;0.0
ContingenciaLeySanna;aaaContingenciaLeySanna_PK;1;0;0.778354336545589;0.0;0.0;0.0;0.0;0.0
CuentaBanco;aaaaaCuentaBanco_PK;19;89.4736842105263;57.8056585124784;0.0;0.0;0.0;0.0;0.0
CuentaBanco;Id_Establecimiento;17;82.3529411764706;58.1716333086237;0.0;0.0;0.0;0.0;0.0
CuentaBanco;Id_Funcionario;13;76.9230769230769;54.6948356807512;0.0;0.0;0.0;0.0;0.0
DatosPersonales_Finiquito;aaDatosPersonales_Finiquito_PK;0;0;0;0.0;0.0;0.0;0.0;0.0
DatosPersonales_Finiquito;Codigo_Causal;0;0;0;0.0;0.0;0.0;0.0;0.0
DatosPersonales_Finiquito;Codigo_Ley;0;0;0;0.0;0.0;0.0;0.0;0.0
DatosPersonales_Finiquito;Correlativo;0;0;0;0.0;0.0;0.0;0.0;0.0
DatosPersonales_Finiquito;Estado_Finiquito;0;0;0;0.0;0.0;0.0;0.0;0.0
DatosPersonales_Finiquito;Fecha_Inicio;0;0;0;0.0;0.0;0.0;0.0;0.0
DatosPersonales_Finiquito;Fecha_Pago;0;0;0;0.0;0.0;0.0;0.0;0.0
DatosPersonales_Finiquito;Fecha_Termino;0;0;0;0.0;0.0;0.0;0.0;0.0
DatosPersonales_Finiquito;Id_Establecimiento;0;0;0;0.0;0.0;0.0;0.0;0.0
DatosPersonales_Finiquito;Id_Funcionario;0;0;0;0.0;0.0;0.0;0.0;0.0
Decreto_Pago;aaDecreto_Pago_PK;4;50;48.807758833704;0.0;0.0;0.0;0.0;0.0
Decreto_Pago;ID_Haber;2;50;84.6182357301705;0.0;0.0;0.0;0.0;0.0
Decreto_Pago;SW_Clasificador2008;5;80;39.0412651346677;0.0;0.0;0.0;0.0;0.0
DescuentoBienestar;aaaDescuentoBienestar_PK;0;0;0;0.0;0.0;0.0;0.0;0.0
DescuentoBienestar;Id_Bienestar;0;0;0;0.0;0.0;0.0;0.0;0.0
DescuentoBienestar;Id_Establecimiento;0;0;0;0.0;0.0;0.0;0.0;0.0
DescuentoBienestar;Id_Funcionario;0;0;0;0.0;0.0;0.0;0.0;0.0
Descuentos;aaaaaDescuentos_PK;1;0;45.1074870274277;0.0;9.0;0.0;0.0;0.0
Descuentos_Finiquito;aaDescuentos_Finiquito_PK;1;0;42.5376822337534;0.0;0.0;0.0;0.0;0.0
Descuentos_Finiquito;Id_Dcto;1;0;42.5376822337534;0.0;260.0;0.0;0.0;0.0
DescuentoSindicato;aaaDescuentoSindicato_PK;0;0;0;0.0;0.0;0.0;0.0;0.0
DescuentoSindicato;Id_Establecimiento;0;0;0;0.0;0.0;0.0;0.0;0.0
DescuentoSindicato;Id_Funcionario;0;0;0;0.0;0.0;0.0;0.0;0.0
DescuentoSindicato;Id_Sindicato;0;0;0;0.0;0.0;0.0;0.0;0.0
DescuentosNoEfectuados;aaaaaDescuentosNoEfectuados_PK;0;0;0;0.0;0.0;1.0;0.0;1.0
DescuentosNoEfectuados;Id_Descuento;0;0;0;0.0;0.0;0.0;0.0;1.0
DescuentosNoEfectuados;Id_Establecimiento;0;0;0;0.0;0.0;0.0;0.0;1.0
DescuentosNoEfectuados;Id_Funcionario;0;0;0;0.0;0.0;1.0;0.0;1.0
DescuentosNoEfectuadosSuple;aaaDescuentosNoEfectuadosSuple_PK;0;0;0;0.0;0.0;0.0;0.0;0.0
Detalle_DecretoPago;aaDetalle_DecretoPago_PK;6169;0;99.8186310847541;0.0;3939.0;299.0;0.0;0.0
Detalle_DecretoPago;Cta_CodigoTrabajo;8761;0;99.7176303434643;0.0;0.0;0.0;0.0;0.0
Detalle_DecretoPago;Cta_Contrata;8762;0;99.7078576723499;0.0;0.0;0.0;0.0;0.0
Detalle_DecretoPago;Cta_Planta;8762;0;99.7080059303187;0.0;0.0;0.0;0.0;0.0
Detalle_DecretoPago;Cta_Suplencia;8763;0;99.7079070916729;0.0;0.0;0.0;0.0;0.0
DetalleCCAF;aaDetalleCCAF_PK;0;0;0;0.0;0.0;0.0;0.0;0.0
DetalleDesDificil;aaaaaDetalleDesDificil_PK;0;0;0;0.0;0.0;1.0;0.0;0.0
Dias_Feriados;aaaaaDias_Feriados_PK;2;50;83.3086236718557;0.0;0.0;0.0;0.0;0.0
Dias_Feriados;Ano;3;66.6666666666667;43.8349394613294;0.0;0.0;0.0;0.0;0.0
Dias_Feriados;Dia;2;50;56.9928341981715;0.0;0.0;0.0;0.0;0.0
Dias_Feriados;Mes;2;50;56.9928341981715;0.0;0.0;0.0;0.0;0.0
DistribucionDesDificil;aaaaaDistribucionDesDificil_PK;0;0;0;0.0;0.0;0.0;0.0;0.0
DocenteCapRedEnlace;aaaaaDocenteCapRedEnlace_PK;1;0;0;0.0;0.0;0.0;0.0;0.0
dtproperties;pk_dtproperties;0;0;0;0.0;0.0;0.0;0.0;0.0
ErroresMigracionNet;ID;0;0;0;0.0;0.0;0.0;0.0;0.0
ErroresMigracionNet;PK_ErroresMigracionNet;0;0;0;0.0;0.0;0.0;0.0;0.0
Escalafones;aaaaaEscalafones_PK;1;0;0.296515937731653;0.0;0.0;0.0;0.0;0.0
Escalafones;Id_Escalafon;1;0;0.296515937731653;0.0;0.0;0.0;0.0;0.0
Establecimiento;aaaaaEstablecimiento_PK;1;0;67.667407956511;0.0;0.0;0.0;0.0;0.0
Establecimiento;IdEstablecimiento;1;0;67.667407956511;0.0;0.0;5.0;0.0;0.0
Estado_LME;aaaEstado_LME_PK;1;0;4.63306152705708;0.0;0.0;0.0;0.0;0.0
EstadoCivil;aaaEstadoCivil_PK;1;0;1.60612799604645;0.0;10.0;0.0;0.0;0.0
EstadoEstudio;aaaEstadoEstudio_PK;1;0;1.18606375092661;0.0;0.0;0.0;0.0;0.0
EstadoPrevisional;aaaEstadoPrevisional_PK;1;0;3.71880405238448;0.0;17.0;0.0;0.0;1.0
Estamento;aaaEstamento_PK;1;0;5.84383493946133;0.0;0.0;0.0;0.0;0.0
Estamento_Dipres;aaaEstamento_Dipres_PK;1;0;1.74203113417346;0.0;0.0;0.0;0.0;0.0
FactorActual;PK_FactorActual;1;0;1.45787002718063;0.0;0.0;0.0;0.0;0.0
Feriados;aaaaaFeriados_PK;18;88.8888888888889;58.7328144304423;0.0;0.0;0.0;0.0;0.0
Feriados;Id_Correlativo;7;85.7142857142857;89.088930071658;0.0;0.0;0.0;0.0;0.0
Feriados;Id_Establecimiento;16;93.75;45.2843217197924;0.0;0.0;0.0;0.0;0.0
Feriados;Id_Funcionario;8;75;67.5531257721769;0.0;0.0;0.0;0.0;0.0
Feriados;Id_Periodo;8;62.5;67.5531257721769;0.0;0.0;0.0;0.0;0.0
Ficha_EducacionHrs;aaaaaFicha_EducacionHrs_PK;29;3.44827586206897;98.7283049172226;0.0;0.0;0.0;0.0;0.0
Ficha_EducacionHrs;Id_Establecimiento;25;4;96.2495675809241;0.0;0.0;0.0;0.0;0.0
Ficha_EducacionHrs;Id_Funcionario;19;5.26315789473684;96.1817148505066;0.0;0.0;0.0;0.0;0.0
Ficha_EducacionHrs;Tipo_Horas;19;5.26315789473684;96.1817148505066;0.0;0.0;0.0;0.0;0.0
FichaAfiliadoVoluntario;aaFichaAfiliadoVoluntario_PK;0;0;0;0.0;0.0;3.0;0.0;2.0
FichaAfiliadoVoluntario;Id_Establecimiento;0;0;0;0.0;0.0;0.0;0.0;0.0
FichaAfiliadoVoluntario;Id_Funcionario;0;0;0;0.0;0.0;0.0;0.0;0.0
FichaAfiliadoVoluntario;Rut_Afiliado;0;0;0;0.0;0.0;0.0;0.0;0.0
FichaDetalle_AEduca;aaFichaDetalle_AEduca_PK;0;0;0;0.0;0.0;1.0;0.0;0.0
FichaDetalle_AEduca;Id_Establecimiento;0;0;0;0.0;0.0;0.0;0.0;0.0
FichaDetalle_AEduca;Id_Funcionario;0;0;0;0.0;0.0;0.0;0.0;0.0
FichaDetalle_AEduca;Tipo_Horas;0;0;0;0.0;0.0;0.0;0.0;0.0
FichaEducacion;aaaaaFichaEducacion_PK;21;14.2857142857143;93.1795527551272;0.0;0.0;0.0;0.0;0.0
FichaEducacion;FichaEducacion_Indice;22;4.54545454545455;96.6479120336051;0.0;0.0;0.0;0.0;0.0
FichaEducacion;Id_Cargo;16;25;84.7294292068199;0.0;0.0;0.0;0.0;0.0
FichaEducacion;Id_Escalafon;16;6.25;95.3236965653571;0.0;0.0;0.0;0.0;0.0
FichaEducacion;Id_Establecimiento;19;15.7894736842105;94.0690387941685;0.0;0.0;0.0;0.0;0.0
FichaEducacion;Id_Funcionario;14;7.14285714285714;96.8371633308624;0.0;0.0;0.0;0.0;0.0
FichaFuncionario;<Indice_liq>;24;4.16666666666667;98.8262910798122;0.0;0.0;0.0;0.0;0.0
FichaFuncionario;aaaaaFichaFuncionario_PK;20;5;97.7477143563133;0.0;0.0;0.0;0.0;0.0
FichaFuncionario;Id_Establecimiento;18;5.55555555555556;99.1969360019768;0.0;0.0;0.0;0.0;0.0
FichaFuncionario;Id_Funcionario;14;7.14285714285714;96.8089325426242;0.0;3842.0;0.0;0.0;0.0
FichaLeyesPrevisional;aaFichaLeyesPrev_PK;14;14.2857142857143;86.6391401037806;0.0;0.0;0.0;0.0;0.0
FichaLeyesPrevisional;Id_Establecimiento;13;15.3846153846154;85.2122189276007;0.0;0.0;0.0;0.0;0.0
FichaLeyesPrevisional;Id_Funcionario;9;11.1111111111111;93.4986162589573;0.0;0.0;0.0;0.0;0.0
FichaPersonal;aaaaaFichaPersonal_PK;20;5;97.918211020509;0.0;0.0;1.0;0.0;0.0
FichaPersonal;Id_Establecimiento;18;5.55555555555556;99.3699036323202;0.0;0.0;0.0;0.0;0.0
FichaPersonal;Id_Funcionario;14;7.14285714285714;96.9783666913763;0.0;0.0;0.0;0.0;0.0
Firmas_Liquidacion;aaaFirmas_Liquidacion_PK;0;0;0;0.0;0.0;0.0;0.0;0.0
FormatoCargaFamiliar;FechaInicio;0;0;0;0.0;0.0;0.0;0.0;0.0
FormatoCargaFamiliar;FechaTermino;0;0;0;0.0;0.0;0.0;0.0;0.0
FormatoCargaFamiliar;NombreArchivo;0;0;0;0.0;0.0;0.0;0.0;0.0
FormatoCargaLicencia;FechaInicio;1;0;0.642451198418582;0.0;0.0;0.0;0.0;0.0
FormatoCargaLicencia;FechaTermino;1;0;0.642451198418582;0.0;0.0;0.0;0.0;0.0
FormatoCargaLicencia;NombreArchivo;1;0;0.852483320978503;0.0;0.0;0.0;0.0;0.0
FuncionariosDocentesConFeriados;aaaaaFuncionariosDocentesConFeriados_PK;1;0;0.210032122559921;0.0;0.0;0.0;0.0;0.0
FuncionarioSuplementaria;aaFuncionarioSuplementaria_PK;2255;0;80.0401037805782;0.0;0.0;0.0;0.0;0.0
FuncionarioSuplementaria_AEduca;aaFuncionarioSuplementaria_AEduca_PK;0;0;0;0.0;0.0;0.0;0.0;0.0
GrupoFamiliar;aaaaaGrupoFamiliar_PK;17;82.3529411764706;51.5051148999259;0.0;0.0;0.0;0.0;0.0
GrupoFamiliar;Id_Carga_Carga;9;88.8888888888889;57.2605263157895;0.0;0.0;0.0;0.0;0.0
GrupoFamiliar;Id_Establecimiento;15;73.3333333333333;47.8000247096615;0.0;0.0;0.0;0.0;0.0
GrupoFamiliar;Id_Funcionario;11;72.7272727272727;46.845033358043;0.0;0.0;0.0;0.0;0.0
Haberes;aaaaaHaberes_PK;1;0;70.0024709661478;0.0;0.0;0.0;0.0;0.0
Haberes;HaberModo;1;0;86.1625895725229;0.0;0.0;0.0;0.0;0.0
Haberes;Id_Haber;1;0;70.0024709661478;0.0;7.0;0.0;0.0;0.0
Haberes_Finiquito;aaHaberes_Finiquito_PK;1;0;74.6602421546825;0.0;0.0;0.0;0.0;0.0
Haberes_Finiquito;Id_Haber;1;0;74.6602421546825;0.0;466.0;0.0;0.0;0.0
Haberes_Sistema;aaaHaberes_Sistema_PK;1;0;15.7894736842105;0.0;19.0;0.0;0.0;2.0
Haberes_Sistema;Id_Haber;1;0;0.901902643933778;0.0;0.0;0.0;0.0;0.0
HaberesEncasillamiento;aaaHaberesEncasillamiento_PK;3;66.6666666666667;68.2522115147023;0.0;0.0;0.0;0.0;0.0
HaberesEncasillamiento;Id_Haber;1;0;27.7118853471707;0.0;0.0;0.0;0.0;0.0
HaberesINE;aaHaberesINE_PK;1;0;75.4633061527057;0.0;0.0;0.0;0.0;0.0
HaberesINE;Id_Componente_INE;1;0;92.8836174944403;0.0;0.0;0.0;0.0;0.0
HaberesINE;Id_Haber;1;0;75.4633061527057;0.0;471.0;0.0;0.0;0.0
Historial_Contratos;aaaaaHistorial_Contratos_PK;1031;0;80.6117000247097;0.0;2100.0;0.0;0.0;1641.0
Historial_Contratos;Fecha_Ingreso;834;0;80.6440696812454;0.0;0.0;0.0;0.0;1641.0
Historial_Contratos;Fecha_Inicio;840;0.595238095238095;80.0678650852483;0.0;3637.0;0.0;0.0;1641.0
Historial_Contratos;Fecha_Termino;680;1.91176470588235;98.9131826043983;0.0;178.0;0.0;0.0;1641.0
Historial_Contratos;Id_Correlativo;687;0.145560407569141;80.09966641957;0.0;0.0;0.0;0.0;1641.0
Historial_Contratos;Id_Establecimiento;803;0;80.6573140597974;0.0;0.0;0.0;0.0;1641.0
Historial_Contratos;Id_funcionario;608;0;80.451087225105;0.0;0.0;0.0;0.0;1641.0
Historial_Egreso;aaaaaHistorial_Egreso_PK;0;0;0;0.0;0.0;0.0;0.0;0.0
Historial_Egreso;Id_Establecimiento;0;0;0;0.0;0.0;0.0;0.0;0.0
Historial_Egreso;Id_Historial;0;0;0;0.0;0.0;0.0;0.0;0.0
Historial_Egreso;Rut_Funcionario;0;0;0;0.0;0.0;0.0;0.0;0.0
Historial_Egreso1;aaaaaHistorial_Egreso1_PK;1;0;0;0.0;0.0;0.0;0.0;0.0
HistorialUnidadE;aaaaaHistorialUnidadE_PK;0;0;0;0.0;0.0;0.0;0.0;0.0
HistorialUnidadE;Id_Funcionario;0;0;0;0.0;0.0;0.0;0.0;0.0
HistorialUnidadE;Id_Historial;0;0;0;0.0;0.0;0.0;0.0;0.0
HistoricoAfp;aaHistoricoAfp_PK;11;81.8181818181818;69.9541759327897;0.0;19.0;0.0;0.0;19.0
HistoricoAfp;Ano;9;77.7777777777778;65.3803928836175;0.0;0.0;0.0;0.0;19.0
HistoricoAfp;Id_Afp;8;87.5;73.5560291574005;0.0;0.0;0.0;0.0;19.0
HistoricoAfp;Mes;11;90.9090909090909;53.4885594267358;0.0;0.0;0.0;0.0;19.0
HistoricoBienios;AnoProceso;11;9.09090909090909;95.156906350383;0.0;0.0;0.0;0.0;0.0
HistoricoBienios;MesProceso;11;9.09090909090909;95.156906350383;0.0;0.0;0.0;0.0;0.0
HistoricoBienios;PK_HistoricoBienios;27;3.7037037037037;96.9195329873981;0.0;0.0;0.0;0.0;0.0
HistoricoBienios;Rut;17;5.88235294117647;95.7790091425748;0.0;0.0;0.0;0.0;0.0
HistoricoCambioEstablecimiento;aaHistoricoCambioEstablecimiento_PK;34;94.1176470588235;65.8141833456882;0.0;0.0;0.0;0.0;0.0
HistoricoCambioEstablecimiento;Ano;31;87.0967741935484;55.1950086483815;0.0;0.0;0.0;0.0;0.0
HistoricoCambioEstablecimiento;Id_Funcionario;25;96;68.4477390659748;0.0;0.0;0.0;0.0;0.0
HistoricoCambioEstablecimiento;Mes;30;96.6666666666667;57.035668396343;0.0;0.0;0.0;0.0;0.0
HistoricoCargasRetroactivas;aaHistoricoCargasRetroactivas_PK;28;89.2857142857143;65.1708549542871;0.0;0.0;0.0;0.0;10.0
HistoricoCargasRetroactivas;Ano;12;50;70.5110822831727;0.0;1.0;0.0;0.0;10.0
HistoricoCargasRetroactivas;Id_Carga_Retro;15;86.6666666666667;56.4039288361749;0.0;0.0;0.0;0.0;10.0
HistoricoCargasRetroactivas;Id_Establecimiento;16;93.75;73.373795404003;0.0;0.0;0.0;0.0;10.0
HistoricoCargasRetroactivas;Id_Funcionario;12;83.3333333333333;70.5110822831727;0.0;0.0;0.0;0.0;10.0
HistoricoCargasRetroactivas;Mes;17;94.1176470588235;49.7652582159624;0.0;1.0;0.0;0.0;10.0
HistoricoCargasRetroactivas;TipoCarga_Retro;14;92.8571428571429;60.4345441067457;0.0;0.0;0.0;0.0;10.0
HistoricoCheques;aaaaaHistoricoCheques_PK;1;0;58.5124783790462;0.0;0.0;0.0;0.0;0.0
HistoricoCheques;Ano;1;0;33.0615270570793;0.0;0.0;0.0;0.0;0.0
HistoricoCheques;Id_Establecimiento;1;0;56.5851247837905;0.0;0.0;0.0;0.0;0.0
HistoricoCheques;ID_Numero;1;0;48.3320978502595;0.0;0.0;0.0;0.0;0.0
HistoricoCheques;Mes;1;0;33.0615270570793;0.0;0.0;0.0;0.0;0.0
HistoricoConstantes;aaHistoricoConstantes_PK;18;55.5555555555556;91.87876204596;0.0;46.0;0.0;0.0;46.0
HistoricoConstantes;Rut;21;90.4761904761905;56.2427230046948;0.0;0.0;0.0;0.0;46.0
HistoricoCuentaBanco;aaaaaHistoricoCuentaBanco_PK;3014;0;80.5232517914504;0.0;4427.0;0.0;0.0;4427.0
HistoricoCuentaBanco;Ano;1443;0.97020097020097;99.5395848776872;0.0;0.0;0.0;0.0;4427.0
HistoricoCuentaBanco;Id_Establecimiento;2090;19.9521531100478;90.3555967383247;0.0;0.0;0.0;0.0;4427.0
HistoricoCuentaBanco;Id_Funcionario;1784;0;80.508512478379;0.0;0.0;0.0;0.0;4427.0
HistoricoCuentaBanco;Mes;1447;2.34968901174845;99.2643563133185;0.0;0.0;0.0;0.0;4427.0
HistoricoDctosNoEfectuados;aaaaaHistoricoDctosNoEfectu_PK;0;0;0;0.0;0.0;0.0;0.0;0.0
HistoricoDctosNoEfectuados;Ano;0;0;0;0.0;0.0;0.0;0.0;0.0
HistoricoDctosNoEfectuados;Id_Descuento;0;0;0;0.0;0.0;0.0;0.0;0.0
HistoricoDctosNoEfectuados;Id_Establecimiento;0;0;0;0.0;0.0;0.0;0.0;0.0
HistoricoDctosNoEfectuados;Id_Funcionario;0;0;0;0.0;0.0;0.0;0.0;0.0
HistoricoDctosNoEfectuados;Mes;0;0;0;0.0;0.0;0.0;0.0;0.0
HistoricoDetalleDesDificil;aaaaaHistoricoDetalleDesDificil_PK;0;0;0;0.0;0.0;0.0;0.0;0.0
HistoricoFicha_EducacionHrs;aaaaaHistoricoFicha_Educaci_PK;6122;0;80.7631578947368;0.0;9248.0;0.0;0.0;9247.0
HistoricoFicha_EducacionHrs;Ano;2775;4.86486486486486;98.2022485791945;0.0;0.0;0.0;0.0;9247.0
HistoricoFicha_EducacionHrs;Id_Establecimiento;3868;15.5377456049638;92.6054484803558;0.0;0.0;0.0;0.0;9247.0
HistoricoFicha_EducacionHrs;Id_Funcionario;3382;0;80.5725105016061;0.0;0.0;0.0;0.0;9247.0
HistoricoFicha_EducacionHrs;Mes;2881;11.9750086775425;94.5882011366444;0.0;0.0;0.0;0.0;9247.0
HistoricoFicha_EducacionHrs;Tipo_Horas;3382;0;80.5725105016061;0.0;0.0;0.0;0.0;9247.0
HistoricoFichaAfiliadoVoluntario;aaHistoFichaAfiliadoVoluntario_PK;0;0;0;0.0;0.0;0.0;0.0;0.0
HistoricoFichaAfiliadoVoluntario;Ano;0;0;0;0.0;0.0;0.0;0.0;0.0
HistoricoFichaAfiliadoVoluntario;Id_Establecimiento;0;0;0;0.0;0.0;0.0;0.0;0.0
HistoricoFichaAfiliadoVoluntario;Id_Funcionario;0;0;0;0.0;0.0;0.0;0.0;0.0
HistoricoFichaAfiliadoVoluntario;Mes;0;0;0;0.0;0.0;0.0;0.0;0.0
HistoricoFichaAfiliadoVoluntario;Rut_Afiliado;0;0;0;0.0;0.0;0.0;0.0;0.0
HistoricoFichaDetalle_AEduca;aaHistoricoFichaDetalle_AEduca_PK;0;0;0;0.0;0.0;0.0;0.0;0.0
HistoricoFichaDetalle_AEduca;Ano;0;0;0;0.0;0.0;0.0;0.0;0.0
HistoricoFichaDetalle_AEduca;Id_Establecimiento;0;0;0;0.0;0.0;0.0;0.0;0.0
HistoricoFichaDetalle_AEduca;Id_Funcionario;0;0;0;0.0;0.0;0.0;0.0;0.0
HistoricoFichaDetalle_AEduca;Mes;0;0;0;0.0;0.0;0.0;0.0;0.0
HistoricoFichaDetalle_AEduca;Tipo_Horas;0;0;0;0.0;0.0;0.0;0.0;0.0
HistoricoFichaEducacion;aaaaaHistoricoFichaEducacio_PK;4176;0;80.589733135656;0.0;6859.0;0.0;0.0;6858.0
HistoricoFichaEducacion;Ano;2017;3.27218641546852;98.7485668396343;0.0;0.0;0.0;0.0;6858.0
HistoricoFichaEducacion;Id_Establecimiento;2850;17.0175438596491;91.8827526562886;0.0;0.0;0.0;0.0;6858.0
HistoricoFichaEducacion;Id_Funcionario;2472;0;80.568211020509;0.0;0.0;0.0;0.0;6858.0
HistoricoFichaEducacion;Mes;2034;5.40806293018682;97.9230294044972;0.0;0.0;0.0;0.0;6858.0
HistoricoFichaFuncionario;aaaaaHistoricoFichaFunciona_PK;4176;0;80.589733135656;0.0;6858.0;0.0;0.0;6858.0
HistoricoFichaFuncionario;Ano;2023;4.25111220958972;98.4556214479862;0.0;0.0;0.0;0.0;6858.0
HistoricoFichaFuncionario;Id_Establecimiento;2876;18.7065368567455;91.0518779342723;0.0;0.0;0.0;0.0;6858.0
HistoricoFichaFuncionario;Id_Funcionario;2472;0;80.568211020509;0.0;0.0;0.0;0.0;6858.0
HistoricoFichaFuncionario;Indice_Licencias;4513;0.974961223133171;99.3011984185817;0.0;0.0;0.0;0.0;6858.0
HistoricoFichaFuncionario;Mes;2087;10.3497843794921;95.43561897702;0.0;0.0;0.0;0.0;6858.0
HistoricoFichaLeyesPrevisional;aaHistoricoFichaLeyesPrev_PK;2273;0;80.6699036323202;0.0;4258.0;0.0;0.0;4258.0
HistoricoFichaLeyesPrevisional;Ano;1095;2.73972602739726;99.1119965406474;0.0;0.0;0.0;0.0;4258.0
HistoricoFichaLeyesPrevisional;Id_Establecimiento;1629;25.6599140577041;87.5817148505065;0.0;0.0;0.0;0.0;4258.0
HistoricoFichaLeyesPrevisional;Id_Funcionario;1346;0;80.6251297257227;0.0;0.0;0.0;0.0;4258.0
HistoricoFichaLeyesPrevisional;Mes;1109;5.59062218214608;97.8604892512973;0.0;0.0;0.0;0.0;4258.0
HistoricoGrupoFamiliar;aaHistoricoGrupoFamiliar_PK;0;0;0;0.0;0.0;0.0;0.0;0.0
HistoricoGrupoFamiliar;Ano;0;0;0;0.0;0.0;0.0;0.0;0.0
HistoricoGrupoFamiliar;Id_Carga_Carga;0;0;0;0.0;0.0;0.0;0.0;0.0
HistoricoGrupoFamiliar;Id_Establecimiento;0;0;0;0.0;0.0;0.0;0.0;0.0
HistoricoGrupoFamiliar;Id_Funcionario;0;0;0;0.0;0.0;0.0;0.0;0.0
HistoricoGrupoFamiliar;Mes;0;0;0;0.0;0.0;0.0;0.0;0.0
HistoricoImpuesto;PK_HistoricoImpuesto;1;0;6.46157647640227;0.0;0.0;0.0;0.0;0.0
HistoricoIsapres;aaHistoricoIsapres_PK;8;87.5;68.6032863849765;0.0;14.0;0.0;0.0;14.0
HistoricoIsapres;Ano;6;66.6666666666667;69.9489374845565;0.0;0.0;0.0;0.0;14.0
HistoricoIsapres;Id_Isapre;6;83.3333333333333;69.9489374845565;0.0;0.0;0.0;0.0;14.0
HistoricoIsapres;Mes;8;87.5;52.4555226093403;0.0;0.0;0.0;0.0;14.0
HistoricoLiquidacion;aaaaaHistoricoLiquidacion_PK;1601;0;80.3539411910057;0.0;1541.0;0.0;0.0;1541.0
HistoricoLiquidacion;Ano;769;2.08062418725618;99.2774153694094;0.0;0.0;0.0;0.0;1541.0
HistoricoLiquidacion;Id_Estable;1085;16.036866359447;92.1872498146776;0.0;0.0;0.0;0.0;1541.0
HistoricoLiquidacion;Id_Funcionario;951;0;80.273227081789;0.0;0.0;0.0;0.0;1541.0
HistoricoLiquidacion;Mes;958;1.35699373695198;79.6864961700025;0.0;0.0;0.0;0.0;1541.0
HistoricoLiquidacionHrs;aaaaaHistoricoLiquidacionHr_PK;2229;0;80.5396466518409;0.0;2047.0;1.0;0.0;2047.0
HistoricoLiquidacionHrs;Ano;1242;1.20772946859903;79.827057079318;0.0;0.0;0.0;0.0;2047.0
HistoricoLiquidacionHrs;Id_Establecimiento;1394;13.7733142037303;93.2249320484309;0.0;0.0;0.0;0.0;2047.0
HistoricoLiquidacionHrs;Id_Funcionario;1234;0;80.3447368421053;0.0;0.0;0.0;0.0;2047.0
HistoricoLiquidacionHrs;Id_TipoContrato;1126;24.2451154529307;88.0533481591302;0.0;0.0;0.0;0.0;2047.0
HistoricoLiquidacionHrs;Mes;1007;3.67428003972195;98.4617741536941;0.0;0.0;0.0;0.0;2047.0
HistoricoLiquidacionHrs;Tipo_Horas;1234;0;80.3447368421053;0.0;0.0;0.0;0.0;2047.0
HistoricoLiquidacionHrs_AEduca;aaHistoricoLiquidacionHrs_AEduca_PK;0;0;0;0.0;0.0;0.0;0.0;0.0
HistoricoMovDctos;aaHistoricoMovDctos_PK;16;87.5;64.4937608104769;0.0;8.0;0.0;0.0;8.0
HistoricoMovDctos;Ano;8;87.5;59.8437113911539;0.0;0.0;0.0;0.0;8.0
HistoricoMovDctos;Id_Establecimiento;9;88.8888888888889;73.7391277489498;0.0;0.0;0.0;0.0;8.0
HistoricoMovDctos;Id_Funcionario;7;85.7142857142857;68.3963429701013;0.0;0.0;0.0;0.0;8.0
HistoricoMovDctos;Id_Hd;11;90.9090909090909;43.5159624413145;0.0;0.0;0.0;0.0;8.0
HistoricoMovDctos;Mes;8;75;59.8437113911539;0.0;0.0;0.0;0.0;8.0
HistoricoMovDctos;Tipo_Hd;11;90.9090909090909;43.5159624413145;0.0;0.0;0.0;0.0;8.0
HistoricoMovLiquidacion;aaaaaHistoricoMovLiquidacio_PK;8738;0;80.2497529033852;0.0;5346.0;0.0;0.0;5346.0
HistoricoMovLiquidacion;Ano;3631;0.853759294960066;99.4711391153941;0.0;0.0;0.0;0.0;5346.0
HistoricoMovLiquidacion;Id_Establecimiento;4303;4.88031605856379;97.6863973313566;0.0;0.0;0.0;0.0;5346.0
HistoricoMovLiquidacion;Id_Funcionario;3998;0;80.297541388683;0.0;0.0;0.0;0.0;5346.0
HistoricoMovLiquidacion;Id_Hd;3699;26.7369559340362;86.7902026192241;0.0;0.0;0.0;0.0;5346.0
HistoricoMovLiquidacion;Id_TipoContrato;3325;7.42857142857143;96.555250803064;0.0;0.0;0.0;0.0;5346.0
HistoricoMovLiquidacion;Mes;3644;2.0032930845225;99.1161848282679;0.0;0.0;0.0;0.0;5346.0
HistoricoMovLiquidacion;Tipo_HabeDcto;3278;4.66748017083588;97.940017296763;0.0;0.0;0.0;0.0;5346.0
HistoricoMovPlanillaSuple;aaaaaHistoricoMovPlanillaSu_PK;0;0;0;0.0;0.0;0.0;0.0;0.0
HistoricoMovPlanillaSuple;Ano;0;0;0;0.0;0.0;0.0;0.0;0.0
HistoricoMovPlanillaSuple;Id_Establecimiento;0;0;0;0.0;0.0;0.0;0.0;0.0
HistoricoMovPlanillaSuple;Id_Funcionario;0;0;0;0.0;0.0;0.0;0.0;0.0
HistoricoMovPlanillaSuple;Id_Hd;0;0;0;0.0;0.0;0.0;0.0;0.0
HistoricoMovPlanillaSuple;Mes;0;0;0;0.0;0.0;0.0;0.0;0.0
HistoricoMutual;aaaHistoricoMutual_PK;1;0;43.7113911539412;0.0;1.0;0.0;0.0;1.0
HistoricoMutual;Ano;1;0;37.8799110452187;0.0;0.0;0.0;0.0;1.0
HistoricoMutual;Mes;1;0;37.8799110452187;0.0;0.0;0.0;0.0;1.0
HistoricoNivelEducativo;aaaaaHistoricoNivelEducativ_PK;1;0;7.75883370397826;0.0;0.0;0.0;0.0;0.0
HistoricoNivelEducativo;Ano;1;0;6.72102792191747;0.0;0.0;0.0;0.0;0.0
HistoricoNivelEducativo;Id_Nivel;1;0;6.72102792191747;0.0;0.0;0.0;0.0;0.0
HistoricoParametrosGenerales;aaHistoricoParam_PK;1;0;49.5428712626637;0.0;0.0;1.0;0.0;1.0
HistoricoPlanillaSuplementaria;aaaaaHistoricoPlanillaSuple_PK;0;0;0;0.0;0.0;0.0;0.0;0.0
HistoricoPlanillaSuplementaria;Ano;0;0;0;0.0;0.0;0.0;0.0;0.0
HistoricoPlanillaSuplementaria;Id_Establecimiento;0;0;0;0.0;0.0;0.0;0.0;0.0
HistoricoPlanillaSuplementaria;Id_Funcionario;0;0;0;0.0;0.0;0.0;0.0;0.0
HistoricoPlanillaSuplementaria;Mes;0;0;0;0.0;0.0;0.0;0.0;0.0
Horas_Aula_Actividad;aaaHoras_Aula_Actividad_PK;0;0;0;0.0;0.0;0.0;0.0;0.0
Idiomas;aaaIdiomas_PK;1;0;2.07561156412157;0.0;0.0;0.0;0.0;0.0
ImportaCargasFamiliares;FechaInicio;0;0;0;0.0;0.0;0.0;0.0;0.0
ImportaCargasFamiliares;FechaTermino;0;0;0;0.0;0.0;0.0;0.0;0.0
ImportaCargasFamiliares;Rut;0;0;0;0.0;0.0;0.0;0.0;0.0
ImportaCargasFamiliares;RutCarga;0;0;0;0.0;0.0;0.0;0.0;0.0
ImportaCargasFamiliares_Aviso;Rut;0;0;0;0.0;0.0;0.0;0.0;0.0
ImportaCargasFamiliares_Aviso;RutCarga;0;0;0;0.0;0.0;0.0;0.0;0.0
Impuesto;aaaaaImpuesto_PK;1;0;1.26019273535953;0.0;0.0;0.0;0.0;0.0
Impuesto;Id_Tramo;1;0;1.26019273535953;0.0;0.0;0.0;0.0;0.0
Indices;A¤o;1;0;53.9411910056832;0.0;0.0;0.0;0.0;0.0
Indices;aaaaaIndices_PK;1;0;62.2436372621695;0.0;2.0;0.0;0.0;0.0
Indices;Mes;1;0;53.9411910056832;0.0;0.0;0.0;0.0;0.0
InstitucionesAVP;aaInstitucionesAVP_PK;1;0;1.08722510501606;0.0;0.0;0.0;0.0;0.0
InstitucionesAVP;Id_institucion;1;0;0.938967136150235;0.0;0.0;0.0;0.0;0.0
InstitucionesAVP;Tipo_Institucion;1;0;0.938967136150235;0.0;0.0;0.0;0.0;0.0
Isapres;aaaaaIsapres_PK;1;0;2.2238695329874;0.0;1.0;1.0;0.0;0.0
Isapres;Id_Isapre;1;0;2.2238695329874;0.0;0.0;0.0;0.0;0.0
LicenciaMedica;aaaLicenciaMedica_PK;413;25.181598062954;87.0697924388436;0.0;0.0;0.0;0.0;0.0
LicenciaMedica_Historial;aaaLicenciaMedica_Historial_PK;364;0;80.8082653817643;0.0;0.0;0.0;0.0;0.0
LicenciaMedica1;PK_LicenciaMedica1;0;0;0;0.0;0.0;0.0;0.0;0.0
LicenciaMedicaSanna;aaaLicenciaMedicaSanna_PK;1;0;10.0074128984433;0.0;0.0;0.0;0.0;0.0
LicenciaMedicaSanna_Historial;aaaLicenciaMedicaSanna_Historial_PK;1;0;23.9560168025698;0.0;0.0;0.0;0.0;0.0
Liquidacion;aaaaaLiquidacion_PK;1;0;0.22238695329874;0.0;0.0;0.0;0.0;2.0
Liquidacion;Id_Estable;1;0;0.197677291821102;0.0;1.0;0.0;0.0;2.0
Liquidacion;Id_Funcionario;1;0;0.135903138127008;0.0;0.0;1.0;0.0;2.0
LiquidacionHrs;aaaaaLiquidacionHrs_PK;1;0;0.247096614776378;0.0;0.0;0.0;0.0;1.0
LiquidacionHrs;Id_Establecimiento;1;0;0.197677291821102;0.0;0.0;0.0;0.0;1.0
LiquidacionHrs;Id_Funcionario;1;0;0.135903138127008;0.0;0.0;0.0;0.0;1.0
LiquidacionHrs;Id_TipoContrato;1;0;0.172967630343464;0.0;0.0;0.0;0.0;1.0
LiquidacionHrs;Tipo_Horas;1;0;0.135903138127008;0.0;0.0;1.0;0.0;1.0
LiquidacionHrs_AEduca;aaLiquidacionHrs_AEduca_PK;0;0;0;0.0;0.0;0.0;0.0;0.0
LRE_Aportes;aaaLRE_Aportes_PK;1;0;0.938967136150235;0.0;0.0;0.0;0.0;0.0
LRE_Aportes;Id_Aporte;1;0;0.938967136150235;0.0;6.0;0.0;0.0;0.0
LRE_CausalesTerminoContrato;aaaLRE_CausalesTerminoContrato_PK;0;0;0;0.0;0.0;0.0;0.0;0.0
LRE_Descuentos;aaaLRE_Descuentos_PK;1;0;1.58141833456882;0.0;0.0;0.0;0.0;0.0
LRE_Descuentos;Id_Descuento;1;0;1.58141833456882;0.0;10.0;0.0;0.0;0.0
LRE_Esquema;aaaLRE_Esquema_PK;1;0;23.5853718804052;0.0;147.0;1.0;0.0;148.0
LRE_Haberes;aaaLRE_Haberes_PK;1;0;4.79367432666172;0.0;0.0;0.0;0.0;2.0
LRE_Haberes;Id_Haber;1;0;4.79367432666172;0.0;28.0;0.0;0.0;2.0
LRE_Totales;aaaLRE_Totales_PK;1;0;1.74203113417346;0.0;2.0;0.0;0.0;0.0
LRE_Totales;Id_Total;1;0;1.74203113417346;0.0;11.0;0.0;0.0;0.0
MacroCalculo;aaaaaMacroCalculo_PK;1;0;7.36347912033605;0.0;0.0;0.0;0.0;0.0
MacroCalculo;Macro_id;1;0;7.36347912033605;0.0;10.0;0.0;0.0;0.0
Mentor;aaaMentor_PK;0;0;0;0.0;0.0;0.0;0.0;0.0
Mentor;Correlativo;0;0;0;0.0;0.0;0.0;0.0;0.0
Mentor;Rut_Mentor;0;0;0;0.0;0.0;0.0;0.0;0.0
Mentoria;aaaMentoria_PK;0;0;0;0.0;0.0;0.0;0.0;0.0
Mentoria;Rut_Alumno;0;0;0;0.0;0.0;0.0;0.0;0.0
Mentoria;Rut_Mentor;0;0;0;0.0;0.0;0.0;0.0;0.0
ModoDctos;aaaaaModoDctos_PK;1;0;0.938967136150235;0.0;0.0;0.0;0.0;0.0
ModoDctos;Id_ModoDctos;1;0;0.938967136150235;0.0;0.0;0.0;0.0;0.0
ModoPactado;aaaModoPactado_PK;1;0;1.65554731900173;0.0;12.0;0.0;0.0;0.0
ModoPactadoAuge;aaaModoPactadoAuge_PK;1;0;0.382999752903385;0.0;4.0;0.0;0.0;0.0
Movimiento_Finiquito;aaMovimiento_Finiquito_PK;1;0;0.321225599209291;0.0;0.0;0.0;0.0;0.0
Movimiento_Finiquito;Correlativo;1;0;0.160612799604645;0.0;0.0;0.0;0.0;0.0
Movimiento_Finiquito;Id_Establecimiento;1;0;0.197677291821102;0.0;0.0;0.0;0.0;0.0
Movimiento_Finiquito;Id_Funcionario;1;0;0.135903138127008;0.0;0.0;0.0;0.0;0.0
Movimiento_Finiquito;Id_Movimiento;1;0;0.135903138127008;0.0;0.0;0.0;0.0;0.0
Movimiento_Finiquito;Tipo_Movimiento;1;0;0.135903138127008;0.0;0.0;0.0;0.0;0.0
MovimientoAnexo_Finiquito;aaMovimientoAnexo_Finiquito_PK;0;0;0;0.0;0.0;0.0;0.0;0.0
MovimientoAnexo_Finiquito;Correlativo;0;0;0;0.0;0.0;0.0;0.0;0.0
MovimientoAnexo_Finiquito;Correlativo_Anexo;0;0;0;0.0;0.0;0.0;0.0;0.0
MovimientoAnexo_Finiquito;Id_Establecimiento;0;0;0;0.0;0.0;0.0;0.0;0.0
MovimientoAnexo_Finiquito;Id_Funcionario;0;0;0;0.0;0.0;0.0;0.0;0.0
MovimientoAnexo_Finiquito;Id_MovimientoAnexo;0;0;0;0.0;0.0;0.0;0.0;0.0
MovimientoAnexo_Finiquito;Tipo_MovimientoAnexo;0;0;0;0.0;0.0;0.0;0.0;0.0
MovimientoHaberDctos;aaaaaMovimientoHaberDctos_PK;44;13.6363636363636;27.4872621695083;0.0;0.0;0.0;0.0;1.0
MovimientoHaberDctos;Id_EstabContrato;39;23.0769230769231;26.0110452186805;0.0;0.0;0.0;0.0;1.0
MovimientoHaberDctos;Id_Establecimiento;49;91.8367346938776;19.2004200642451;0.0;0.0;0.0;0.0;1.0
MovimientoHaberDctos;Id_Funcionario;39;97.4358974358974;18.3339387200395;0.0;0.0;0.0;0.0;1.0
MovimientoHaberDctos;Id_HaberDcto;19;42.1052631578947;37.6588337039783;0.0;0.0;0.0;0.0;1.0
MovimientoHaberDctos;Id_TipoContrato;28;57.1428571428571;25.5462688411169;0.0;0.0;0.0;0.0;1.0
MovimientoHaberDctos;Tipo_Hd;24;33.3333333333333;29.8080924141339;0.0;0.0;0.0;0.0;1.0
MovimientoLiquidacion;aaaaaMovimientoLiquidacion_PK;1;0;0.271806276254015;0.0;0.0;0.0;0.0;1.0
MovimientoLiquidacion;Id_Establecimiento;1;0;0.197677291821102;0.0;0.0;0.0;0.0;1.0
MovimientoLiquidacion;Id_Funcionario;1;0;0.135903138127008;0.0;0.0;0.0;0.0;1.0
MovimientoLiquidacion;Id_Hd;1;0;0.135903138127008;0.0;0.0;1.0;0.0;1.0
MovimientoLiquidacion;Id_TipoContrato;1;0;0.172967630343464;0.0;0.0;0.0;0.0;1.0
MovimientoLiquidacion;Tipo_HabeDcto;1;0;0.135903138127008;0.0;0.0;0.0;0.0;1.0
MovimientoPlanillaSuple;aaaMovimientoPlanillaSuple_PK;4188;0;80.0016308376575;0.0;0.0;0.0;0.0;0.0
MovimientoPlanillaSuple;Id_TipoContrato;1500;3.53333333333333;98.636422041018;0.0;0.0;1.0;0.0;1.0
MovPlanillaHaberDctos;aaaMovPlanillaHaberDctos_PK;1;0;0.33358042994811;0.0;0.0;0.0;0.0;1.0
MovPlanillaHaberDctos;Id_EstabContrato;1;0;0.148257968865827;0.0;0.0;1.0;0.0;2.0
MovPlanillaHaberDctos;Id_TipoContrato;1;0;0.172967630343464;0.0;0.0;1.0;0.0;2.0
Municipalidad;aaaaaMunicipalidad_PK;1;0;0.135903138127008;0.0;2.0;0.0;0.0;0.0
Municipalidad;Codigo_Comuna;1;0;0.172967630343464;0.0;0.0;0.0;0.0;0.0
Mutualidad;aaaCodSuperInt_Mutual_PK;1;0;0.617741536940944;0.0;0.0;0.0;0.0;0.0
NivelEducativo;aaaaaNivelEducativo_PK;1;0;0.296515937731653;0.0;0.0;0.0;0.0;0.0
NivelEducativo;Id_Nivel;1;0;0.296515937731653;0.0;0.0;0.0;0.0;0.0
NoRecepcionLME;aaaNoRecepcionLME_PK;1;0;0.938967136150235;0.0;0.0;0.0;0.0;0.0
OrdenTrabajo;aaaOrdenTrabajo_PK;335;0;79.9808994316778;0.0;0.0;0.0;0.0;0.0
Otras_InstitucionesPrev;aaOtras_InstitucionesPrev_PK;1;0;0.617741536940944;0.0;0.0;0.0;0.0;0.0
Otras_InstitucionesPrev;Id_Codigo;1;0;0.617741536940944;0.0;5.0;0.0;0.0;0.0
ParametrosGenerales;aaaaaParametrosGenerales_PK;1;0;0.135903138127008;0.0;1.0;0.0;0.0;0.0
ParametrosGenerales;Codigo_Area;1;0;0.135903138127008;0.0;7.0;0.0;0.0;0.0
Permiso_Defuncion;ID_Causante;1;0;0.457128737336299;0.0;0.0;0.0;0.0;0.0
Permiso_Defuncion;ID_Funcionario;1;0;0.457128737336299;0.0;0.0;0.0;0.0;0.0
Permiso_Defuncion;ID_Reemplazo;1;0;0.568322213985668;0.0;0.0;0.0;0.0;0.0
Permiso_Defuncion;Nro_Decreto;1;0;0.790709167284408;0.0;0.0;0.0;0.0;0.0
Permisos_Varios;aaaaaPermisosVarios_PK;4;75;51.0717815665925;0.0;0.0;0.0;0.0;0.0
Permisos_Varios;Id_TipoPermiso;2;50;56.3503829997529;0.0;0.0;0.0;0.0;0.0
PermisosAdministrativos;aaaaaPermisosAdministrativo_PK;49;83.6734693877551;57.5399802322708;0.0;0.0;0.0;0.0;0.0
PermisosAdministrativos;Correlativo;18;5.55555555555556;98.8633555720287;0.0;0.0;0.0;0.0;0.0
PermisosAdministrativos;Id_Establecimiento;25;32;81.1578947368421;0.0;0.0;0.0;0.0;0.0
PermisosAdministrativos;Id_Funcionario;29;93.1034482758621;54.5342228811465;0.0;0.0;0.0;0.0;0.0
PermisosAdministrativos;Periodo;16;6.25;98.8633555720287;0.0;0.0;0.0;0.0;0.0
PermisosAdminSinRemuneracion;aaaaaPermisosAdminSinRemune_PK;1;0;8.98196194712132;0.0;0.0;0.0;0.0;0.0
PermisosAdminSinRemuneracion;Correlativo;1;0;5.16431924882629;0.0;0.0;0.0;0.0;0.0
PermisosAdminSinRemuneracion;Id_Establecimiento;1;0;6.2144798616259;0.0;0.0;0.0;0.0;0.0
PermisosAdminSinRemuneracion;Id_Funcionario;1;0;4.47244872745243;0.0;0.0;0.0;0.0;0.0
PermisosAdminSinRemuneracion;Periodo;1;0;4.47244872745243;0.0;0.0;0.0;0.0;0.0
PermisosLegales;aaaaaPermisosLegales_PK;225;0;80.0020385470719;0.0;0.0;0.0;0.0;0.0
PermisosLegales;Id_Establecimiento;189;0;80.0306152705708;0.0;0.0;0.0;0.0;0.0
PermisosLegales;Id_Funcionario;144;0;79.8520261922412;0.0;0.0;0.0;0.0;0.0
PermisosLegales;Periodo;144;0;79.8520261922412;0.0;0.0;0.0;0.0;0.0
PermisosPost_Natal;aaaPermisosPost_Natal_PK;1;0;6.05386706202125;0.0;0.0;0.0;0.0;0.0
PermisosPost_Natal;Correlativo;1;0;1.98912774894984;0.0;0.0;0.0;0.0;0.0
PermisosPost_Natal;Fecha_Evento;1;0;1.98912774894984;0.0;0.0;0.0;0.0;0.0
PermisosPost_Natal;ID_Establecimiento;1;0;1.98912774894984;0.0;0.0;0.0;0.0;0.0
PermisosPost_Natal;ID_Funcionario;1;0;1.98912774894984;0.0;0.0;0.0;0.0;0.0
PermisosPost_Natal;Tipo_Permiso;1;0;1.98912774894984;0.0;0.0;0.0;0.0;0.0
PermisosPost_Natal_Otorgados;aaaPermisosPost_Natal_Otorgados_PK;1;0;3.05164319248826;0.0;0.0;0.0;0.0;0.0
PermisosPost_Natal_Otorgados;Fecha_Evento;1;0;1.56906350383;0.0;0.0;0.0;0.0;0.0
PermisosPost_Natal_Otorgados;ID_Establecimiento;1;0;1.56906350383;0.0;0.0;0.0;0.0;0.0
PermisosPost_Natal_Otorgados;ID_Funcionario;1;0;1.56906350383;0.0;0.0;0.0;0.0;0.0
PermisosPost_Natal_Otorgados;Tipo_Permiso;1;0;1.56906350383;0.0;0.0;0.0;0.0;0.0
PermisosPostNatalParental;aaaPermisosPostNatalParental_PK;17;64.7058823529412;69.679799851742;0.0;0.0;0.0;0.0;0.0
PermisosPostNatalParental;Id_Correlativo;2;50;72.8811465282926;0.0;0.0;0.0;0.0;0.0
PermisosPostNatalParental;Rut;2;50;72.8811465282926;0.0;0.0;0.0;0.0;0.0
PlandeCuenta;aaaaaPlandeCuenta_PK;11;63.6363636363636;74.9578823820114;0.0;0.0;0.0;0.0;0.0
PlandeCuenta;Ano_Proceso;3;66.6666666666667;89.3295527551273;0.0;0.0;0.0;0.0;0.0
PlandeCuenta;Codigo_Area;5;80;53.587842846553;0.0;0.0;0.0;0.0;0.0
PlandeCuenta;CodigoCuenta;11;90.9090909090909;67.4596244131455;0.0;0.0;1.0;0.0;0.0
PlandeCuenta;SW_Clasificador2008;5;60;61.8359278477885;0.0;0.0;0.0;0.0;0.0
PlanillaSuplementaria;aaaPlanillaSuplementaria_PK;2061;0;80.1892389424265;0.0;0.0;1.0;0.0;0.0
PlanillaSuplementariaHrs;aaaPlanillaSuplementariaHrs_PK;2255;0;80.0411045218681;0.0;1.0;0.0;0.0;0.0
PlantaMaestra;aaaaaPlantaMaestra_PK;0;0;0;0.0;0.0;0.0;0.0;0.0
PlantaMaestra;Id_Cargo;0;0;0;0.0;0.0;0.0;0.0;0.0
PlantaMaestra;Id_Establecimiento;0;0;0;0.0;0.0;0.0;0.0;0.0
Postulantes_DAEM;aaaaaPostulantes_DAEM_PK;1;0;0.284161106992834;0.0;0.0;0.0;0.0;0.0
PostulantesPorRamos_DAEM;aaPostulantesPorRamos_DAEM_PK;1;0;0.976031628366691;0.0;0.0;0.0;0.0;0.0
PostulantesPorRamos_DAEM;Id_asignatura;1;0;0.457128737336299;0.0;0.0;0.0;0.0;0.0
PostulantesPorRamos_DAEM;RutPostulante;1;0;0.901902643933778;0.0;0.0;0.0;0.0;0.0
Previred;aaPrevired_PK;3031;0.0329924117452986;80.0096614776377;0.0;1.0;0.0;0.0;0.0
Previred;K1_Ano;1077;0.185701021355617;99.8382999752903;0.0;0.0;0.0;0.0;0.0
Previred;K1_Correlativo;1344;0;79.9994440326168;0.0;0.0;0.0;0.0;0.0
Previred;K1_Id_Establecimiento;1769;0;80.107425253274;0.0;0.0;0.0;0.0;0.0
Previred;K1_Id_Funcionario;1344;0;79.9994440326168;0.0;0.0;0.0;0.0;0.0
Previred;K1_Id_ProcesoPS;1344;0;79.9994440326168;0.0;0.0;0.0;0.0;0.0
Previred;K1_Id_Remuneracion;1344;0;79.9994440326168;0.0;0.0;0.0;0.0;0.0
Previred;K1_Mes;1078;0.371057513914657;99.7456634544107;0.0;0.0;0.0;0.0;0.0
Previred;K1_NroContrato;1344;0;79.9994440326168;0.0;0.0;0.0;0.0;0.0
ProcesosPlanillaSuplementaria;aaMovPlanillaHaberDctos_PK;4;75;86.1409686187299;0.0;0.0;2.0;0.0;2.0
ProfesionalesMedicos;aaaProfesionalesMedicos_PK;18;94.4444444444444;68.4244872745243;0.0;0.0;0.0;0.0;0.0
Proyectos;aaProyectos_PK;1;0;2.79219174697307;0.0;0.0;0.0;0.0;0.0
Proyectos;Id_Proyecto;1;0;2.79219174697307;0.0;1.0;0.0;0.0;0.0
Recaudacion_Licencia;aaaRecaudacion_Licencia_PK;332;0;99.5074870274277;0.0;0.0;0.0;0.0;0.0
RecaudacionPostNatalParental;aaaRecaudacionPostNatalParental_PK;8;75;91.1539411910057;0.0;0.0;0.0;0.0;0.0
RecaudacionPostNatalParental;Id_Correlativo;3;33.3333333333333;75.9574993822585;0.0;0.0;0.0;0.0;0.0
RecaudacionPostNatalParental;Id_CorrelativoPermiso;5;80;45.564615764764;0.0;0.0;0.0;0.0;0.0
RecaudacionPostNatalParental;Rut;3;66.6666666666667;75.9574993822585;0.0;0.0;0.0;0.0;0.0
REN_Cierre;pk_Cierre;0;0;0;0.0;0.0;0.0;0.0;0.0
REN_Clasificador;PK_REN_Clasificador;0;0;0;0.0;0.0;0.0;0.0;0.0
REN_Clasificador_Establecimientos;PK_REN_Clasificador_Establecimientos;0;0;0;0.0;0.0;0.0;0.0;0.0
REN_Clasificador_Tipo_Horas;PK_REN_Clasificador_Tipo_Horas;0;0;0;0.0;0.0;0.0;0.0;0.0
REN_Columnas;PK_REN_Columnas;5;80;55.7351124289597;0.0;0.0;0.0;0.0;0.0
REN_Detalle;PK_REN_Detalle;0;0;0;0.0;0.0;0.0;0.0;0.0
REN_Funcion;PK_REN_Funcion;0;0;0;0.0;0.0;0.0;0.0;0.0
REN_FuncionCargo;PK_REN_FuncionCargo;0;0;0;0.0;0.0;0.0;0.0;0.0
REN_Movimientos_Descuentos;PK_REN_Movimientos_Descuentos;0;0;0;0.0;0.0;0.0;0.0;0.0
REN_Movimientos_Descuentos_PS;PK_REN_Movimientos_Descuentos_PS;0;0;0;0.0;0.0;0.0;0.0;0.0
REN_Movimientos_Haberes;PK_REN_Movimientos_Haberes;0;0;0;0.0;0.0;0.0;0.0;0.0
REN_Movimientos_Haberes_PS;PK_REN_Movimientos_Haberes_PS;0;0;0;0.0;0.0;0.0;0.0;0.0
REN_Parametros;PK_REN_Parametros;0;0;0;0.0;0.0;0.0;0.0;0.0
RentaEncasillamiento;aaaRentaEncasillamiento_PK;10;90;77.6031628366691;0.0;0.0;0.0;0.0;0.0
RentaEncasillamiento;Codigo_TDP;3;66.6666666666667;78.5273041759328;0.0;0.0;0.0;0.0;0.0
ResultadoMigracionNet;NombreTablaDestino;0;0;0;0.0;0.0;0.0;0.0;0.0
ResultadoMigracionNet;NombreTablaOriginal;0;0;0;0.0;0.0;0.0;0.0;0.0
ResultadoMigracionNet;PK_ResultadoMigracionNet;0;0;0;0.0;0.0;0.0;0.0;0.0
RetencionJudicial;aaaaaRetencionJudicial_PK;1;0;15.0111193476649;0.0;0.0;0.0;0.0;0.0
RetencionJudicial;Id_Establecimiento;1;0;8.43834939461329;0.0;0.0;0.0;0.0;0.0
RetencionJudicial;Id_Funcionario;1;0;6.07857672349889;0.0;0.0;0.0;0.0;0.0
RetencionJudicial;Rut_Beneficiario;1;0;11.7123795404003;0.0;0.0;1.0;0.0;0.0
Retroactivo;aaRetroactivo_PK;0;0;0;0.0;0.0;0.0;0.0;0.0
Retroactivo;Id_Establecimiento;0;0;0;0.0;0.0;0.0;0.0;0.0
Retroactivo;Id_Funcionario;0;0;0;0.0;0.0;0.0;0.0;0.0
Sindicatos;aaSindicatos_PK;0;0;0;0.0;0.0;0.0;0.0;0.0
Sindicatos;Id_Sindicato;0;0;0;0.0;0.0;0.0;0.0;0.0
SituacionMilitar;aaaSituacionMilitar_PK;1;0;0.815418828762046;0.0;0.0;0.0;0.0;0.0
Suplencias;aaaaaSuplencias_PK;0;0;0;0.0;0.0;0.0;0.0;0.0
Suplencias;Id_Funcionario;0;0;0;0.0;0.0;0.0;0.0;0.0
Suplencias;Id_Incremento;0;0;0;0.0;0.0;0.0;0.0;0.0
Suplencias;Id_SueldoMedico;0;0;0;0.0;0.0;0.0;0.0;0.0
Suplencias;TipoSuplencia;0;0;0;0.0;0.0;0.0;0.0;0.0
sysdiagrams;PK__sysdiagr__C2B05B612F70311B;0;0;0;0.0;0.0;0.0;0.0;0.0
sysdiagrams;UK_principal_name;0;0;0;0.0;0.0;0.0;0.0;0.0
Tabla_OperadoresLME;aaaTabla_OperadoresLME_PK;1;0;0.617741536940944;0.0;0.0;0.0;0.0;0.0
TablaBienestar;aaaTablaBienestar_PK;1;0;0.296515937731653;0.0;0.0;0.0;0.0;0.0
TablaBienestar;Id_Funcionario;1;0;0.296515937731653;0.0;2.0;0.0;0.0;0.0
TablaControl;aaaTablaControl_PK;2;50;78.2554978996788;0.0;0.0;0.0;0.0;0.0
TablaControl;Control_Ano;1;0;63.5779589819619;0.0;0.0;0.0;0.0;0.0
TablaControl;Control_Id_Haber;1;0;63.5779589819619;0.0;0.0;0.0;0.0;0.0
TablaControl;Control_Mes;1;0;63.5779589819619;0.0;0.0;0.0;0.0;0.0
TablaControl;Control_TipoProceso;1;0;63.5779589819619;0.0;0.0;0.0;0.0;0.0
TablaControl;Control_TipoRemun;1;0;63.5779589819619;0.0;0.0;0.0;0.0;0.0
TablaSindicato;aaaTablaSindicato_PK;1;0;0.296515937731653;0.0;0.0;0.0;0.0;0.0
TablaSindicato;Id_Funcionario;1;0;0.296515937731653;0.0;2.0;0.0;0.0;0.0
Tbl_Paridad;Id_Vb6;0;0;0;0.0;0.0;0.0;0.0;0.0
Tbl_Paridad;PK_Tbl_Paridad;0;0;0;0.0;0.0;0.0;0.0;0.0
Tbl_Paridad;Tipo;0;0;0;0.0;0.0;0.0;0.0;0.0
TemporalDesDificil;aaaaaTemporalDesDificil_PK;0;0;0;0.0;0.0;0.0;0.0;0.0
Tipo_Causante;aaaId_Causante_PK;1;0;1.54435384235236;0.0;0.0;0.0;0.0;0.0
Tipo_Finiquito;aaTipo_Finiquito_PK;1;0;3.50877192982456;0.0;0.0;0.0;0.0;0.0
Tipo_Finiquito;Codigo_Causal;1;0;3.18754633061527;0.0;0.0;0.0;0.0;0.0
Tipo_Finiquito;Codigo_Ley;1;0;2.06325673338275;0.0;0.0;0.0;0.0;0.0
Tipo_Finiquito;Detalle;1;0;10.4027674820855;0.0;0.0;0.0;0.0;0.0
Tipo_Finiquito;Nombre_Ley;1;0;5.27551272547566;0.0;0.0;0.0;0.0;0.0
Tipo_Horas;aaaaaTipo_Horas_PK;1;0;11.0575735112429;0.0;1.0;0.0;0.0;0.0
Tipo_Horas;Id_TipoContrato;1;0;13.6150234741784;0.0;0.0;0.0;0.0;0.0
Tipo_Horas;Tipo_Horas;1;0;11.0575735112429;0.0;0.0;0.0;0.0;0.0
Tipo_Horas_AEduca;aaTipo_Horas_AEduca_PK;1;0;0.135903138127008;0.0;0.0;0.0;0.0;0.0
Tipo_Horas_AEduca;Tipo_Horas;1;0;0.135903138127008;0.0;0.0;0.0;0.0;0.0
Tipo_Horas_Proyecto;aaTipo_Horas_Proyecto_PK;0;0;0;0.0;0.0;0.0;0.0;0.0
Tipo_Horas_Proyecto;Id_Tipo_Horas_Proyecto;0;0;0;0.0;0.0;0.0;0.0;0.0
Tipo_Permiso;aaaaaTipo_Pemiso_PK;1;0;1.26019273535953;0.0;0.0;0.0;0.0;0.0
TipoAdministracion;aaaTipoAdministracion_PK;1;0;1.44551519644181;0.0;5.0;0.0;0.0;0.0
TipoEstablecimiento;aaaTipoEstablecimiento_PK;1;0;0.87719298245614;0.0;3.0;0.0;0.0;0.0
TipoEstadoLicenciaMedica;aaaEstado_LicenciaMedica_PK;1;0;0.617741536940944;0.0;0.0;0.0;0.0;0.0
TipoEstadoPagoLicenciaMedica;aaaEstadoPago_LicenciaMedica_PK;1;0;0.457128737336299;0.0;0.0;0.0;0.0;0.0
TipoEstudio;aaaTipoEstudio_PK;1;0;2.58215962441315;0.0;0.0;0.0;0.0;0.0
TipoInstitucionesAVP;aaTipoInstitucionesAVP_PK;1;0;0.778354336545589;0.0;0.0;0.0;0.0;0.0
TipoInstitucionesAVP;Tipo_Institucion;1;0;0.778354336545589;0.0;0.0;0.0;0.0;0.0
TipoPago;aaaTipoPago_PK;1;0;2.17445021003212;0.0;14.0;0.0;0.0;0.0
TiposDeAccidentes;aaaaaTiposDeAccidentes_PK;1;0;0.457128737336299;0.0;0.0;0.0;0.0;0.0
TiposLicenciasMedicas;aaaTiposLicenciasMedicas_PK;1;0;1.53199901161354;0.0;0.0;0.0;0.0;0.0
Totales_Finiquito;aaTotales_Finiquito_PK;0;0;0;0.0;0.0;0.0;0.0;0.0
Totales_Finiquito;Correlativo;0;0;0;0.0;0.0;0.0;0.0;0.0
Totales_Finiquito;Id_Establecimiento;0;0;0;0.0;0.0;0.0;0.0;0.0
Totales_Finiquito;Id_Funcionario;0;0;0;0.0;0.0;0.0;0.0;0.0
Totales_PlanillaRemuneraciones;aaTotales_PlanillaRemuneraciones_PK;269;0;99.6734124042501;0.0;0.0;0.0;0.0;0.0
Totales_PlanillaRemuneraciones;Id_Establecimiento;202;0;79.8888435878428;0.0;0.0;0.0;0.0;0.0
Totales_PlanillaRemuneraciones;Id_Funcionario;153;0;79.723227081789;0.0;0.0;0.0;0.0;0.0
Totales_PlanillaRemuneraciones;Id_Hd;153;0;79.723227081789;0.0;0.0;0.0;0.0;0.0
Totales_PlanillaRemuneraciones;Id_ProcesoPs;153;0;79.723227081789;0.0;0.0;0.0;0.0;0.0
Totales_PlanillaRemuneraciones;Id_Remuneracion;153;0;79.723227081789;0.0;0.0;0.0;0.0;0.0
Totales_PlanillaRemuneraciones;Tipo_Hd;153;0;79.723227081789;0.0;0.0;0.0;0.0;0.0
TramoDesarrolloProfesional;aaaTramoDesarrolloProfesional_PK;1;0;1.68025698047937;0.0;12.0;0.0;0.0;6.0
TramoDesarrolloProfesional;Codigo_TDP;1;0;0.345935260686929;0.0;0.0;1.0;0.0;0.0
TramosAsigFamiliar;aaaaaTramosAsigFamiliar_PK;1;0;17.7662466024215;0.0;0.0;0.0;0.0;0.0
TramosAsigFamiliar;Periodo;1;0;15.3941191005683;0.0;0.0;0.0;0.0;0.0
TramosAsigFamiliar;Tramo;1;0;15.3941191005683;0.0;0.0;0.0;0.0;0.0
Transfer_W2W;aaTransfer_W2W_PK;0;0;0;0.0;0.0;0.0;0.0;0.0
UnidadEducativa;aaaaaUnidadEducativa_PK;0;0;0;0.0;0.0;0.0;0.0;0.0
UnidadEducativa;Id_Establecimiento;0;0;0;0.0;0.0;0.0;0.0;0.0
UnidadEducativa;Id_Unidad;0;0;0;0.0;0.0;0.0;0.0;0.0
Utm_Ipc;aaaaaUtm_Ipc_PK;0;0;0;0.0;0.0;0.0;0.0;0.0
VerificaTablas;aaaVerificaTablas_PK;1;0;0.840128490239684;0.0;2.0;0.0;0.0;1.0
xData_Causales;PK__xData_Ca__573F24844C9FC96B;1;0;1.66790214974055;0.0;0.0;0.0;0.0;0.0
xData_EstadoNotificacion;PK__xData_Es__AB2EB6F848CF3887;1;0;0.852483320978503;0.0;0.0;0.0;0.0;0.0
