TABLA;INDICE;TYPE_DESC;IS_PRIMARY_KEY;IS_UNIQUE;USER_SEEKS;USER_SCANS;USER_LOOKUPS;USER_UPDATES;LAST_USER_SEEK;LAST_USER_SCAN;TAMANO-TOTAL;USED-PAGES;DATA-PAGES;ATRIBUTOS
AccidentesDeTrabajo;aaaaaAccidentesDeTrabajo_PK;NONCLUSTERED;1;1;NULL;NULL;NULL;NULL;NULL;NULL;0.015625;0.015625;0.007812;Id_Establecimiento,Id_Funcionario,Id_Accidente,FechaAccidente
AdicionalDosSalud;aaaaaAdicionalDosSalud_PK;NONCLUSTERED;1;1;NULL;NULL;NULL;NULL;NULL;NULL;0.000000;0.000000;0.000000;Id_Establecimiento,Id_Funcionario,Dos_FechaContratoIsapre
AdicionalDosSalud;Dos_FechaContratoIsapre;NONCLUSTERED;0;0;NULL;NULL;NULL;NULL;NULL;NULL;0.000000;0.000000;0.000000;Dos_FechaContratoIsapre
AdicionalDosSalud;Id_Establecimiento;NONCLUSTERED;0;0;NULL;NULL;NULL;NULL;NULL;NULL;0.000000;0.000000;0.000000;Id_Establecimiento
AdicionalDosSalud;Id_Funcionario;NONCLUSTERED;0;0;NULL;NULL;NULL;NULL;NULL;NULL;0.000000;0.000000;0.000000;Id_Funcionario
Afp;aaaaaAfp_PK;NONCLUSTERED;1;1;0;1;0;0;NULL;2026-06-04 09:11:44.943;0.015625;0.015625;0.007812;Id_Afp
Afp;Id_Afp;NONCLUSTERED;0;1;NULL;NULL;NULL;NULL;NULL;NULL;0.015625;0.015625;0.007812;Id_Afp
Afp;Id_RegPrevisional;NONCLUSTERED;0;0;NULL;NULL;NULL;NULL;NULL;NULL;0.015625;0.015625;0.007812;Id_RegPrevisional
AguinaldoTemporal;aaaaaAguinaldoTemporal_PK;NONCLUSTERED;1;1;NULL;NULL;NULL;NULL;NULL;NULL;0.015625;0.015625;0.054687;Id_Establecimiento,Id_Funcionario
AguinaldoTemporal;Id_Establecimiento;NONCLUSTERED;0;0;NULL;NULL;NULL;NULL;NULL;NULL;0.015625;0.015625;0.031250;Id_Establecimiento
AguinaldoTemporal;Id_EstablecimientoFun;NONCLUSTERED;0;0;NULL;NULL;NULL;NULL;NULL;NULL;0.039062;0.039062;0.039062;Id_EstablecimientoFun
AguinaldoTemporal;Id_Funcionario;NONCLUSTERED;0;0;NULL;NULL;NULL;NULL;NULL;NULL;0.015625;0.015625;0.031250;Id_Funcionario
AguinaldoTemporal;Rut_Temporal;NONCLUSTERED;0;0;NULL;NULL;NULL;NULL;NULL;NULL;0.015625;0.015625;0.046875;Rut_Temporal
Anexo_Finiquito;aaAnexo_Finiquito_PK;NONCLUSTERED;1;1;NULL;NULL;NULL;NULL;NULL;NULL;0.000000;0.000000;0.000000;Id_Establecimiento,Id_Funcionario,Correlativo,Correlativo_Anexo
Anexo_Finiquito;Correlativo;NONCLUSTERED;0;0;NULL;NULL;NULL;NULL;NULL;NULL;0.000000;0.000000;0.000000;Correlativo
Anexo_Finiquito;Correlativo_Anexo;NONCLUSTERED;0;0;NULL;NULL;NULL;NULL;NULL;NULL;0.000000;0.000000;0.000000;Correlativo_Anexo
Anexo_Finiquito;Id_Establecimiento;NONCLUSTERED;0;0;NULL;NULL;NULL;NULL;NULL;NULL;0.000000;0.000000;0.000000;Id_Establecimiento
Anexo_Finiquito;Id_Funcionario;NONCLUSTERED;0;0;NULL;NULL;NULL;NULL;NULL;NULL;0.000000;0.000000;0.000000;Id_Funcionario
Anexo_PlanCta;aaAnexo_PlanCta_PK;NONCLUSTERED;1;1;NULL;NULL;NULL;NULL;NULL;NULL;0.000000;0.000000;0.000000;Codigo_Cuenta,Id_TipoContrato,Id_Haber,Id_Establecimiento
Anexo_PlanCta_Privado;aaAnexo_PlanCta_Privado_PK;NONCLUSTERED;1;1;NULL;NULL;NULL;NULL;NULL;NULL;0.000000;0.000000;0.000000;Id_Establecimiento,Codigo_Cuenta,Id_HaberDcto,Tipo_Cuenta,Id_Proyecto
Anexo_PlanCta_Privado;Codigo_Cuenta;NONCLUSTERED;0;0;NULL;NULL;NULL;NULL;NULL;NULL;0.000000;0.000000;0.000000;Codigo_Cuenta
Anexo_PlanCta_Privado;Id_Establecimiento;NONCLUSTERED;0;0;NULL;NULL;NULL;NULL;NULL;NULL;0.000000;0.000000;0.000000;Id_Establecimiento
Anexo_PlanCta_Privado;Id_HaberDcto;NONCLUSTERED;0;0;NULL;NULL;NULL;NULL;NULL;NULL;0.000000;0.000000;0.000000;Id_HaberDcto
Anexo_PlanCta_Privado;Tipo_Cuenta;NONCLUSTERED;0;0;NULL;NULL;NULL;NULL;NULL;NULL;0.000000;0.000000;0.000000;Tipo_Cuenta
AnexoPlanCuentaPrivado;aaaaaAnexoPlanCuentaPrivado_PK;NONCLUSTERED;1;1;NULL;NULL;NULL;NULL;NULL;NULL;0.000000;0.000000;0.000000;Ano_Proceso,Mes_Proceso,Id_Establecimiento,Codigo_Cuenta
AnexoPlanCuentaPrivado;AnoProceso;NONCLUSTERED;0;0;NULL;NULL;NULL;NULL;NULL;NULL;0.000000;0.000000;0.000000;Ano_Proceso
AnexoPlanCuentaPrivado;Codigo_Cuenta;NONCLUSTERED;0;0;NULL;NULL;NULL;NULL;NULL;NULL;0.000000;0.000000;0.000000;Codigo_Cuenta
AnexoPlanCuentaPrivado;MesProceso;NONCLUSTERED;0;0;NULL;NULL;NULL;NULL;NULL;NULL;0.000000;0.000000;0.000000;Mes_Proceso
AnexoPlanCuentaPrivado;Rut;NONCLUSTERED;0;0;NULL;NULL;NULL;NULL;NULL;NULL;0.000000;0.000000;0.000000;Id_Establecimiento
AnexoPlandeCuenta;aaAnexoPlandeCuenta_PK;NONCLUSTERED;1;1;NULL;NULL;NULL;NULL;NULL;NULL;0.015625;0.015625;0.015625;Ano_Proceso,Mes_Proceso,Codigo_Area,CodigoCuenta
AnexoPlandeCuenta;Ano_Proceso;NONCLUSTERED;0;0;NULL;NULL;NULL;NULL;NULL;NULL;0.015625;0.015625;0.007812;Ano_Proceso
AnexoPlandeCuenta;Codigo_Area;NONCLUSTERED;0;0;NULL;NULL;NULL;NULL;NULL;NULL;0.015625;0.015625;0.007812;Codigo_Area
AnexoPlandeCuenta;CodigoCuenta;NONCLUSTERED;0;0;NULL;NULL;NULL;NULL;NULL;NULL;0.015625;0.015625;0.015625;CodigoCuenta
AnexoPlandeCuenta;Mes_Proceso;NONCLUSTERED;0;0;NULL;NULL;NULL;NULL;NULL;NULL;0.015625;0.015625;0.007812;Mes_Proceso
Anotaciones;aaaaaAnotaciones_PK;NONCLUSTERED;1;1;NULL;NULL;NULL;NULL;NULL;NULL;0.015625;0.015625;0.007812;Id_Funcionario,Id_Establecimiento,Id_TipoAnotacion,Id_Merito_Demerito
Anotaciones;Id_Establecimiento;NONCLUSTERED;0;0;NULL;NULL;NULL;NULL;NULL;NULL;0.015625;0.015625;0.007812;Id_Establecimiento
Anotaciones;Id_Funcionario;NONCLUSTERED;0;0;NULL;NULL;NULL;NULL;NULL;NULL;0.015625;0.015625;0.007812;Id_Funcionario
Anotaciones;Id_Merito_Demerito;NONCLUSTERED;0;1;NULL;NULL;NULL;NULL;NULL;NULL;0.015625;0.015625;0.007812;Id_Merito_Demerito
Anotaciones;Id_TipoAnotacion;NONCLUSTERED;0;0;NULL;NULL;NULL;NULL;NULL;NULL;0.015625;0.015625;0.007812;Id_TipoAnotacion
Antecedentes;aaaaaAntecedentes_PK;NONCLUSTERED;1;1;NULL;NULL;NULL;NULL;NULL;NULL;0.382812;0.257812;0.242187;Id_Establecimiento,Id_Funcionario,Id_Antecedentes
Antecedentes;Id_Antecedentes;NONCLUSTERED;0;0;NULL;NULL;NULL;NULL;NULL;NULL;0.195312;0.125000;0.109375;Id_Antecedentes
Antecedentes;Id_Establecimiento;NONCLUSTERED;0;0;NULL;NULL;NULL;NULL;NULL;NULL;0.320312;0.203125;0.187500;Id_Establecimiento
Antecedentes;Id_Funcionario;NONCLUSTERED;0;0;NULL;NULL;NULL;NULL;NULL;NULL;0.265625;0.187500;0.164062;Id_Funcionario
AperturaDeCuentas;aaAperturaDeCuentas_PK;NONCLUSTERED;1;1;NULL;NULL;NULL;NULL;NULL;NULL;0.000000;0.000000;0.000000;Id_Establecimiento,Id_Funcionario
AperturaDeCuentas;Id_Establecimiento;NONCLUSTERED;0;0;NULL;NULL;NULL;NULL;NULL;NULL;0.000000;0.000000;0.000000;Id_Establecimiento
AperturaDeCuentas;Id_Funcionario;NONCLUSTERED;0;0;NULL;NULL;NULL;NULL;NULL;NULL;0.000000;0.000000;0.000000;Id_Funcionario
Asignaciones_Transparencia;aaaAsignaciones_Transparencia_PK;CLUSTERED;1;1;NULL;NULL;NULL;NULL;NULL;NULL;0.101562;0.046875;0.031250;Id_Haber
Asignaciones_Transparencia;Id_Haber;NONCLUSTERED;0;0;NULL;NULL;NULL;NULL;NULL;NULL;0.015625;0.015625;0.007812;Id_Haber
Asignaturas;aaaaaAsignaturas_PK;NONCLUSTERED;1;1;NULL;NULL;NULL;NULL;NULL;NULL;0.015625;0.015625;0.007812;Id_Asignatura
Asistencia;aaaaaAsistencia_PK;NONCLUSTERED;1;1;NULL;NULL;NULL;NULL;NULL;NULL;0.000000;0.000000;0.000000;Id_Establecimiento,Id_Funcionario,Id_Asistencia
Asistencia;Id_Establecimiento;NONCLUSTERED;0;0;NULL;NULL;NULL;NULL;NULL;NULL;0.000000;0.000000;0.000000;Id_Establecimiento
Asistencia;Id_Funcionario;NONCLUSTERED;0;0;NULL;NULL;NULL;NULL;NULL;NULL;0.000000;0.000000;0.000000;Id_Funcionario
Bancos;aaaaaBancos_PK;NONCLUSTERED;1;1;NULL;NULL;NULL;NULL;NULL;NULL;0.015625;0.015625;0.007812;Id_Banco
Bancos;Id_Banco;NONCLUSTERED;0;1;NULL;NULL;NULL;NULL;NULL;NULL;0.015625;0.015625;0.007812;Id_Banco
Base_CalculoLicencia;aaaBase_CalculoLicencia_PK;NONCLUSTERED;1;1;2;0;0;0;2026-06-04 10:00:08.660;NULL;3.132812;3.125000;3.085937;Rut,Id_Licencia
BaseCalculo_PostNatalParental;aaaBaseCalculo_PostNatalParental_PK;CLUSTERED;1;1;NULL;NULL;NULL;NULL;NULL;NULL;0.257812;0.187500;0.171875;Id_CorrelativoPermiso,Rut
BaseCalculo_PostNatalParental;Id_CorrelativoPermiso;NONCLUSTERED;0;0;NULL;NULL;NULL;NULL;NULL;NULL;0.078125;0.031250;0.015625;Id_CorrelativoPermiso
BaseCalculo_PostNatalParental;Rut;NONCLUSTERED;0;0;NULL;NULL;NULL;NULL;NULL;NULL;0.078125;0.031250;0.015625;Rut
Bienestar_MacroCalculo;aaaBienestar_MacroCalculo_PK;CLUSTERED;1;1;12;0;0;0;2026-06-04 09:07:12.937;NULL;0.070312;0.015625;0.007812;Macro_id
Bienestar_TipoMoneda;aaaBienestar_TipoMoneda_PK;CLUSTERED;1;1;6;0;0;0;2026-06-04 09:07:12.910;NULL;0.070312;0.015625;0.007812;Id_ModoDctos
Bienios_Cumplidos;aaaaaBienios_Cumplidos_PK;NONCLUSTERED;1;1;NULL;NULL;NULL;NULL;NULL;NULL;0.015625;0.015625;0.007812;Id_Funcionario,Mes_Proceso,Ano_Proceso
Bienios_Cumplidos;Id_Funcionario;NONCLUSTERED;0;0;NULL;NULL;NULL;NULL;NULL;NULL;0.015625;0.015625;0.007812;Id_Funcionario
Calificacion;aaaaaCalificacion_PK;NONCLUSTERED;1;1;NULL;NULL;NULL;NULL;NULL;NULL;0.000000;0.000000;0.000000;Id_Establecimiento,Id_Funcionario,Periodo
Calificacion;Id_Establecimeinto;NONCLUSTERED;0;0;NULL;NULL;NULL;NULL;NULL;NULL;0.000000;0.000000;0.000000;Id_Establecimiento
Calificacion;Id_Funcionario;NONCLUSTERED;0;0;NULL;NULL;NULL;NULL;NULL;NULL;0.000000;0.000000;0.000000;Id_Funcionario
Calificacion;Periodo;NONCLUSTERED;0;0;NULL;NULL;NULL;NULL;NULL;NULL;0.000000;0.000000;0.000000;Periodo
Capacitacion;aaaaaCapacitacion_PK;NONCLUSTERED;1;1;NULL;NULL;NULL;NULL;NULL;NULL;0.070312;0.015625;0.007812;Rut_Funcionario,Id_Capacitacion
Capacitacion;Id_Capacitacion;NONCLUSTERED;0;0;NULL;NULL;NULL;NULL;NULL;NULL;0.070312;0.015625;0.007812;Id_Capacitacion
Capacitacion;Rut_Funcionario;NONCLUSTERED;0;0;NULL;NULL;NULL;NULL;NULL;NULL;0.070312;0.015625;0.007812;Rut_Funcionario
CargaDescuentosVarios_Aviso;aaaaaCargaDescuentosVarios_Aviso_PK;NONCLUSTERED;1;1;NULL;NULL;NULL;NULL;NULL;NULL;1.382812;1.273437;1.257812;Rut,Mes,Ano,Tipo_Hd,Id_Hd
CargaPagosLicencia;FechaInicio;NONCLUSTERED;0;0;NULL;NULL;NULL;NULL;NULL;NULL;0.070312;0.015625;0.007812;FechaInicio
CargaPagosLicencia;FechaTermino;NONCLUSTERED;0;0;NULL;NULL;NULL;NULL;NULL;NULL;0.070312;0.015625;0.007812;FechaTermino
CargaPagosLicencia;NLicencia;NONCLUSTERED;0;0;NULL;NULL;NULL;NULL;NULL;NULL;0.070312;0.015625;0.007812;NLicencia
CargaPagosLicencia;Rut;NONCLUSTERED;0;0;NULL;NULL;NULL;NULL;NULL;NULL;0.070312;0.015625;0.007812;Rut
CargaPagosLicencia_Aviso;NLicencia;NONCLUSTERED;0;0;NULL;NULL;NULL;NULL;NULL;NULL;0.070312;0.015625;0.007812;NLicencia
CargaPagosLicencia_Aviso;Rut;NONCLUSTERED;0;0;NULL;NULL;NULL;NULL;NULL;NULL;0.070312;0.015625;0.007812;Rut
CargasRetroactivas;aaaaaCargasRetroactivas_PK;NONCLUSTERED;1;1;NULL;NULL;NULL;NULL;NULL;NULL;0.210937;0.132812;0.187500;Id_Establecimiento,Id_Funcionario,Id_Carga_Retro
CargasRetroactivas;Id_Carga_Retro;NONCLUSTERED;0;0;NULL;NULL;NULL;NULL;NULL;NULL;0.164062;0.117187;0.132812;Id_Carga_Retro
CargasRetroactivas;Id_Establecimiento;NONCLUSTERED;0;0;NULL;NULL;NULL;NULL;NULL;NULL;0.210937;0.109375;0.140625;Id_Establecimiento
CargasRetroactivas;Id_Funcionario;NONCLUSTERED;0;0;NULL;NULL;NULL;NULL;NULL;NULL;0.156250;0.070312;0.093750;Id_Funcionario
CargoFuncionario;aaaaaCargoFuncionario_PK;NONCLUSTERED;1;1;NULL;NULL;NULL;NULL;NULL;NULL;0.015625;0.015625;0.007812;Id_Cargo
CargoFuncionario;Id_Cargo;NONCLUSTERED;0;0;NULL;NULL;NULL;NULL;NULL;NULL;0.015625;0.015625;0.007812;Id_Cargo
CarreraDocente;aaaCarreraDocente_PK;CLUSTERED;1;1;NULL;NULL;NULL;NULL;NULL;NULL;0.000000;0.000000;0.000000;Rut,Mes,Ano,Correlativo
CarreraDocente;Ano;NONCLUSTERED;0;0;NULL;NULL;NULL;NULL;NULL;NULL;0.000000;0.000000;0.000000;Ano
CarreraDocente;Correlativo;NONCLUSTERED;0;0;NULL;NULL;NULL;NULL;NULL;NULL;0.000000;0.000000;0.000000;Correlativo
CarreraDocente;Mes;NONCLUSTERED;0;0;NULL;NULL;NULL;NULL;NULL;NULL;0.000000;0.000000;0.000000;Mes
CarreraDocente;Rut;NONCLUSTERED;0;0;NULL;NULL;NULL;NULL;NULL;NULL;0.000000;0.000000;0.000000;Rut
CategoriaAsistEducacion;aaaCategoriaAsistEducacion_PK;CLUSTERED;1;1;5;0;0;0;2026-06-04 09:07:07.537;NULL;0.015625;0.015625;0.007812;Codigo_CategoriaAsistEducacion
CausalesEgreso;aaaaaCausalesEgreso_PK;NONCLUSTERED;1;1;NULL;NULL;NULL;NULL;NULL;NULL;0.015625;0.015625;0.007812;Id_Codigo
CausalesEgreso;Id_Codigo;NONCLUSTERED;0;0;NULL;NULL;NULL;NULL;NULL;NULL;0.015625;0.015625;0.007812;Id_Codigo
CCAF_LosAndes;aaCCAF_LosAndes_PK;NONCLUSTERED;1;1;NULL;NULL;NULL;NULL;NULL;NULL;0.000000;0.000000;0.000000;K1_Id_Establecimiento,K1_Id_Funcionario,K1_Ano,K1_Mes,Correlativo
CCAF_LosAndes;K1_Ano;NONCLUSTERED;0;0;NULL;NULL;NULL;NULL;NULL;NULL;0.015625;0.015625;0.007812;K1_Ano
CCAF_LosAndes;K1_Id_Establecimiento;NONCLUSTERED;0;0;NULL;NULL;NULL;NULL;NULL;NULL;0.015625;0.015625;0.007812;K1_Id_Establecimiento
CCAF_LosAndes;K1_Id_Funcionario;NONCLUSTERED;0;0;NULL;NULL;NULL;NULL;NULL;NULL;0.015625;0.015625;0.007812;K1_Id_Funcionario
CCAF_LosAndes;K1_Mes;NONCLUSTERED;0;0;NULL;NULL;NULL;NULL;NULL;NULL;0.015625;0.015625;0.007812;K1_Mes
CCAF_LosAndes_AfiliadoVoluntario;aaCCAF_LosAndes_AfiliadoVoluntario_PK;NONCLUSTERED;1;1;NULL;NULL;NULL;NULL;NULL;NULL;0.000000;0.000000;0.000000;K1_Id_Establecimiento,K1_Id_Funcionario,K1_Ano,K1_Mes
CCAF_LosAndes_AfiliadoVoluntario;K1_Ano;NONCLUSTERED;0;0;NULL;NULL;NULL;NULL;NULL;NULL;0.000000;0.000000;0.000000;K1_Ano
CCAF_LosAndes_AfiliadoVoluntario;K1_Id_Establecimiento;NONCLUSTERED;0;0;NULL;NULL;NULL;NULL;NULL;NULL;0.000000;0.000000;0.000000;K1_Id_Establecimiento
CCAF_LosAndes_AfiliadoVoluntario;K1_Id_Funcionario;NONCLUSTERED;0;0;NULL;NULL;NULL;NULL;NULL;NULL;0.000000;0.000000;0.000000;K1_Id_Funcionario
CCAF_LosAndes_AfiliadoVoluntario;K1_Mes;NONCLUSTERED;0;0;NULL;NULL;NULL;NULL;NULL;NULL;0.000000;0.000000;0.000000;K1_Mes
CCAF_LosAndes_DepositosConvenidos;aaCCAF_LosAndes_DepositosConvenidos_PK;NONCLUSTERED;1;1;NULL;NULL;NULL;NULL;NULL;NULL;0.000000;0.000000;0.000000;K1_Id_Establecimiento,K1_Id_Funcionario,K1_Ano,K1_Mes,Correlativo
CCAF_LosAndes_DepositosConvenidos;K1_Ano;NONCLUSTERED;0;0;NULL;NULL;NULL;NULL;NULL;NULL;0.015625;0.015625;0.007812;K1_Ano
CCAF_LosAndes_DepositosConvenidos;K1_Id_Establecimiento;NONCLUSTERED;0;0;NULL;NULL;NULL;NULL;NULL;NULL;0.015625;0.015625;0.007812;K1_Id_Establecimiento
CCAF_LosAndes_DepositosConvenidos;K1_Id_Funcionario;NONCLUSTERED;0;0;NULL;NULL;NULL;NULL;NULL;NULL;0.015625;0.015625;0.007812;K1_Id_Funcionario
CCAF_LosAndes_DepositosConvenidos;K1_Mes;NONCLUSTERED;0;0;NULL;NULL;NULL;NULL;NULL;NULL;0.015625;0.015625;0.007812;K1_Mes
CCAF_LosAndes_SIL;aaCCAF_LosAndes_SIL_PK;NONCLUSTERED;1;1;NULL;NULL;NULL;NULL;NULL;NULL;0.000000;0.000000;0.000000;K1_Id_Establecimiento,K1_Id_Funcionario,K1_Ano,K1_Mes
CCAF_LosAndes_SIL;K1_Ano;NONCLUSTERED;0;0;NULL;NULL;NULL;NULL;NULL;NULL;0.000000;0.000000;0.000000;K1_Ano
CCAF_LosAndes_SIL;K1_Id_Establecimiento;NONCLUSTERED;0;0;NULL;NULL;NULL;NULL;NULL;NULL;0.000000;0.000000;0.000000;K1_Id_Establecimiento
CCAF_LosAndes_SIL;K1_Id_Funcionario;NONCLUSTERED;0;0;NULL;NULL;NULL;NULL;NULL;NULL;0.000000;0.000000;0.000000;K1_Id_Funcionario
CCAF_LosAndes_SIL;K1_Mes;NONCLUSTERED;0;0;NULL;NULL;NULL;NULL;NULL;NULL;0.000000;0.000000;0.000000;K1_Mes
Centros_Estudios;aaCentros_Estudios_PK;NONCLUSTERED;1;1;NULL;NULL;NULL;NULL;NULL;NULL;0.015625;0.015625;0.007812;Id_Centros_Estudios
Centros_Estudios;Id_Centros_Estudios;NONCLUSTERED;0;0;NULL;NULL;NULL;NULL;NULL;NULL;0.015625;0.015625;0.007812;Id_Centros_Estudios
Certificados;PK_Certificados;CLUSTERED;1;1;NULL;NULL;NULL;NULL;NULL;NULL;0.023437;0.023437;0.007812;Numero,Ano,Id_Funcionario
Cheques;aaaaaCheques_PK;NONCLUSTERED;1;1;0;1;0;1;NULL;2026-06-04 09:11:44.680;0.015625;0.015625;0.007812;ID_Numero
Cheques;Id_Establecimiento;NONCLUSTERED;0;0;0;1;0;1;NULL;2026-06-04 10:00:09.600;0.015625;0.015625;0.007812;Id_Establecimiento
ClasificacionFuncionarios;aaClasificacionFuncionarios_PK;NONCLUSTERED;1;1;9;0;0;0;2026-06-04 09:07:07.633;NULL;0.015625;0.015625;0.007812;Id_Clasificacion_INE
CometidoFuncionario;aaaaaCometidoFuncionario_PK;NONCLUSTERED;1;1;NULL;NULL;NULL;NULL;NULL;NULL;0.015625;0.015625;0.007812;Id_Establecimiento,Id_Funcionario,Id_Cometido
CometidoFuncionario;Id_Cometido;NONCLUSTERED;0;1;NULL;NULL;NULL;NULL;NULL;NULL;0.015625;0.015625;0.007812;Id_Cometido
CometidoFuncionario;Id_Establecimiento;NONCLUSTERED;0;0;NULL;NULL;NULL;NULL;NULL;NULL;0.015625;0.015625;0.007812;Id_Establecimiento
CometidoFuncionario;Id_Funcionario;NONCLUSTERED;0;0;NULL;NULL;NULL;NULL;NULL;NULL;0.015625;0.015625;0.007812;Id_Funcionario
ComponentesINE;aaComponentesINE_PK;NONCLUSTERED;1;1;NULL;NULL;NULL;NULL;NULL;NULL;0.015625;0.015625;0.007812;Id_Componente_INE
ComponentesINE;Id_Componente_INE;NONCLUSTERED;0;0;16;0;0;0;2026-06-04 09:07:07.720;NULL;0.015625;0.015625;0.007812;Id_Componente_INE
ComponentesINE;Orden;NONCLUSTERED;0;0;NULL;NULL;NULL;NULL;NULL;NULL;0.015625;0.015625;0.007812;Orden
Constantes;aaaaaConstantes_PK;NONCLUSTERED;1;1;0;1;0;0;NULL;2026-06-04 09:13:41.847;0.015625;0.015625;0.007812;Id_Constante
Constantes;Id_Constante;NONCLUSTERED;0;1;28;0;0;0;2026-06-04 09:07:27.107;NULL;0.015625;0.015625;0.007812;Id_Constante
ContingenciaLeySanna;aaaContingenciaLeySanna_PK;NONCLUSTERED;1;1;NULL;NULL;NULL;NULL;NULL;NULL;0.015625;0.015625;0.007812;Codigo
CuentaBanco;aaaaaCuentaBanco_PK;NONCLUSTERED;1;1;NULL;NULL;NULL;NULL;NULL;NULL;0.148437;0.078125;0.148437;Id_Establecimiento,Id_Funcionario
CuentaBanco;Id_Establecimiento;NONCLUSTERED;0;0;NULL;NULL;NULL;NULL;NULL;NULL;0.140625;0.078125;0.132812;Id_Establecimiento
CuentaBanco;Id_Funcionario;NONCLUSTERED;0;0;NULL;NULL;NULL;NULL;NULL;NULL;0.140625;0.054687;0.101562;Id_Funcionario
DatosPersonales_Finiquito;aaDatosPersonales_Finiquito_PK;NONCLUSTERED;1;1;NULL;NULL;NULL;NULL;NULL;NULL;0.000000;0.000000;0.000000;Id_Establecimiento,Id_Funcionario,Correlativo,Fecha_Termino
DatosPersonales_Finiquito;Codigo_Causal;NONCLUSTERED;0;0;NULL;NULL;NULL;NULL;NULL;NULL;0.000000;0.000000;0.000000;Codigo_Causal
DatosPersonales_Finiquito;Codigo_Ley;NONCLUSTERED;0;0;NULL;NULL;NULL;NULL;NULL;NULL;0.000000;0.000000;0.000000;Codigo_Ley
DatosPersonales_Finiquito;Correlativo;NONCLUSTERED;0;0;NULL;NULL;NULL;NULL;NULL;NULL;0.000000;0.000000;0.000000;Correlativo
DatosPersonales_Finiquito;Estado_Finiquito;NONCLUSTERED;0;0;NULL;NULL;NULL;NULL;NULL;NULL;0.000000;0.000000;0.000000;Estado_Finiquito
DatosPersonales_Finiquito;Fecha_Inicio;NONCLUSTERED;0;0;NULL;NULL;NULL;NULL;NULL;NULL;0.000000;0.000000;0.000000;Fecha_Inicio
DatosPersonales_Finiquito;Fecha_Pago;NONCLUSTERED;0;0;NULL;NULL;NULL;NULL;NULL;NULL;0.000000;0.000000;0.000000;Fecha_Pago
DatosPersonales_Finiquito;Fecha_Termino;NONCLUSTERED;0;0;NULL;NULL;NULL;NULL;NULL;NULL;0.000000;0.000000;0.000000;Fecha_Termino
DatosPersonales_Finiquito;Id_Establecimiento;NONCLUSTERED;0;0;NULL;NULL;NULL;NULL;NULL;NULL;0.000000;0.000000;0.000000;Id_Establecimiento
DatosPersonales_Finiquito;Id_Funcionario;NONCLUSTERED;0;0;NULL;NULL;NULL;NULL;NULL;NULL;0.000000;0.000000;0.000000;Id_Funcionario
Decreto_Pago;aaDecreto_Pago_PK;NONCLUSTERED;1;1;NULL;NULL;NULL;NULL;NULL;NULL;0.015625;0.015625;0.031250;Ano_Proceso,ID_Haber
Decreto_Pago;ID_Haber;NONCLUSTERED;0;0;NULL;NULL;NULL;NULL;NULL;NULL;0.015625;0.015625;0.015625;ID_Haber
Decreto_Pago;SW_Clasificador2008;NONCLUSTERED;0;0;NULL;NULL;NULL;NULL;NULL;NULL;0.015625;0.015625;0.039062;SW_Clasificador2008
DescuentoBienestar;aaaDescuentoBienestar_PK;NONCLUSTERED;1;1;NULL;NULL;NULL;NULL;NULL;NULL;0.000000;0.000000;0.000000;Id_Establecimiento,Id_Funcionario,Id_Bienestar
DescuentoBienestar;Id_Bienestar;NONCLUSTERED;0;0;NULL;NULL;NULL;NULL;NULL;NULL;0.000000;0.000000;0.000000;Id_Bienestar
DescuentoBienestar;Id_Establecimiento;NONCLUSTERED;0;0;NULL;NULL;NULL;NULL;NULL;NULL;0.000000;0.000000;0.000000;Id_Establecimiento
DescuentoBienestar;Id_Funcionario;NONCLUSTERED;0;0;NULL;NULL;NULL;NULL;NULL;NULL;0.000000;0.000000;0.000000;Id_Funcionario
Descuentos;aaaaaDescuentos_PK;NONCLUSTERED;1;1;9;0;0;0;2026-06-04 09:07:45.640;NULL;0.015625;0.015625;0.007812;Id_Descuento
Descuentos_Finiquito;aaDescuentos_Finiquito_PK;NONCLUSTERED;1;1;NULL;NULL;NULL;NULL;NULL;NULL;0.015625;0.015625;0.007812;Id_Dcto
Descuentos_Finiquito;Id_Dcto;NONCLUSTERED;0;0;260;0;0;0;2026-06-04 09:07:18.480;NULL;0.015625;0.015625;0.007812;Id_Dcto
DescuentoSindicato;aaaDescuentoSindicato_PK;NONCLUSTERED;1;1;NULL;NULL;NULL;NULL;NULL;NULL;0.000000;0.000000;0.000000;Id_Establecimiento,Id_Funcionario,Id_Sindicato
DescuentoSindicato;Id_Establecimiento;NONCLUSTERED;0;0;NULL;NULL;NULL;NULL;NULL;NULL;0.000000;0.000000;0.000000;Id_Establecimiento
DescuentoSindicato;Id_Funcionario;NONCLUSTERED;0;0;NULL;NULL;NULL;NULL;NULL;NULL;0.000000;0.000000;0.000000;Id_Funcionario
DescuentoSindicato;Id_Sindicato;NONCLUSTERED;0;0;NULL;NULL;NULL;NULL;NULL;NULL;0.000000;0.000000;0.000000;Id_Sindicato
DescuentosNoEfectuados;aaaaaDescuentosNoEfectuados_PK;NONCLUSTERED;1;1;0;1;0;1;NULL;2026-06-04 09:11:44.670;0.000000;0.000000;0.000000;Id_Establecimiento,Id_Funcionario,Id_Descuento
DescuentosNoEfectuados;Id_Descuento;NONCLUSTERED;0;0;0;0;0;1;NULL;NULL;0.000000;0.000000;0.000000;Id_Descuento
DescuentosNoEfectuados;Id_Establecimiento;NONCLUSTERED;0;0;0;0;0;1;NULL;NULL;0.000000;0.000000;0.000000;Id_Establecimiento
DescuentosNoEfectuados;Id_Funcionario;NONCLUSTERED;0;0;0;1;0;1;NULL;2026-06-04 10:00:09.590;0.000000;0.000000;0.000000;Id_Funcionario
DescuentosNoEfectuadosSuple;aaaDescuentosNoEfectuadosSuple_PK;NONCLUSTERED;1;1;NULL;NULL;NULL;NULL;NULL;NULL;0.000000;0.000000;0.000000;Id_Establecimiento,Id_Funcionario,Id_ProcesoPs,Tipo_Horas,Mes,Ano,Id_Descuento
Detalle_DecretoPago;aaDetalle_DecretoPago_PK;NONCLUSTERED;1;1;3939;299;0;0;2026-06-04 09:07:45.170;2026-06-04 09:07:03.407;48.445312;48.343750;48.195312;Ano_Proceso,Id_Haber,Tipo_Cuenta,Id_Establecimiento
Detalle_DecretoPago;Cta_CodigoTrabajo;NONCLUSTERED;0;0;NULL;NULL;NULL;NULL;NULL;NULL;68.945312;68.843750;68.445312;Cta_CodigoTrabajo
Detalle_DecretoPago;Cta_Contrata;NONCLUSTERED;0;0;NULL;NULL;NULL;NULL;NULL;NULL;68.945312;68.851562;68.453125;Cta_Contrata
Detalle_DecretoPago;Cta_Planta;NONCLUSTERED;0;0;NULL;NULL;NULL;NULL;NULL;NULL;68.945312;68.851562;68.453125;Cta_Planta
Detalle_DecretoPago;Cta_Suplencia;NONCLUSTERED;0;0;NULL;NULL;NULL;NULL;NULL;NULL;68.945312;68.859375;68.460937;Cta_Suplencia
DetalleCCAF;aaDetalleCCAF_PK;NONCLUSTERED;1;1;NULL;NULL;NULL;NULL;NULL;NULL;0.000000;0.000000;0.000000;Id_Descuento,Id_DescuentosCCAF
DetalleDesDificil;aaaaaDetalleDesDificil_PK;NONCLUSTERED;1;1;0;1;0;0;NULL;2026-06-04 09:10:10.903;0.000000;0.000000;0.000000;Id_Establecimiento,Id_Funcionario,Id_EstablecimientoAsig,Tipo_Horas,Id_EstablecimientoCcos
Dias_Feriados;aaaaaDias_Feriados_PK;NONCLUSTERED;1;1;NULL;NULL;NULL;NULL;NULL;NULL;0.031250;0.031250;0.015625;Dia,Mes,Ano
Dias_Feriados;Ano;NONCLUSTERED;0;0;NULL;NULL;NULL;NULL;NULL;NULL;0.078125;0.039062;0.023437;Ano
Dias_Feriados;Dia;NONCLUSTERED;0;0;NULL;NULL;NULL;NULL;NULL;NULL;0.078125;0.031250;0.015625;Dia
Dias_Feriados;Mes;NONCLUSTERED;0;0;NULL;NULL;NULL;NULL;NULL;NULL;0.078125;0.031250;0.015625;Mes
DistribucionDesDificil;aaaaaDistribucionDesDificil_PK;NONCLUSTERED;1;1;NULL;NULL;NULL;NULL;NULL;NULL;0.000000;0.000000;0.000000;Mes,Ano,Id_Establecimiento
DocenteCapRedEnlace;aaaaaDocenteCapRedEnlace_PK;NONCLUSTERED;1;1;NULL;NULL;NULL;NULL;NULL;NULL;0.015625;0.015625;0.007812;Id_Establecimiento,Id_Funcionario
ErroresMigracionNet;ID;NONCLUSTERED;0;0;NULL;NULL;NULL;NULL;NULL;NULL;0.000000;0.000000;0.000000;Id
ErroresMigracionNet;PK_ErroresMigracionNet;NONCLUSTERED;1;1;NULL;NULL;NULL;NULL;NULL;NULL;0.000000;0.000000;0.000000;Id
Escalafones;aaaaaEscalafones_PK;NONCLUSTERED;1;1;NULL;NULL;NULL;NULL;NULL;NULL;0.015625;0.015625;0.007812;Id_Escalafon
Escalafones;Id_Escalafon;NONCLUSTERED;0;0;NULL;NULL;NULL;NULL;NULL;NULL;0.015625;0.015625;0.007812;Id_Escalafon
Establecimiento;aaaaaEstablecimiento_PK;NONCLUSTERED;1;1;NULL;NULL;NULL;NULL;NULL;NULL;0.015625;0.015625;0.007812;Id_Estable
Establecimiento;IdEstablecimiento;NONCLUSTERED;0;0;0;5;0;0;NULL;2026-06-04 09:07:27.167;0.015625;0.015625;0.007812;Id_Estable
Estado_LME;aaaEstado_LME_PK;NONCLUSTERED;1;1;NULL;NULL;NULL;NULL;NULL;NULL;0.015625;0.015625;0.007812;Codigo
EstadoCivil;aaaEstadoCivil_PK;CLUSTERED;1;1;10;0;0;0;2026-06-04 09:07:07.363;NULL;0.015625;0.015625;0.007812;Codigo
EstadoEstudio;aaaEstadoEstudio_PK;CLUSTERED;1;1;NULL;NULL;NULL;NULL;NULL;NULL;0.015625;0.015625;0.007812;Codigo_EstadoEstudio
EstadoPrevisional;aaaEstadoPrevisional_PK;CLUSTERED;1;1;17;0;0;1;2026-06-04 09:07:14.390;NULL;0.015625;0.015625;0.007812;Codigo
Estamento;aaaEstamento_PK;CLUSTERED;1;1;NULL;NULL;NULL;NULL;NULL;NULL;0.015625;0.015625;0.007812;Codigo_Estamento
Estamento_Dipres;aaaEstamento_Dipres_PK;CLUSTERED;1;1;NULL;NULL;NULL;NULL;NULL;NULL;0.070312;0.015625;0.007812;Codigo_EstamentoDipres
FactorActual;PK_FactorActual;CLUSTERED;1;1;NULL;NULL;NULL;NULL;NULL;NULL;0.023437;0.023437;0.007812;Factor_AÑo
Feriados;aaaaaFeriados_PK;NONCLUSTERED;1;1;NULL;NULL;NULL;NULL;NULL;NULL;0.265625;0.164062;0.140625;Id_Funcionario,Id_Establecimiento,Id_Periodo,Id_Correlativo
Feriados;Id_Correlativo;NONCLUSTERED;0;1;NULL;NULL;NULL;NULL;NULL;NULL;0.171875;0.070312;0.054687;Id_Correlativo
Feriados;Id_Establecimiento;NONCLUSTERED;0;0;NULL;NULL;NULL;NULL;NULL;NULL;0.195312;0.140625;0.125000;Id_Establecimiento
Feriados;Id_Funcionario;NONCLUSTERED;0;0;NULL;NULL;NULL;NULL;NULL;NULL;0.179687;0.078125;0.062500;Id_Funcionario
Feriados;Id_Periodo;NONCLUSTERED;0;0;NULL;NULL;NULL;NULL;NULL;NULL;0.171875;0.078125;0.062500;Id_Periodo
Ficha_EducacionHrs;aaaaaFicha_EducacionHrs_PK;NONCLUSTERED;1;1;NULL;NULL;NULL;NULL;NULL;NULL;0.382812;0.242187;0.226562;Id_Establecimiento,Id_Funcionario,Tipo_Horas
Ficha_EducacionHrs;Id_Establecimiento;NONCLUSTERED;0;0;NULL;NULL;NULL;NULL;NULL;NULL;0.320312;0.210937;0.195312;Id_Establecimiento
Ficha_EducacionHrs;Id_Funcionario;NONCLUSTERED;0;0;NULL;NULL;NULL;NULL;NULL;NULL;0.320312;0.164062;0.148437;Id_Funcionario
Ficha_EducacionHrs;Tipo_Horas;NONCLUSTERED;0;0;NULL;NULL;NULL;NULL;NULL;NULL;0.320312;0.164062;0.148437;Tipo_Horas
FichaAfiliadoVoluntario;aaFichaAfiliadoVoluntario_PK;CLUSTERED;1;1;0;3;0;2;NULL;2026-06-04 10:00:08.993;0.000000;0.000000;0.000000;Id_Establecimiento,Id_Funcionario,Rut_Afiliado
FichaAfiliadoVoluntario;Id_Establecimiento;NONCLUSTERED;0;0;NULL;NULL;NULL;NULL;NULL;NULL;0.000000;0.000000;0.000000;Id_Establecimiento
FichaAfiliadoVoluntario;Id_Funcionario;NONCLUSTERED;0;0;NULL;NULL;NULL;NULL;NULL;NULL;0.000000;0.000000;0.000000;Id_Funcionario
FichaAfiliadoVoluntario;Rut_Afiliado;NONCLUSTERED;0;0;NULL;NULL;NULL;NULL;NULL;NULL;0.000000;0.000000;0.000000;Rut_Afiliado
FichaDetalle_AEduca;aaFichaDetalle_AEduca_PK;NONCLUSTERED;1;1;0;1;0;0;NULL;2026-06-04 09:10:10.897;0.000000;0.000000;0.000000;Id_Establecimiento,Id_Funcionario,Tipo_Horas
FichaDetalle_AEduca;Id_Establecimiento;NONCLUSTERED;0;0;NULL;NULL;NULL;NULL;NULL;NULL;0.000000;0.000000;0.000000;Id_Establecimiento
FichaDetalle_AEduca;Id_Funcionario;NONCLUSTERED;0;0;NULL;NULL;NULL;NULL;NULL;NULL;0.000000;0.000000;0.000000;Id_Funcionario
FichaDetalle_AEduca;Tipo_Horas;NONCLUSTERED;0;0;NULL;NULL;NULL;NULL;NULL;NULL;0.000000;0.000000;0.000000;Tipo_Horas
FichaEducacion;aaaaaFichaEducacion_PK;NONCLUSTERED;1;1;NULL;NULL;NULL;NULL;NULL;NULL;0.320312;0.179687;0.164062;Id_Establecimiento,Id_Funcionario
FichaEducacion;FichaEducacion_Indice;NONCLUSTERED;0;0;NULL;NULL;NULL;NULL;NULL;NULL;0.320312;0.187500;0.171875;Id_Establecimiento,Id_Funcionario,Tipo_Funcionario
FichaEducacion;Id_Cargo;NONCLUSTERED;0;0;NULL;NULL;NULL;NULL;NULL;NULL;0.257812;0.140625;0.125000;Id_Cargo
FichaEducacion;Id_Escalafon;NONCLUSTERED;0;0;NULL;NULL;NULL;NULL;NULL;NULL;0.257812;0.140625;0.125000;Id_Escalafon
FichaEducacion;Id_Establecimiento;NONCLUSTERED;0;0;NULL;NULL;NULL;NULL;NULL;NULL;0.320312;0.164062;0.148437;Id_Establecimiento
FichaEducacion;Id_Funcionario;NONCLUSTERED;0;0;NULL;NULL;NULL;NULL;NULL;NULL;0.257812;0.125000;0.109375;Id_Funcionario
FichaFuncionario;<Indice_liq>;NONCLUSTERED;0;0;NULL;NULL;NULL;NULL;NULL;NULL;0.320312;0.203125;0.187500;Rut
FichaFuncionario;aaaaaFichaFuncionario_PK;NONCLUSTERED;1;1;NULL;NULL;NULL;NULL;NULL;NULL;0.320312;0.171875;0.156250;Id_Establecimiento,Id_Funcionario
FichaFuncionario;Id_Establecimiento;NONCLUSTERED;0;0;NULL;NULL;NULL;NULL;NULL;NULL;0.320312;0.156250;0.140625;Id_Establecimiento
FichaFuncionario;Id_Funcionario;NONCLUSTERED;0;0;3842;0;0;0;2026-06-04 09:13:41.823;NULL;0.257812;0.125000;0.109375;Id_Funcionario
FichaLeyesPrevisional;aaFichaLeyesPrev_PK;NONCLUSTERED;1;1;NULL;NULL;NULL;NULL;NULL;NULL;0.257812;0.125000;0.109375;Id_Establecimiento,Id_Funcionario
FichaLeyesPrevisional;Id_Establecimiento;NONCLUSTERED;0;0;NULL;NULL;NULL;NULL;NULL;NULL;0.257812;0.117187;0.101562;Id_Establecimiento
FichaLeyesPrevisional;Id_Funcionario;NONCLUSTERED;0;0;NULL;NULL;NULL;NULL;NULL;NULL;0.195312;0.085937;0.070312;Id_Funcionario
FichaPersonal;aaaaaFichaPersonal_PK;NONCLUSTERED;1;1;0;1;0;0;NULL;2026-06-04 09:07:45.233;0.320312;0.171875;0.156250;Id_Establecimiento,Id_Funcionario
FichaPersonal;Id_Establecimiento;NONCLUSTERED;0;0;NULL;NULL;NULL;NULL;NULL;NULL;0.320312;0.156250;0.140625;Id_Establecimiento
FichaPersonal;Id_Funcionario;NONCLUSTERED;0;0;NULL;NULL;NULL;NULL;NULL;NULL;0.257812;0.125000;0.109375;Id_Funcionario
Firmas_Liquidacion;aaaFirmas_Liquidacion_PK;CLUSTERED;1;1;NULL;NULL;NULL;NULL;NULL;NULL;0.000000;0.000000;0.000000;Id_Firma,Id_Funcionario,Tipo,Proceso,Mes,Ano
FormatoCargaFamiliar;FechaInicio;NONCLUSTERED;0;0;NULL;NULL;NULL;NULL;NULL;NULL;0.000000;0.000000;0.000000;FechaInicio
FormatoCargaFamiliar;FechaTermino;NONCLUSTERED;0;0;NULL;NULL;NULL;NULL;NULL;NULL;0.000000;0.000000;0.000000;FechaTermino
FormatoCargaFamiliar;NombreArchivo;NONCLUSTERED;0;0;NULL;NULL;NULL;NULL;NULL;NULL;0.000000;0.000000;0.000000;NombreArchivo
FormatoCargaLicencia;FechaInicio;NONCLUSTERED;0;0;NULL;NULL;NULL;NULL;NULL;NULL;0.015625;0.015625;0.007812;FechaInicio
FormatoCargaLicencia;FechaTermino;NONCLUSTERED;0;0;NULL;NULL;NULL;NULL;NULL;NULL;0.015625;0.015625;0.007812;FechaTermino
FormatoCargaLicencia;NombreArchivo;NONCLUSTERED;0;0;NULL;NULL;NULL;NULL;NULL;NULL;0.015625;0.015625;0.007812;NombreArchivo
FuncionariosDocentesConFeriados;aaaaaFuncionariosDocentesConFeriados_PK;NONCLUSTERED;1;1;NULL;NULL;NULL;NULL;NULL;NULL;0.015625;0.015625;0.007812;Id_Establecimiento,Id_Funcionario
FuncionarioSuplementaria;aaFuncionarioSuplementaria_PK;NONCLUSTERED;1;1;NULL;NULL;NULL;NULL;NULL;NULL;17.757812;17.695312;17.617187;Id_Establecimiento,Id_Funcionario,Id_ProcesoPs,Tipo_Horas,Mes,Ano
FuncionarioSuplementaria_AEduca;aaFuncionarioSuplementaria_AEduca_PK;NONCLUSTERED;1;1;NULL;NULL;NULL;NULL;NULL;NULL;0.000000;0.000000;0.000000;Id_Establecimiento,Id_Funcionario,Id_ProcesoPs,Tipo_Horas,Mes,Ano
GrupoFamiliar;aaaaaGrupoFamiliar_PK;NONCLUSTERED;1;1;NULL;NULL;NULL;NULL;NULL;NULL;0.140625;0.054687;0.132812;Id_Establecimiento,Id_Funcionario,Id_Carga_Carga
GrupoFamiliar;Id_Carga_Carga;NONCLUSTERED;0;0;NULL;NULL;NULL;NULL;NULL;NULL;0.078125;0.031250;0.070312;Id_Carga_Carga
GrupoFamiliar;Id_Establecimiento;NONCLUSTERED;0;0;NULL;NULL;NULL;NULL;NULL;NULL;0.140625;0.070312;0.117187;Id_Establecimiento
GrupoFamiliar;Id_Funcionario;NONCLUSTERED;0;0;NULL;NULL;NULL;NULL;NULL;NULL;0.156250;0.062500;0.085937;Id_Funcionario
Haberes;aaaaaHaberes_PK;NONCLUSTERED;1;1;NULL;NULL;NULL;NULL;NULL;NULL;0.015625;0.015625;0.007812;Id_Haber
Haberes;HaberModo;NONCLUSTERED;0;0;NULL;NULL;NULL;NULL;NULL;NULL;0.015625;0.015625;0.007812;HaberModo
Haberes;Id_Haber;NONCLUSTERED;0;1;7;0;0;0;2026-06-04 10:53:21.910;NULL;0.015625;0.015625;0.007812;Id_Haber
Haberes_Finiquito;aaHaberes_Finiquito_PK;NONCLUSTERED;1;1;NULL;NULL;NULL;NULL;NULL;NULL;0.015625;0.015625;0.007812;Id_Haber
Haberes_Finiquito;Id_Haber;NONCLUSTERED;0;0;466;0;0;0;2026-06-04 09:07:17.183;NULL;0.015625;0.015625;0.007812;Id_Haber
Haberes_Sistema;aaaHaberes_Sistema_PK;CLUSTERED;1;1;19;0;0;2;2026-06-04 09:07:27.160;NULL;0.015625;0.015625;0.007812;Id_Haber
Haberes_Sistema;Id_Haber;NONCLUSTERED;0;0;NULL;NULL;NULL;NULL;NULL;NULL;0.015625;0.015625;0.007812;Id_Haber
HaberesEncasillamiento;aaaHaberesEncasillamiento_PK;CLUSTERED;1;1;NULL;NULL;NULL;NULL;NULL;NULL;0.101562;0.046875;0.023437;Id_Haber
HaberesEncasillamiento;Id_Haber;NONCLUSTERED;0;0;NULL;NULL;NULL;NULL;NULL;NULL;0.015625;0.015625;0.007812;Id_Haber
HaberesINE;aaHaberesINE_PK;NONCLUSTERED;1;1;NULL;NULL;NULL;NULL;NULL;NULL;0.015625;0.015625;0.007812;Id_Haber
HaberesINE;Id_Componente_INE;NONCLUSTERED;0;0;NULL;NULL;NULL;NULL;NULL;NULL;0.015625;0.015625;0.007812;Id_Componente_INE
HaberesINE;Id_Haber;NONCLUSTERED;0;0;471;0;0;0;2026-06-04 09:07:10.537;NULL;0.015625;0.015625;0.007812;Id_Haber
Historial_Contratos;aaaaaHistorial_Contratos_PK;NONCLUSTERED;1;1;2100;0;0;1641;2026-06-04 09:13:41.833;NULL;8.132812;8.093750;8.054687;Id_Funcionario,Id_Establecimiento,Id_Correlativo
Historial_Contratos;Fecha_Ingreso;NONCLUSTERED;0;0;0;0;0;1641;NULL;NULL;6.632812;6.554687;6.515625;Fecha_Ingreso
Historial_Contratos;Fecha_Inicio;NONCLUSTERED;0;0;3637;0;0;1641;2026-06-04 09:13:41.720;NULL;6.703125;6.609375;6.562500;Fecha_Inicio
Historial_Contratos;Fecha_Termino;NONCLUSTERED;0;0;178;0;0;1641;2026-06-04 09:12:56.280;NULL;5.390625;5.359375;5.312500;Fecha_Termino
Historial_Contratos;Id_Correlativo;NONCLUSTERED;0;0;0;0;0;1641;NULL;NULL;5.515625;5.406250;5.367187;Id_Correlativo
Historial_Contratos;Id_Establecimiento;NONCLUSTERED;0;0;0;0;0;1641;NULL;NULL;6.382812;6.312500;6.273437;Id_Establecimiento
Historial_Contratos;Id_funcionario;NONCLUSTERED;0;0;0;0;0;1641;NULL;NULL;4.820312;4.781250;4.750000;Id_Funcionario
Historial_Egreso;aaaaaHistorial_Egreso_PK;NONCLUSTERED;1;1;NULL;NULL;NULL;NULL;NULL;NULL;0.000000;0.000000;0.000000;Rut_Funcionario,Id_Establecimiento,Id_HistE
Historial_Egreso;Id_Establecimiento;NONCLUSTERED;0;0;NULL;NULL;NULL;NULL;NULL;NULL;0.000000;0.000000;0.000000;Id_Establecimiento
Historial_Egreso;Id_Historial;NONCLUSTERED;0;1;NULL;NULL;NULL;NULL;NULL;NULL;0.000000;0.000000;0.000000;Id_HistE
Historial_Egreso;Rut_Funcionario;NONCLUSTERED;0;0;NULL;NULL;NULL;NULL;NULL;NULL;0.000000;0.000000;0.000000;Rut_Funcionario
Historial_Egreso1;aaaaaHistorial_Egreso1_PK;NONCLUSTERED;1;1;NULL;NULL;NULL;NULL;NULL;NULL;0.015625;0.015625;0.007812;Id_Funcionario,Id_Establecimiento,Id_HistE
HistorialUnidadE;aaaaaHistorialUnidadE_PK;NONCLUSTERED;1;1;NULL;NULL;NULL;NULL;NULL;NULL;0.000000;0.000000;0.000000;Rut_Funcionario,Id_Historial
HistorialUnidadE;Id_Funcionario;NONCLUSTERED;0;0;NULL;NULL;NULL;NULL;NULL;NULL;0.000000;0.000000;0.000000;Rut_Funcionario
HistorialUnidadE;Id_Historial;NONCLUSTERED;0;1;NULL;NULL;NULL;NULL;NULL;NULL;0.000000;0.000000;0.000000;Id_Historial
HistoricoAfp;aaHistoricoAfp_PK;NONCLUSTERED;1;1;19;0;0;19;2026-06-04 09:11:45.160;NULL;0.187500;0.093750;0.085937;Id_Afp,Mes,Ano
HistoricoAfp;Ano;NONCLUSTERED;0;0;0;0;0;19;NULL;NULL;0.187500;0.078125;0.070312;Ano
HistoricoAfp;Id_Afp;NONCLUSTERED;0;0;0;0;0;19;NULL;NULL;0.125000;0.070312;0.062500;Id_Afp
HistoricoAfp;Mes;NONCLUSTERED;0;0;0;0;0;19;NULL;NULL;0.179687;0.085937;0.085937;Mes
HistoricoBienios;AnoProceso;NONCLUSTERED;0;0;NULL;NULL;NULL;NULL;NULL;NULL;0.257812;0.101562;0.085937;AnoProceso
HistoricoBienios;MesProceso;NONCLUSTERED;0;0;NULL;NULL;NULL;NULL;NULL;NULL;0.257812;0.101562;0.085937;MesProceso
HistoricoBienios;PK_HistoricoBienios;NONCLUSTERED;1;1;NULL;NULL;NULL;NULL;NULL;NULL;0.382812;0.226562;0.210937;Contador,Rut,AnoProceso,MesProceso
HistoricoBienios;Rut;NONCLUSTERED;0;0;NULL;NULL;NULL;NULL;NULL;NULL;0.257812;0.148437;0.132812;Rut
HistoricoCambioEstablecimiento;aaHistoricoCambioEstablecimiento_PK;NONCLUSTERED;1;1;NULL;NULL;NULL;NULL;NULL;NULL;0.335937;0.195312;0.265625;Id_Funcionario,Mes,Ano
HistoricoCambioEstablecimiento;Ano;NONCLUSTERED;0;0;NULL;NULL;NULL;NULL;NULL;NULL;0.265625;0.171875;0.242187;Ano
HistoricoCambioEstablecimiento;Id_Funcionario;NONCLUSTERED;0;0;NULL;NULL;NULL;NULL;NULL;NULL;0.273437;0.156250;0.195312;Id_Funcionario
HistoricoCambioEstablecimiento;Mes;NONCLUSTERED;0;0;NULL;NULL;NULL;NULL;NULL;NULL;0.265625;0.187500;0.234375;Mes
HistoricoCargasRetroactivas;aaHistoricoCargasRetroactivas_PK;NONCLUSTERED;1;1;0;0;0;10;NULL;NULL;0.265625;0.171875;0.218750;Id_Establecimiento,Id_Funcionario,Mes,Ano,TipoCarga_Retro,Id_Carga_Retro
HistoricoCargasRetroactivas;Ano;NONCLUSTERED;0;0;1;0;0;10;2026-06-04 09:11:44.870;NULL;0.164062;0.078125;0.093750;Ano
HistoricoCargasRetroactivas;Id_Carga_Retro;NONCLUSTERED;0;0;0;0;0;10;NULL;NULL;0.234375;0.109375;0.117187;Id_Carga_Retro
HistoricoCargasRetroactivas;Id_Establecimiento;NONCLUSTERED;0;0;0;0;0;10;NULL;NULL;0.226562;0.109375;0.125000;Id_Establecimiento
HistoricoCargasRetroactivas;Id_Funcionario;NONCLUSTERED;0;0;0;0;0;10;NULL;NULL;0.171875;0.085937;0.093750;Id_Funcionario
HistoricoCargasRetroactivas;Mes;NONCLUSTERED;0;0;1;0;0;10;2026-06-04 09:11:44.870;NULL;0.234375;0.125000;0.132812;Mes
HistoricoCargasRetroactivas;TipoCarga_Retro;NONCLUSTERED;0;0;0;0;0;10;NULL;NULL;0.156250;0.085937;0.109375;TipoCarga_Retro
HistoricoCheques;aaaaaHistoricoCheques_PK;NONCLUSTERED;1;1;NULL;NULL;NULL;NULL;NULL;NULL;0.015625;0.015625;0.007812;ID_Numero,Mes,Ano
HistoricoCheques;Ano;NONCLUSTERED;0;0;NULL;NULL;NULL;NULL;NULL;NULL;0.015625;0.015625;0.007812;Ano
HistoricoCheques;Id_Establecimiento;NONCLUSTERED;0;0;NULL;NULL;NULL;NULL;NULL;NULL;0.015625;0.015625;0.007812;Id_Establecimiento
HistoricoCheques;ID_Numero;NONCLUSTERED;0;0;NULL;NULL;NULL;NULL;NULL;NULL;0.015625;0.015625;0.007812;ID_Numero
HistoricoCheques;Mes;NONCLUSTERED;0;0;NULL;NULL;NULL;NULL;NULL;NULL;0.015625;0.015625;0.007812;Mes
HistoricoConstantes;aaHistoricoConstantes_PK;NONCLUSTERED;1;1;46;0;0;46;2026-06-04 09:13:42.247;NULL;0.234375;0.132812;0.140625;Ano,Mes,Id_Constante
HistoricoConstantes;Rut;NONCLUSTERED;0;0;0;0;0;46;NULL;NULL;0.296875;0.156250;0.164062;Ano
HistoricoCuentaBanco;aaaaaHistoricoCuentaBanco_PK;NONCLUSTERED;1;1;4427;0;0;4427;2026-06-04 09:09:22.047;NULL;23.695312;23.632812;23.546875;Id_Establecimiento,Id_Funcionario,Mes,Ano
HistoricoCuentaBanco;Ano;NONCLUSTERED;0;0;0;0;0;4427;NULL;NULL;11.390625;11.328125;11.273437;Ano
HistoricoCuentaBanco;Id_Establecimiento;NONCLUSTERED;0;0;0;0;0;4427;NULL;NULL;16.453125;16.437500;16.328125;Id_Establecimiento
HistoricoCuentaBanco;Id_Funcionario;NONCLUSTERED;0;0;0;0;0;4427;NULL;NULL;14.007812;13.992187;13.937500;Id_Funcionario
HistoricoCuentaBanco;Mes;NONCLUSTERED;0;0;0;0;0;4427;NULL;NULL;11.390625;11.367187;11.304687;Mes
HistoricoDctosNoEfectuados;aaaaaHistoricoDctosNoEfectu_PK;NONCLUSTERED;1;1;NULL;NULL;NULL;NULL;NULL;NULL;0.000000;0.000000;0.000000;Id_Establecimiento,Id_Funcionario,Id_Descuento,Mes,Ano
HistoricoDctosNoEfectuados;Ano;NONCLUSTERED;0;0;NULL;NULL;NULL;NULL;NULL;NULL;0.000000;0.000000;0.000000;Ano
HistoricoDctosNoEfectuados;Id_Descuento;NONCLUSTERED;0;0;NULL;NULL;NULL;NULL;NULL;NULL;0.000000;0.000000;0.000000;Id_Descuento
HistoricoDctosNoEfectuados;Id_Establecimiento;NONCLUSTERED;0;0;NULL;NULL;NULL;NULL;NULL;NULL;0.000000;0.000000;0.000000;Id_Establecimiento
HistoricoDctosNoEfectuados;Id_Funcionario;NONCLUSTERED;0;0;NULL;NULL;NULL;NULL;NULL;NULL;0.000000;0.000000;0.000000;Id_Funcionario
HistoricoDctosNoEfectuados;Mes;NONCLUSTERED;0;0;NULL;NULL;NULL;NULL;NULL;NULL;0.000000;0.000000;0.000000;Mes
HistoricoDetalleDesDificil;aaaaaHistoricoDetalleDesDificil_PK;NONCLUSTERED;1;1;NULL;NULL;NULL;NULL;NULL;NULL;0.000000;0.000000;0.000000;Id_Establecimiento,Id_Funcionario,Id_EstablecimientoAsig,Tipo_Horas,Id_EstablecimientoCcos,Mes,Ano
HistoricoFicha_EducacionHrs;aaaaaHistoricoFicha_Educaci_PK;NONCLUSTERED;1;1;9248;0;0;9247;2026-06-04 09:11:45.383;NULL;48.070312;47.992187;47.828125;Id_Establecimiento,Id_Funcionario,Tipo_Horas,Mes,Ano
HistoricoFicha_EducacionHrs;Ano;NONCLUSTERED;0;0;0;0;0;9247;NULL;NULL;21.757812;21.750000;21.679687;Ano
HistoricoFicha_EducacionHrs;Id_Establecimiento;NONCLUSTERED;0;0;0;0;0;9247;NULL;NULL;30.445312;30.398437;30.218750;Id_Establecimiento
HistoricoFicha_EducacionHrs;Id_Funcionario;NONCLUSTERED;0;0;0;0;0;9247;NULL;NULL;26.570312;26.500000;26.421875;Id_Funcionario
HistoricoFicha_EducacionHrs;Mes;NONCLUSTERED;0;0;0;0;0;9247;NULL;NULL;22.632812;22.585937;22.507812;Mes
HistoricoFicha_EducacionHrs;Tipo_Horas;NONCLUSTERED;0;0;0;0;0;9247;NULL;NULL;26.570312;26.500000;26.421875;Tipo_Horas
HistoricoFichaAfiliadoVoluntario;aaHistoFichaAfiliadoVoluntario_PK;CLUSTERED;1;1;NULL;NULL;NULL;NULL;NULL;NULL;0.000000;0.000000;0.000000;Id_Establecimiento,Id_Funcionario,Mes,Ano,Rut_Afiliado
HistoricoFichaAfiliadoVoluntario;Ano;NONCLUSTERED;0;0;NULL;NULL;NULL;NULL;NULL;NULL;0.000000;0.000000;0.000000;Ano
HistoricoFichaAfiliadoVoluntario;Id_Establecimiento;NONCLUSTERED;0;0;NULL;NULL;NULL;NULL;NULL;NULL;0.000000;0.000000;0.000000;Id_Establecimiento
HistoricoFichaAfiliadoVoluntario;Id_Funcionario;NONCLUSTERED;0;0;NULL;NULL;NULL;NULL;NULL;NULL;0.000000;0.000000;0.000000;Id_Funcionario
HistoricoFichaAfiliadoVoluntario;Mes;NONCLUSTERED;0;0;NULL;NULL;NULL;NULL;NULL;NULL;0.000000;0.000000;0.000000;Mes
HistoricoFichaAfiliadoVoluntario;Rut_Afiliado;NONCLUSTERED;0;0;NULL;NULL;NULL;NULL;NULL;NULL;0.000000;0.000000;0.000000;Rut_Afiliado
HistoricoFichaDetalle_AEduca;aaHistoricoFichaDetalle_AEduca_PK;NONCLUSTERED;1;1;NULL;NULL;NULL;NULL;NULL;NULL;0.000000;0.000000;0.000000;Id_Establecimiento,Id_Funcionario,Tipo_Horas,Mes,Ano
HistoricoFichaDetalle_AEduca;Ano;NONCLUSTERED;0;0;NULL;NULL;NULL;NULL;NULL;NULL;0.000000;0.000000;0.000000;Ano
HistoricoFichaDetalle_AEduca;Id_Establecimiento;NONCLUSTERED;0;0;NULL;NULL;NULL;NULL;NULL;NULL;0.000000;0.000000;0.000000;Id_Establecimiento
HistoricoFichaDetalle_AEduca;Id_Funcionario;NONCLUSTERED;0;0;NULL;NULL;NULL;NULL;NULL;NULL;0.000000;0.000000;0.000000;Id_Funcionario
HistoricoFichaDetalle_AEduca;Mes;NONCLUSTERED;0;0;NULL;NULL;NULL;NULL;NULL;NULL;0.000000;0.000000;0.000000;Mes
HistoricoFichaDetalle_AEduca;Tipo_Horas;NONCLUSTERED;0;0;NULL;NULL;NULL;NULL;NULL;NULL;0.000000;0.000000;0.000000;Tipo_Horas
HistoricoFichaEducacion;aaaaaHistoricoFichaEducacio_PK;NONCLUSTERED;1;1;6859;0;0;6858;2026-06-04 09:11:45.383;NULL;32.757812;32.734375;32.625000;Id_Establecimiento,Id_Funcionario,Mes,Ano
HistoricoFichaEducacion;Ano;NONCLUSTERED;0;0;0;0;0;6858;NULL;NULL;15.882812;15.812500;15.757812;Ano
HistoricoFichaEducacion;Id_Establecimiento;NONCLUSTERED;0;0;0;0;0;6858;NULL;NULL;22.445312;22.398437;22.265625;Id_Establecimiento
HistoricoFichaEducacion;Id_Funcionario;NONCLUSTERED;0;0;0;0;0;6858;NULL;NULL;19.382812;19.375000;19.312500;Id_Funcionario
HistoricoFichaEducacion;Mes;NONCLUSTERED;0;0;0;0;0;6858;NULL;NULL;16.007812;15.953125;15.890625;Mes
HistoricoFichaFuncionario;aaaaaHistoricoFichaFunciona_PK;NONCLUSTERED;1;1;6858;0;0;6858;2026-06-04 09:09:22.060;NULL;32.757812;32.734375;32.625000;Id_Establecimiento,Id_Funcionario,Mes,Ano
HistoricoFichaFuncionario;Ano;NONCLUSTERED;0;0;0;0;0;6858;NULL;NULL;15.890625;15.867187;15.804687;Ano
HistoricoFichaFuncionario;Id_Establecimiento;NONCLUSTERED;0;0;0;0;0;6858;NULL;NULL;22.640625;22.609375;22.468750;Id_Establecimiento
HistoricoFichaFuncionario;Id_Funcionario;NONCLUSTERED;0;0;0;0;0;6858;NULL;NULL;19.382812;19.375000;19.312500;Id_Funcionario
HistoricoFichaFuncionario;Indice_Licencias;NONCLUSTERED;0;0;0;0;0;6858;NULL;NULL;35.515625;35.468750;35.257812;Id_Isapre,Mes,Ano,Activo,Rut
HistoricoFichaFuncionario;Mes;NONCLUSTERED;0;0;0;0;0;6858;NULL;NULL;16.390625;16.375000;16.304687;Mes
HistoricoFichaLeyesPrevisional;aaHistoricoFichaLeyesPrev_PK;NONCLUSTERED;1;1;4258;0;0;4258;2026-06-04 09:10:59.767;NULL;17.882812;17.828125;17.757812;Id_Establecimiento,Id_Funcionario,Mes,Ano
HistoricoFichaLeyesPrevisional;Ano;NONCLUSTERED;0;0;0;0;0;4258;NULL;NULL;8.640625;8.601562;8.554687;Ano
HistoricoFichaLeyesPrevisional;Id_Establecimiento;NONCLUSTERED;0;0;0;0;0;4258;NULL;NULL;12.828125;12.820312;12.726562;Id_Establecimiento
HistoricoFichaLeyesPrevisional;Id_Funcionario;NONCLUSTERED;0;0;0;0;0;4258;NULL;NULL;10.632812;10.562500;10.515625;Id_Funcionario
HistoricoFichaLeyesPrevisional;Mes;NONCLUSTERED;0;0;0;0;0;4258;NULL;NULL;8.765625;8.726562;8.664062;Mes
HistoricoGrupoFamiliar;aaHistoricoGrupoFamiliar_PK;NONCLUSTERED;1;1;NULL;NULL;NULL;NULL;NULL;NULL;0.000000;0.000000;0.000000;Ano,Mes,Id_Establecimiento,Id_Funcionario,Id_Carga_Carga
HistoricoGrupoFamiliar;Ano;NONCLUSTERED;0;0;NULL;NULL;NULL;NULL;NULL;NULL;0.000000;0.000000;0.000000;Ano
HistoricoGrupoFamiliar;Id_Carga_Carga;NONCLUSTERED;0;0;NULL;NULL;NULL;NULL;NULL;NULL;0.000000;0.000000;0.000000;Id_Carga_Carga
HistoricoGrupoFamiliar;Id_Establecimiento;NONCLUSTERED;0;0;NULL;NULL;NULL;NULL;NULL;NULL;0.000000;0.000000;0.000000;Id_Establecimiento
HistoricoGrupoFamiliar;Id_Funcionario;NONCLUSTERED;0;0;NULL;NULL;NULL;NULL;NULL;NULL;0.000000;0.000000;0.000000;Id_Funcionario
HistoricoGrupoFamiliar;Mes;NONCLUSTERED;0;0;NULL;NULL;NULL;NULL;NULL;NULL;0.000000;0.000000;0.000000;Mes
HistoricoImpuesto;PK_HistoricoImpuesto;CLUSTERED;1;1;NULL;NULL;NULL;NULL;NULL;NULL;0.023437;0.023437;0.007812;Id_FechaDesde,Id_FechaHasta,Id_Tramo
HistoricoIsapres;aaHistoricoIsapres_PK;NONCLUSTERED;1;1;14;0;0;14;2026-06-04 09:11:45.323;NULL;0.171875;0.062500;0.062500;Id_Isapre,Mes,Ano
HistoricoIsapres;Ano;NONCLUSTERED;0;0;0;0;0;14;NULL;NULL;0.125000;0.070312;0.046875;Ano
HistoricoIsapres;Id_Isapre;NONCLUSTERED;0;0;0;0;0;14;NULL;NULL;0.179687;0.070312;0.046875;Id_Isapre
HistoricoIsapres;Mes;NONCLUSTERED;0;0;0;0;0;14;NULL;NULL;0.132812;0.085937;0.062500;Mes
HistoricoLiquidacion;aaaaaHistoricoLiquidacion_PK;NONCLUSTERED;1;1;1541;0;0;1541;2026-06-04 09:11:07.963;NULL;12.632812;12.562500;12.507812;Id_Establecimiento,Id_Funcionario,Mes,Ano
HistoricoLiquidacion;Ano;NONCLUSTERED;0;0;0;0;0;1541;NULL;NULL;6.132812;6.039062;6.007812;Ano
HistoricoLiquidacion;Id_Estable;NONCLUSTERED;0;0;0;0;0;1541;NULL;NULL;8.570312;8.531250;8.476562;Id_Establecimiento
HistoricoLiquidacion;Id_Funcionario;NONCLUSTERED;0;0;0;0;0;1541;NULL;NULL;7.507812;7.468750;7.429687;Id_Funcionario
HistoricoLiquidacion;Mes;NONCLUSTERED;0;0;0;0;0;1541;NULL;NULL;7.570312;7.531250;7.484375;Mes
HistoricoLiquidacionHrs;aaaaaHistoricoLiquidacionHr_PK;NONCLUSTERED;1;1;2047;1;0;2047;2026-06-04 09:11:17.923;2026-06-04 09:11:45.383;17.507812;17.484375;17.414062;Id_Establecimiento,Id_Funcionario,Tipo_Horas,Mes,Ano
HistoricoLiquidacionHrs;Ano;NONCLUSTERED;0;0;0;0;0;2047;NULL;NULL;9.820312;9.742187;9.703125;Ano
HistoricoLiquidacionHrs;Id_Establecimiento;NONCLUSTERED;0;0;0;0;0;2047;NULL;NULL;11.007812;10.960937;10.890625;Id_Establecimiento
HistoricoLiquidacionHrs;Id_Funcionario;NONCLUSTERED;0;0;0;0;0;2047;NULL;NULL;9.757812;9.679687;9.640625;Id_Funcionario
HistoricoLiquidacionHrs;Id_TipoContrato;NONCLUSTERED;0;0;0;0;0;2047;NULL;NULL;8.882812;8.851562;8.796875;Id_TipoContrato
HistoricoLiquidacionHrs;Mes;NONCLUSTERED;0;0;0;0;0;2047;NULL;NULL;7.945312;7.914062;7.867187;Mes
HistoricoLiquidacionHrs;Tipo_Horas;NONCLUSTERED;0;0;0;0;0;2047;NULL;NULL;9.757812;9.679687;9.640625;Tipo_Horas
HistoricoLiquidacionHrs_AEduca;aaHistoricoLiquidacionHrs_AEduca_PK;NONCLUSTERED;1;1;NULL;NULL;NULL;NULL;NULL;NULL;0.000000;0.000000;0.000000;Id_Establecimiento,Id_Funcionario,Tipo_Horas,Mes,Ano
HistoricoMovDctos;aaHistoricoMovDctos_PK;NONCLUSTERED;1;1;8;0;0;8;2026-06-04 09:11:44.783;NULL;0.148437;0.093750;0.125000;Id_Establecimiento,Id_Funcionario,Mes,Ano,Tipo_Hd,Id_Hd
HistoricoMovDctos;Ano;NONCLUSTERED;0;0;0;0;0;8;NULL;NULL;0.164062;0.054687;0.062500;Ano
HistoricoMovDctos;Id_Establecimiento;NONCLUSTERED;0;0;0;0;0;8;NULL;NULL;0.164062;0.054687;0.070312;Id_Establecimiento
HistoricoMovDctos;Id_Funcionario;NONCLUSTERED;0;0;0;0;0;8;NULL;NULL;0.101562;0.046875;0.054687;Id_Funcionario
HistoricoMovDctos;Id_Hd;NONCLUSTERED;0;0;0;0;0;8;NULL;NULL;0.179687;0.085937;0.085937;Id_Hd
HistoricoMovDctos;Mes;NONCLUSTERED;0;0;0;0;0;8;NULL;NULL;0.109375;0.054687;0.062500;Mes
HistoricoMovDctos;Tipo_Hd;NONCLUSTERED;0;0;0;0;0;8;NULL;NULL;0.179687;0.085937;0.085937;Tipo_Hd
HistoricoMovLiquidacion;aaaaaHistoricoMovLiquidacio_PK;NONCLUSTERED;1;1;5346;0;0;5346;2026-06-04 09:11:44.660;NULL;68.632812;68.539062;68.265625;Id_Establecimiento,Id_Funcionario,Tipo_HaberDcto,Id_HaberDcto,Mes,Ano
HistoricoMovLiquidacion;Ano;NONCLUSTERED;0;0;0;0;0;5346;NULL;NULL;28.515625;28.468750;28.367187;Ano
HistoricoMovLiquidacion;Id_Establecimiento;NONCLUSTERED;0;0;0;0;0;5346;NULL;NULL;33.890625;33.835937;33.617187;Id_Establecimiento
HistoricoMovLiquidacion;Id_Funcionario;NONCLUSTERED;0;0;0;0;0;5346;NULL;NULL;31.382812;31.328125;31.234375;Id_Funcionario
HistoricoMovLiquidacion;Id_Hd;NONCLUSTERED;0;0;0;0;0;5346;NULL;NULL;29.078125;29.039062;28.898437;Id_HaberDcto
HistoricoMovLiquidacion;Id_TipoContrato;NONCLUSTERED;0;0;0;0;0;5346;NULL;NULL;26.140625;26.125000;25.976562;Id_TipoContrato
HistoricoMovLiquidacion;Mes;NONCLUSTERED;0;0;0;0;0;5346;NULL;NULL;28.578125;28.578125;28.468750;Mes
HistoricoMovLiquidacion;Tipo_HabeDcto;NONCLUSTERED;0;0;0;0;0;5346;NULL;NULL;25.765625;25.742187;25.609375;Tipo_HaberDcto
HistoricoMovPlanillaSuple;aaaaaHistoricoMovPlanillaSu_PK;NONCLUSTERED;1;1;NULL;NULL;NULL;NULL;NULL;NULL;0.000000;0.000000;0.000000;Id_Establecimiento,Id_Funcionario,Id_Hd,Mes,Ano
HistoricoMovPlanillaSuple;Ano;NONCLUSTERED;0;0;NULL;NULL;NULL;NULL;NULL;NULL;0.000000;0.000000;0.000000;Ano
HistoricoMovPlanillaSuple;Id_Establecimiento;NONCLUSTERED;0;0;NULL;NULL;NULL;NULL;NULL;NULL;0.000000;0.000000;0.000000;Id_Establecimiento
HistoricoMovPlanillaSuple;Id_Funcionario;NONCLUSTERED;0;0;NULL;NULL;NULL;NULL;NULL;NULL;0.000000;0.000000;0.000000;Id_Funcionario
HistoricoMovPlanillaSuple;Id_Hd;NONCLUSTERED;0;0;NULL;NULL;NULL;NULL;NULL;NULL;0.000000;0.000000;0.000000;Id_Hd
HistoricoMovPlanillaSuple;Mes;NONCLUSTERED;0;0;NULL;NULL;NULL;NULL;NULL;NULL;0.000000;0.000000;0.000000;Mes
HistoricoMutual;aaaHistoricoMutual_PK;NONCLUSTERED;1;1;1;0;0;1;2026-06-04 09:11:44.857;NULL;0.015625;0.015625;0.007812;Mes,Ano
HistoricoMutual;Ano;NONCLUSTERED;0;0;0;0;0;1;NULL;NULL;0.015625;0.015625;0.007812;Ano
HistoricoMutual;Mes;NONCLUSTERED;0;0;0;0;0;1;NULL;NULL;0.015625;0.015625;0.007812;Mes
HistoricoNivelEducativo;aaaaaHistoricoNivelEducativ_PK;NONCLUSTERED;1;1;NULL;NULL;NULL;NULL;NULL;NULL;0.015625;0.015625;0.007812;Id_Nivel,Ano
HistoricoNivelEducativo;Ano;NONCLUSTERED;0;0;NULL;NULL;NULL;NULL;NULL;NULL;0.015625;0.015625;0.007812;Ano
HistoricoNivelEducativo;Id_Nivel;NONCLUSTERED;0;0;NULL;NULL;NULL;NULL;NULL;NULL;0.015625;0.015625;0.007812;Id_Nivel
HistoricoParametrosGenerales;aaHistoricoParam_PK;NONCLUSTERED;1;1;0;1;0;1;NULL;2026-06-04 09:11:44.827;0.015625;0.015625;0.007812;Codigo_Area,Mes,Ano
HistoricoPlanillaSuplementaria;aaaaaHistoricoPlanillaSuple_PK;NONCLUSTERED;1;1;NULL;NULL;NULL;NULL;NULL;NULL;0.000000;0.000000;0.000000;Id_Establecimiento,Id_Funcionario,Mes,Ano
HistoricoPlanillaSuplementaria;Ano;NONCLUSTERED;0;0;NULL;NULL;NULL;NULL;NULL;NULL;0.000000;0.000000;0.000000;Ano
HistoricoPlanillaSuplementaria;Id_Establecimiento;NONCLUSTERED;0;0;NULL;NULL;NULL;NULL;NULL;NULL;0.000000;0.000000;0.000000;Id_Establecimiento
HistoricoPlanillaSuplementaria;Id_Funcionario;NONCLUSTERED;0;0;NULL;NULL;NULL;NULL;NULL;NULL;0.000000;0.000000;0.000000;Id_Funcionario
HistoricoPlanillaSuplementaria;Mes;NONCLUSTERED;0;0;NULL;NULL;NULL;NULL;NULL;NULL;0.000000;0.000000;0.000000;Mes
Horas_Aula_Actividad;aaaHoras_Aula_Actividad_PK;CLUSTERED;1;1;NULL;NULL;NULL;NULL;NULL;NULL;0.000000;0.000000;0.000000;Numero_Horas
Idiomas;aaaIdiomas_PK;CLUSTERED;1;1;NULL;NULL;NULL;NULL;NULL;NULL;0.015625;0.015625;0.007812;Codigo_Idioma
ImportaCargasFamiliares;FechaInicio;NONCLUSTERED;0;0;NULL;NULL;NULL;NULL;NULL;NULL;0.000000;0.000000;0.000000;FechaInicio
ImportaCargasFamiliares;FechaTermino;NONCLUSTERED;0;0;NULL;NULL;NULL;NULL;NULL;NULL;0.000000;0.000000;0.000000;FechaTermino
ImportaCargasFamiliares;Rut;NONCLUSTERED;0;0;NULL;NULL;NULL;NULL;NULL;NULL;0.000000;0.000000;0.000000;Rut
ImportaCargasFamiliares;RutCarga;NONCLUSTERED;0;0;NULL;NULL;NULL;NULL;NULL;NULL;0.000000;0.000000;0.000000;RutCarga
ImportaCargasFamiliares_Aviso;Rut;NONCLUSTERED;0;0;NULL;NULL;NULL;NULL;NULL;NULL;0.000000;0.000000;0.000000;Rut
ImportaCargasFamiliares_Aviso;RutCarga;NONCLUSTERED;0;0;NULL;NULL;NULL;NULL;NULL;NULL;0.000000;0.000000;0.000000;RutCarga
Impuesto;aaaaaImpuesto_PK;NONCLUSTERED;1;1;NULL;NULL;NULL;NULL;NULL;NULL;0.015625;0.015625;0.007812;Id_Tramo
Impuesto;Id_Tramo;NONCLUSTERED;0;1;NULL;NULL;NULL;NULL;NULL;NULL;0.015625;0.015625;0.007812;Id_Tramo
Indices;A¤o;NONCLUSTERED;0;0;NULL;NULL;NULL;NULL;NULL;NULL;0.015625;0.015625;0.007812;Año
Indices;aaaaaIndices_PK;NONCLUSTERED;1;1;2;0;0;0;2026-06-04 10:53:38.627;NULL;0.015625;0.015625;0.007812;Año,Mes
Indices;Mes;NONCLUSTERED;0;0;NULL;NULL;NULL;NULL;NULL;NULL;0.015625;0.015625;0.007812;Mes
InstitucionesAVP;aaInstitucionesAVP_PK;NONCLUSTERED;1;1;NULL;NULL;NULL;NULL;NULL;NULL;0.015625;0.015625;0.007812;Id_Institucion,Tipo_Institucion
InstitucionesAVP;Id_institucion;NONCLUSTERED;0;0;NULL;NULL;NULL;NULL;NULL;NULL;0.015625;0.015625;0.007812;Id_Institucion
InstitucionesAVP;Tipo_Institucion;NONCLUSTERED;0;0;NULL;NULL;NULL;NULL;NULL;NULL;0.015625;0.015625;0.007812;Tipo_Institucion
Isapres;aaaaaIsapres_PK;NONCLUSTERED;1;1;1;1;0;0;2026-06-04 09:07:04.667;2026-06-04 09:11:45.180;0.015625;0.015625;0.007812;Id_Isapre
Isapres;Id_Isapre;NONCLUSTERED;0;1;NULL;NULL;NULL;NULL;NULL;NULL;0.015625;0.015625;0.007812;Id_Isapre
LicenciaMedica;aaaLicenciaMedica_PK;NONCLUSTERED;1;1;NULL;NULL;NULL;NULL;NULL;NULL;3.320312;3.265625;3.226562;RUT,Id_Licencia,CodigoOperadorLME
LicenciaMedica_Historial;aaaLicenciaMedica_Historial_PK;CLUSTERED;1;1;NULL;NULL;NULL;NULL;NULL;NULL;2.945312;2.875000;2.843750;Rut,Id_Licencia,EstadoLicencia
LicenciaMedica1;PK_LicenciaMedica1;NONCLUSTERED;1;1;NULL;NULL;NULL;NULL;NULL;NULL;0.000000;0.000000;0.000000;Id_Establecimiento,Id_Funcionario,Id_Licencia
LicenciaMedicaSanna;aaaLicenciaMedicaSanna_PK;NONCLUSTERED;1;1;NULL;NULL;NULL;NULL;NULL;NULL;0.070312;0.015625;0.007812;RUT,Id_Licencia,CodigoOperadorLME
LicenciaMedicaSanna_Historial;aaaLicenciaMedicaSanna_Historial_PK;CLUSTERED;1;1;NULL;NULL;NULL;NULL;NULL;NULL;0.015625;0.015625;0.007812;Rut,Id_Licencia,EstadoLicencia
Liquidacion;aaaaaLiquidacion_PK;NONCLUSTERED;1;1;0;0;0;2;NULL;NULL;0.070312;0.015625;0.007812;Id_Establecimiento,Id_Funcionario
Liquidacion;Id_Estable;NONCLUSTERED;0;0;1;0;0;2;2026-06-04 10:00:09.270;NULL;0.070312;0.015625;0.007812;Id_Establecimiento
Liquidacion;Id_Funcionario;NONCLUSTERED;0;0;0;1;0;2;NULL;2026-06-04 10:00:09.237;0.070312;0.015625;0.007812;Id_Funcionario
LiquidacionHrs;aaaaaLiquidacionHrs_PK;NONCLUSTERED;1;1;0;0;0;1;NULL;NULL;0.070312;0.015625;0.007812;Id_Establecimiento,Id_Funcionario,Tipo_Horas
LiquidacionHrs;Id_Establecimiento;NONCLUSTERED;0;0;0;0;0;1;NULL;NULL;0.070312;0.015625;0.007812;Id_Establecimiento
LiquidacionHrs;Id_Funcionario;NONCLUSTERED;0;0;0;0;0;1;NULL;NULL;0.070312;0.015625;0.007812;Id_Funcionario
LiquidacionHrs;Id_TipoContrato;NONCLUSTERED;0;0;0;0;0;1;NULL;NULL;0.125000;0.015625;0.007812;Id_TipoContrato
LiquidacionHrs;Tipo_Horas;NONCLUSTERED;0;0;0;1;0;1;NULL;2026-06-04 10:00:09.300;0.070312;0.015625;0.007812;Tipo_Horas
LiquidacionHrs_AEduca;aaLiquidacionHrs_AEduca_PK;NONCLUSTERED;1;1;NULL;NULL;NULL;NULL;NULL;NULL;0.000000;0.000000;0.000000;Id_Establecimiento,Id_Funcionario,Tipo_Horas
LRE_Aportes;aaaLRE_Aportes_PK;NONCLUSTERED;1;1;NULL;NULL;NULL;NULL;NULL;NULL;0.015625;0.015625;0.007812;Id_Aporte
LRE_Aportes;Id_Aporte;NONCLUSTERED;0;0;6;0;0;0;2026-06-04 09:07:14.373;NULL;0.015625;0.015625;0.007812;Id_Aporte
LRE_CausalesTerminoContrato;aaaLRE_CausalesTerminoContrato_PK;NONCLUSTERED;1;1;NULL;NULL;NULL;NULL;NULL;NULL;0.000000;0.000000;0.000000;Id_Causal
LRE_Descuentos;aaaLRE_Descuentos_PK;NONCLUSTERED;1;1;NULL;NULL;NULL;NULL;NULL;NULL;0.015625;0.015625;0.007812;Id_Descuento
LRE_Descuentos;Id_Descuento;NONCLUSTERED;0;0;10;0;0;0;2026-06-04 09:07:12.480;NULL;0.015625;0.015625;0.007812;Id_Descuento
LRE_Esquema;aaaLRE_Esquema_PK;NONCLUSTERED;1;1;147;1;0;148;2026-06-04 09:07:12.230;2026-06-04 09:07:10.823;0.015625;0.015625;0.007812;Codigo_LRE
LRE_Haberes;aaaLRE_Haberes_PK;NONCLUSTERED;1;1;0;0;0;2;NULL;NULL;0.015625;0.015625;0.007812;Id_Haber
LRE_Haberes;Id_Haber;NONCLUSTERED;0;0;28;0;0;2;2026-06-04 09:07:12.417;NULL;0.015625;0.015625;0.007812;Id_Haber
LRE_Totales;aaaLRE_Totales_PK;NONCLUSTERED;1;1;2;0;0;0;2026-06-04 09:07:14.383;NULL;0.015625;0.015625;0.007812;Id_Total
LRE_Totales;Id_Total;NONCLUSTERED;0;0;11;0;0;0;2026-06-04 09:07:12.587;NULL;0.015625;0.015625;0.007812;Id_Total
MacroCalculo;aaaaaMacroCalculo_PK;NONCLUSTERED;1;1;NULL;NULL;NULL;NULL;NULL;NULL;0.015625;0.015625;0.007812;Macro_id
MacroCalculo;Macro_id;NONCLUSTERED;0;0;10;0;0;0;2026-06-04 09:07:45.213;NULL;0.015625;0.015625;0.007812;Macro_id
Mentor;aaaMentor_PK;CLUSTERED;1;1;NULL;NULL;NULL;NULL;NULL;NULL;0.000000;0.000000;0.000000;Rut_Mentor
Mentor;Correlativo;NONCLUSTERED;0;0;NULL;NULL;NULL;NULL;NULL;NULL;0.000000;0.000000;0.000000;Correlativo
Mentor;Rut_Mentor;NONCLUSTERED;0;0;NULL;NULL;NULL;NULL;NULL;NULL;0.000000;0.000000;0.000000;Rut_Mentor
Mentoria;aaaMentoria_PK;CLUSTERED;1;1;NULL;NULL;NULL;NULL;NULL;NULL;0.000000;0.000000;0.000000;Rut_Mentor,Rut_Alumno
Mentoria;Rut_Alumno;NONCLUSTERED;0;0;NULL;NULL;NULL;NULL;NULL;NULL;0.000000;0.000000;0.000000;Rut_Alumno
Mentoria;Rut_Mentor;NONCLUSTERED;0;0;NULL;NULL;NULL;NULL;NULL;NULL;0.000000;0.000000;0.000000;Rut_Mentor
ModoDctos;aaaaaModoDctos_PK;NONCLUSTERED;1;1;NULL;NULL;NULL;NULL;NULL;NULL;0.015625;0.015625;0.007812;Id_ModoDctos
ModoDctos;Id_ModoDctos;NONCLUSTERED;0;1;NULL;NULL;NULL;NULL;NULL;NULL;0.015625;0.015625;0.007812;Id_ModoDctos
ModoPactado;aaaModoPactado_PK;CLUSTERED;1;1;12;0;0;0;2026-06-04 09:07:07.427;NULL;0.015625;0.015625;0.007812;Codigo
ModoPactadoAuge;aaaModoPactadoAuge_PK;CLUSTERED;1;1;4;0;0;0;2026-06-04 09:07:07.440;NULL;0.015625;0.015625;0.007812;Codigo
Movimiento_Finiquito;aaMovimiento_Finiquito_PK;NONCLUSTERED;1;1;NULL;NULL;NULL;NULL;NULL;NULL;0.015625;0.015625;0.007812;Id_Establecimiento,Id_Funcionario,Correlativo,Tipo_Movimiento,Id_Movimiento
Movimiento_Finiquito;Correlativo;NONCLUSTERED;0;0;NULL;NULL;NULL;NULL;NULL;NULL;0.015625;0.015625;0.007812;Correlativo
Movimiento_Finiquito;Id_Establecimiento;NONCLUSTERED;0;0;NULL;NULL;NULL;NULL;NULL;NULL;0.015625;0.015625;0.007812;Id_Establecimiento
Movimiento_Finiquito;Id_Funcionario;NONCLUSTERED;0;0;NULL;NULL;NULL;NULL;NULL;NULL;0.015625;0.015625;0.007812;Id_Funcionario
Movimiento_Finiquito;Id_Movimiento;NONCLUSTERED;0;0;NULL;NULL;NULL;NULL;NULL;NULL;0.015625;0.015625;0.007812;Id_Movimiento
Movimiento_Finiquito;Tipo_Movimiento;NONCLUSTERED;0;0;NULL;NULL;NULL;NULL;NULL;NULL;0.015625;0.015625;0.007812;Tipo_Movimiento
MovimientoAnexo_Finiquito;aaMovimientoAnexo_Finiquito_PK;NONCLUSTERED;1;1;NULL;NULL;NULL;NULL;NULL;NULL;0.000000;0.000000;0.000000;Id_Establecimiento,Id_Funcionario,Correlativo,Correlativo_Anexo,Tipo_MovimientoAnexo,Id_MovimientoAnexo
MovimientoAnexo_Finiquito;Correlativo;NONCLUSTERED;0;0;NULL;NULL;NULL;NULL;NULL;NULL;0.000000;0.000000;0.000000;Correlativo
MovimientoAnexo_Finiquito;Correlativo_Anexo;NONCLUSTERED;0;0;NULL;NULL;NULL;NULL;NULL;NULL;0.000000;0.000000;0.000000;Correlativo_Anexo
MovimientoAnexo_Finiquito;Id_Establecimiento;NONCLUSTERED;0;0;NULL;NULL;NULL;NULL;NULL;NULL;0.000000;0.000000;0.000000;Id_Establecimiento
MovimientoAnexo_Finiquito;Id_Funcionario;NONCLUSTERED;0;0;NULL;NULL;NULL;NULL;NULL;NULL;0.000000;0.000000;0.000000;Id_Funcionario
MovimientoAnexo_Finiquito;Id_MovimientoAnexo;NONCLUSTERED;0;0;NULL;NULL;NULL;NULL;NULL;NULL;0.000000;0.000000;0.000000;Id_MovimientoAnexo
MovimientoAnexo_Finiquito;Tipo_MovimientoAnexo;NONCLUSTERED;0;0;NULL;NULL;NULL;NULL;NULL;NULL;0.000000;0.000000;0.000000;Tipo_MovimientoAnexo
MovimientoHaberDctos;aaaaaMovimientoHaberDctos_PK;NONCLUSTERED;1;1;0;0;0;1;NULL;NULL;0.445312;0.359375;0.343750;Id_Establecimiento,Id_Funcionario,Tipo_Hd,Id_Hd
MovimientoHaberDctos;Id_EstabContrato;NONCLUSTERED;0;0;0;0;0;1;NULL;NULL;0.445312;0.320312;0.304687;Id_EstabContrato
MovimientoHaberDctos;Id_Establecimiento;NONCLUSTERED;0;0;0;0;0;1;NULL;NULL;0.507812;0.398437;0.382812;Id_Establecimiento
MovimientoHaberDctos;Id_Funcionario;NONCLUSTERED;0;0;0;0;0;1;NULL;NULL;0.445312;0.320312;0.304687;Id_Funcionario
MovimientoHaberDctos;Id_HaberDcto;NONCLUSTERED;0;0;0;0;0;1;NULL;NULL;0.320312;0.164062;0.148437;Id_Hd
MovimientoHaberDctos;Id_TipoContrato;NONCLUSTERED;0;0;0;0;0;1;NULL;NULL;0.382812;0.234375;0.218750;Id_TipoContrato
MovimientoHaberDctos;Tipo_Hd;NONCLUSTERED;0;0;0;0;0;1;NULL;NULL;0.320312;0.203125;0.187500;Tipo_Hd
MovimientoLiquidacion;aaaaaMovimientoLiquidacion_PK;NONCLUSTERED;1;1;0;0;0;1;NULL;NULL;0.070312;0.015625;0.007812;Id_Establecimiento,Id_Funcionario,Tipo_HaberDcto,Id_HaberDcto
MovimientoLiquidacion;Id_Establecimiento;NONCLUSTERED;0;0;0;0;0;1;NULL;NULL;0.070312;0.015625;0.007812;Id_Establecimiento
MovimientoLiquidacion;Id_Funcionario;NONCLUSTERED;0;0;0;0;0;1;NULL;NULL;0.070312;0.015625;0.007812;Id_Funcionario
MovimientoLiquidacion;Id_Hd;NONCLUSTERED;0;0;0;1;0;1;NULL;2026-06-04 10:00:09.380;0.070312;0.015625;0.007812;Id_HaberDcto
MovimientoLiquidacion;Id_TipoContrato;NONCLUSTERED;0;0;0;0;0;1;NULL;NULL;0.070312;0.015625;0.007812;Id_TipoContrato
MovimientoLiquidacion;Tipo_HabeDcto;NONCLUSTERED;0;0;0;0;0;1;NULL;NULL;0.070312;0.015625;0.007812;Tipo_HaberDcto
MovimientoPlanillaSuple;aaaMovimientoPlanillaSuple_PK;NONCLUSTERED;1;1;NULL;NULL;NULL;NULL;NULL;NULL;32.945312;32.859375;32.718750;Id_Establecimiento,Id_Funcionario,Id_ProcesoPs,Tipo_Horas,Mes,Ano,Tipo_HaberDcto,Id_HaberDcto
MovimientoPlanillaSuple;Id_TipoContrato;NONCLUSTERED;0;0;0;1;0;1;NULL;2026-06-04 09:06:37.400;11.953125;11.796875;11.718750;Id_TipoContrato
MovPlanillaHaberDctos;aaaMovPlanillaHaberDctos_PK;NONCLUSTERED;1;1;0;0;0;1;NULL;NULL;0.085937;0.031250;0.007812;Id_Establecimiento,Id_Funcionario,Id_ProcesoPs,Tipo_Horas,Tipo_Hd,Id_Hd
MovPlanillaHaberDctos;Id_EstabContrato;NONCLUSTERED;0;0;0;1;0;2;NULL;2026-06-04 09:06:37.240;0.078125;0.031250;0.007812;Id_EstabContrato
MovPlanillaHaberDctos;Id_TipoContrato;NONCLUSTERED;0;0;0;1;0;2;NULL;2026-06-04 09:06:37.300;0.078125;0.031250;0.007812;Id_TipoContrato
Municipalidad;aaaaaMunicipalidad_PK;NONCLUSTERED;1;1;2;0;0;0;2026-06-04 10:53:21.870;NULL;0.015625;0.015625;0.007812;Codigo_Area
Municipalidad;Codigo_Comuna;NONCLUSTERED;0;0;NULL;NULL;NULL;NULL;NULL;NULL;0.015625;0.015625;0.007812;Codigo_Comuna
Mutualidad;aaaCodSuperInt_Mutual_PK;NONCLUSTERED;1;1;NULL;NULL;NULL;NULL;NULL;NULL;0.015625;0.015625;0.007812;CodSuperInt_Mutual
NivelEducativo;aaaaaNivelEducativo_PK;NONCLUSTERED;1;1;NULL;NULL;NULL;NULL;NULL;NULL;0.015625;0.015625;0.007812;Id_Nivel
NivelEducativo;Id_Nivel;NONCLUSTERED;0;0;NULL;NULL;NULL;NULL;NULL;NULL;0.015625;0.015625;0.007812;Id_Nivel
NoRecepcionLME;aaaNoRecepcionLME_PK;NONCLUSTERED;1;1;NULL;NULL;NULL;NULL;NULL;NULL;0.015625;0.015625;0.007812;Codigo
OrdenTrabajo;aaaOrdenTrabajo_PK;NONCLUSTERED;1;1;NULL;NULL;NULL;NULL;NULL;NULL;2.695312;2.648437;2.617187;Id_Establecimiento,Id_Funcionario,Id_Orden,Ano_proceso
Otras_InstitucionesPrev;aaOtras_InstitucionesPrev_PK;NONCLUSTERED;1;1;NULL;NULL;NULL;NULL;NULL;NULL;0.015625;0.015625;0.007812;Id_Codigo
Otras_InstitucionesPrev;Id_Codigo;NONCLUSTERED;0;0;5;0;0;0;2026-06-04 09:06:25.100;NULL;0.015625;0.015625;0.007812;Id_Codigo
ParametrosGenerales;aaaaaParametrosGenerales_PK;NONCLUSTERED;1;1;1;0;0;0;2026-06-04 10:00:08.683;NULL;0.015625;0.015625;0.007812;Codigo_Area
ParametrosGenerales;Codigo_Area;NONCLUSTERED;0;1;7;0;0;0;2026-06-04 10:53:21.897;NULL;0.015625;0.015625;0.007812;Codigo_Area
Permiso_Defuncion;ID_Causante;NONCLUSTERED;0;0;NULL;NULL;NULL;NULL;NULL;NULL;0.015625;0.015625;0.007812;Id_Causante
Permiso_Defuncion;ID_Funcionario;NONCLUSTERED;0;0;NULL;NULL;NULL;NULL;NULL;NULL;0.015625;0.015625;0.007812;ID_Funcionario
Permiso_Defuncion;ID_Reemplazo;NONCLUSTERED;0;0;NULL;NULL;NULL;NULL;NULL;NULL;0.015625;0.015625;0.007812;Id_Reemplazo
Permiso_Defuncion;Nro_Decreto;NONCLUSTERED;0;0;NULL;NULL;NULL;NULL;NULL;NULL;0.015625;0.015625;0.007812;Nro_Decreto
Permisos_Varios;aaaaaPermisosVarios_PK;NONCLUSTERED;1;1;NULL;NULL;NULL;NULL;NULL;NULL;0.093750;0.046875;0.031250;Id_Establecimiento,Id_Funcionario,Id_Correlativo
Permisos_Varios;Id_TipoPermiso;NONCLUSTERED;0;0;NULL;NULL;NULL;NULL;NULL;NULL;0.085937;0.039062;0.015625;Id_TipoPermiso
PermisosAdministrativos;aaaaaPermisosAdministrativo_PK;NONCLUSTERED;1;1;NULL;NULL;NULL;NULL;NULL;NULL;0.515625;0.406250;0.382812;Id_Funcionario,Id_Establecimiento,Periodo,Correlativo
PermisosAdministrativos;Correlativo;NONCLUSTERED;0;0;NULL;NULL;NULL;NULL;NULL;NULL;0.320312;0.156250;0.140625;Correlativo
PermisosAdministrativos;Id_Establecimiento;NONCLUSTERED;0;0;NULL;NULL;NULL;NULL;NULL;NULL;0.320312;0.210937;0.195312;Id_Establecimiento
PermisosAdministrativos;Id_Funcionario;NONCLUSTERED;0;0;NULL;NULL;NULL;NULL;NULL;NULL;0.390625;0.250000;0.226562;Id_Funcionario
PermisosAdministrativos;Periodo;NONCLUSTERED;0;0;NULL;NULL;NULL;NULL;NULL;NULL;0.257812;0.140625;0.125000;Periodo
PermisosAdminSinRemuneracion;aaaaaPermisosAdminSinRemune_PK;NONCLUSTERED;1;1;NULL;NULL;NULL;NULL;NULL;NULL;0.015625;0.015625;0.007812;Id_Establecimiento,Id_Funcionario,Periodo,Correlativo
PermisosAdminSinRemuneracion;Correlativo;NONCLUSTERED;0;0;NULL;NULL;NULL;NULL;NULL;NULL;0.015625;0.015625;0.007812;Correlativo
PermisosAdminSinRemuneracion;Id_Establecimiento;NONCLUSTERED;0;0;NULL;NULL;NULL;NULL;NULL;NULL;0.015625;0.015625;0.007812;Id_Establecimiento
PermisosAdminSinRemuneracion;Id_Funcionario;NONCLUSTERED;0;0;NULL;NULL;NULL;NULL;NULL;NULL;0.015625;0.015625;0.007812;Id_Funcionario
PermisosAdminSinRemuneracion;Periodo;NONCLUSTERED;0;0;NULL;NULL;NULL;NULL;NULL;NULL;0.015625;0.015625;0.007812;Periodo
PermisosLegales;aaaaaPermisosLegales_PK;NONCLUSTERED;1;1;NULL;NULL;NULL;NULL;NULL;NULL;1.882812;1.773437;1.757812;Id_Establecimiento,Id_Funcionario,Periodo
PermisosLegales;Id_Establecimiento;NONCLUSTERED;0;0;NULL;NULL;NULL;NULL;NULL;NULL;1.570312;1.492187;1.476562;Id_Establecimiento
PermisosLegales;Id_Funcionario;NONCLUSTERED;0;0;NULL;NULL;NULL;NULL;NULL;NULL;1.195312;1.140625;1.125000;Id_Funcionario
PermisosLegales;Periodo;NONCLUSTERED;0;0;NULL;NULL;NULL;NULL;NULL;NULL;1.195312;1.140625;1.125000;Periodo
PermisosPost_Natal;aaaPermisosPost_Natal_PK;CLUSTERED;1;1;NULL;NULL;NULL;NULL;NULL;NULL;0.023437;0.023437;0.007812;Id_Establecimiento,Id_Funcionario,Tipo_Permiso,Fecha_Evento,Correlativo
PermisosPost_Natal;Correlativo;NONCLUSTERED;0;0;NULL;NULL;NULL;NULL;NULL;NULL;0.015625;0.015625;0.007812;Correlativo
PermisosPost_Natal;Fecha_Evento;NONCLUSTERED;0;0;NULL;NULL;NULL;NULL;NULL;NULL;0.015625;0.015625;0.007812;Fecha_Evento
PermisosPost_Natal;ID_Establecimiento;NONCLUSTERED;0;0;NULL;NULL;NULL;NULL;NULL;NULL;0.015625;0.015625;0.007812;Id_Establecimiento
PermisosPost_Natal;ID_Funcionario;NONCLUSTERED;0;0;NULL;NULL;NULL;NULL;NULL;NULL;0.015625;0.015625;0.007812;Id_Funcionario
PermisosPost_Natal;Tipo_Permiso;NONCLUSTERED;0;0;NULL;NULL;NULL;NULL;NULL;NULL;0.015625;0.015625;0.007812;Tipo_Permiso
PermisosPost_Natal_Otorgados;aaaPermisosPost_Natal_Otorgados_PK;CLUSTERED;1;1;NULL;NULL;NULL;NULL;NULL;NULL;0.023437;0.023437;0.007812;Id_Establecimiento,Id_Funcionario,Tipo_Permiso,Fecha_Evento
PermisosPost_Natal_Otorgados;Fecha_Evento;NONCLUSTERED;0;0;NULL;NULL;NULL;NULL;NULL;NULL;0.015625;0.015625;0.007812;Fecha_Evento
PermisosPost_Natal_Otorgados;ID_Establecimiento;NONCLUSTERED;0;0;NULL;NULL;NULL;NULL;NULL;NULL;0.015625;0.015625;0.007812;Id_Establecimiento
PermisosPost_Natal_Otorgados;ID_Funcionario;NONCLUSTERED;0;0;NULL;NULL;NULL;NULL;NULL;NULL;0.015625;0.015625;0.007812;Id_Funcionario
PermisosPost_Natal_Otorgados;Tipo_Permiso;NONCLUSTERED;0;0;NULL;NULL;NULL;NULL;NULL;NULL;0.015625;0.015625;0.007812;Tipo_Permiso
PermisosPostNatalParental;aaaPermisosPostNatalParental_PK;CLUSTERED;1;1;NULL;NULL;NULL;NULL;NULL;NULL;0.265625;0.156250;0.132812;Id_Correlativo,Rut
PermisosPostNatalParental;Id_Correlativo;NONCLUSTERED;0;0;NULL;NULL;NULL;NULL;NULL;NULL;0.078125;0.031250;0.015625;Id_Correlativo
PermisosPostNatalParental;Rut;NONCLUSTERED;0;0;NULL;NULL;NULL;NULL;NULL;NULL;0.078125;0.031250;0.015625;Rut
PlandeCuenta;aaaaaPlandeCuenta_PK;NONCLUSTERED;1;1;NULL;NULL;NULL;NULL;NULL;NULL;0.148437;0.054687;0.085937;Ano_Proceso,Codigo_Area,CodigoCuenta
PlandeCuenta;Ano_Proceso;NONCLUSTERED;0;0;NULL;NULL;NULL;NULL;NULL;NULL;0.039062;0.039062;0.023437;Ano_Proceso
PlandeCuenta;Codigo_Area;NONCLUSTERED;0;0;NULL;NULL;NULL;NULL;NULL;NULL;0.164062;0.054687;0.039062;Codigo_Area
PlandeCuenta;CodigoCuenta;NONCLUSTERED;0;0;0;1;0;0;NULL;2026-06-04 09:06:25.457;0.179687;0.085937;0.085937;CodigoCuenta
PlandeCuenta;SW_Clasificador2008;NONCLUSTERED;0;0;NULL;NULL;NULL;NULL;NULL;NULL;0.117187;0.062500;0.039062;SW_Clasificador2008
PlanillaSuplementaria;aaaPlanillaSuplementaria_PK;NONCLUSTERED;1;1;0;1;0;0;NULL;2026-06-04 09:08:39.863;16.195312;16.171875;16.101562;Id_Establecimiento,Id_Funcionario,Id_ProcesoPs,Mes,Ano
PlanillaSuplementariaHrs;aaaPlanillaSuplementariaHrs_PK;NONCLUSTERED;1;1;1;0;0;0;2026-06-04 09:12:57.233;NULL;17.757812;17.695312;17.617187;Id_Establecimiento,Id_Funcionario,Id_ProcesoPs,Tipo_Horas,Mes,Ano
PlantaMaestra;aaaaaPlantaMaestra_PK;NONCLUSTERED;1;1;NULL;NULL;NULL;NULL;NULL;NULL;0.000000;0.000000;0.000000;Id_Establecimiento,Tipo_Funcionario,Id_Escalafon
PlantaMaestra;Id_Cargo;NONCLUSTERED;0;0;NULL;NULL;NULL;NULL;NULL;NULL;0.000000;0.000000;0.000000;Id_Escalafon
PlantaMaestra;Id_Establecimiento;NONCLUSTERED;0;0;NULL;NULL;NULL;NULL;NULL;NULL;0.000000;0.000000;0.000000;Id_Establecimiento
Postulantes_DAEM;aaaaaPostulantes_DAEM_PK;NONCLUSTERED;1;1;NULL;NULL;NULL;NULL;NULL;NULL;0.015625;0.015625;0.007812;Rut_Funcionario
PostulantesPorRamos_DAEM;aaPostulantesPorRamos_DAEM_PK;NONCLUSTERED;1;1;NULL;NULL;NULL;NULL;NULL;NULL;0.015625;0.015625;0.007812;RutPostulante,Id_asignatura
PostulantesPorRamos_DAEM;Id_asignatura;NONCLUSTERED;0;0;NULL;NULL;NULL;NULL;NULL;NULL;0.015625;0.015625;0.007812;Id_asignatura
PostulantesPorRamos_DAEM;RutPostulante;NONCLUSTERED;0;0;NULL;NULL;NULL;NULL;NULL;NULL;0.015625;0.015625;0.007812;RutPostulante
Previred;aaPrevired_PK;NONCLUSTERED;1;1;1;0;0;0;2026-06-04 09:08:39.980;NULL;23.828125;23.796875;23.679687;K1_Id_Remuneracion,K1_Id_ProcesoPS,K1_Id_Establecimiento,K1_Id_Funcionario,K1_NroContrato,K1_Correlativo,K1_Mes,K1_Ano
Previred;K1_Ano;NONCLUSTERED;0;0;NULL;NULL;NULL;NULL;NULL;NULL;8.507812;8.453125;8.414062;K1_Ano
Previred;K1_Correlativo;NONCLUSTERED;0;0;NULL;NULL;NULL;NULL;NULL;NULL;10.570312;10.546875;10.500000;K1_Correlativo
Previred;K1_Id_Establecimiento;NONCLUSTERED;0;0;NULL;NULL;NULL;NULL;NULL;NULL;13.945312;13.882812;13.820312;K1_Id_Establecimiento
Previred;K1_Id_Funcionario;NONCLUSTERED;0;0;NULL;NULL;NULL;NULL;NULL;NULL;10.570312;10.546875;10.500000;K1_Id_Funcionario
Previred;K1_Id_ProcesoPS;NONCLUSTERED;0;0;NULL;NULL;NULL;NULL;NULL;NULL;10.570312;10.546875;10.500000;K1_Id_ProcesoPS
Previred;K1_Id_Remuneracion;NONCLUSTERED;0;0;NULL;NULL;NULL;NULL;NULL;NULL;10.570312;10.546875;10.500000;K1_Id_Remuneracion
Previred;K1_Mes;NONCLUSTERED;0;0;NULL;NULL;NULL;NULL;NULL;NULL;8.507812;8.468750;8.421875;K1_Mes
Previred;K1_NroContrato;NONCLUSTERED;0;0;NULL;NULL;NULL;NULL;NULL;NULL;10.570312;10.546875;10.500000;K1_NroContrato
ProcesosPlanillaSuplementaria;aaMovPlanillaHaberDctos_PK;NONCLUSTERED;1;1;0;2;0;2;NULL;2026-06-04 10:00:09.077;0.101562;0.046875;0.031250;Id_ProcesoPs,Mes,Ano
ProfesionalesMedicos;aaaProfesionalesMedicos_PK;NONCLUSTERED;1;1;NULL;NULL;NULL;NULL;NULL;NULL;0.226562;0.125000;0.140625;Rut
Proyectos;aaProyectos_PK;NONCLUSTERED;1;1;NULL;NULL;NULL;NULL;NULL;NULL;0.015625;0.015625;0.007812;Id_Proyecto
Proyectos;Id_Proyecto;NONCLUSTERED;0;0;1;0;0;0;2026-06-04 09:07:06.383;NULL;0.015625;0.015625;0.007812;Id_Proyecto
Recaudacion_Licencia;aaaRecaudacion_Licencia_PK;NONCLUSTERED;1;1;NULL;NULL;NULL;NULL;NULL;NULL;2.695312;2.625000;2.593750;Rut,Id_Licencia,Id_Correlativo
RecaudacionPostNatalParental;aaaRecaudacionPostNatalParental_PK;CLUSTERED;1;1;NULL;NULL;NULL;NULL;NULL;NULL;0.125000;0.078125;0.062500;Id_Correlativo,Id_CorrelativoPermiso,Rut
RecaudacionPostNatalParental;Id_Correlativo;NONCLUSTERED;0;0;NULL;NULL;NULL;NULL;NULL;NULL;0.093750;0.039062;0.023437;Id_Correlativo
RecaudacionPostNatalParental;Id_CorrelativoPermiso;NONCLUSTERED;0;0;NULL;NULL;NULL;NULL;NULL;NULL;0.101562;0.054687;0.039062;Id_CorrelativoPermiso
RecaudacionPostNatalParental;Rut;NONCLUSTERED;0;0;NULL;NULL;NULL;NULL;NULL;NULL;0.101562;0.046875;0.023437;Rut
REN_Cierre;pk_Cierre;CLUSTERED;1;1;NULL;NULL;NULL;NULL;NULL;NULL;0.000000;0.000000;0.000000;Ano,Mes
REN_Clasificador;PK_REN_Clasificador;CLUSTERED;1;1;NULL;NULL;NULL;NULL;NULL;NULL;0.000000;0.000000;0.000000;Codigo_Clasificador
REN_Clasificador_Establecimientos;PK_REN_Clasificador_Establecimientos;CLUSTERED;1;1;NULL;NULL;NULL;NULL;NULL;NULL;0.000000;0.000000;0.000000;Codigo_Clasificador,Id_Establecimiento
REN_Clasificador_Tipo_Horas;PK_REN_Clasificador_Tipo_Horas;CLUSTERED;1;1;NULL;NULL;NULL;NULL;NULL;NULL;0.000000;0.000000;0.000000;Codigo_Clasificador,Tipo_Horas
REN_Columnas;PK_REN_Columnas;CLUSTERED;1;1;NULL;NULL;NULL;NULL;NULL;NULL;0.070312;0.054687;0.039062;Codigo_Columna
REN_Detalle;PK_REN_Detalle;CLUSTERED;1;1;NULL;NULL;NULL;NULL;NULL;NULL;0.000000;0.000000;0.000000;REN_Ano,REN_RUT,REN_MES,REN_RBD,REN_FUN
REN_Funcion;PK_REN_Funcion;CLUSTERED;1;1;NULL;NULL;NULL;NULL;NULL;NULL;0.000000;0.000000;0.000000;Id_Funcion
REN_FuncionCargo;PK_REN_FuncionCargo;CLUSTERED;1;1;NULL;NULL;NULL;NULL;NULL;NULL;0.000000;0.000000;0.000000;Id_Funcion,Id_Cargo,Escalafon
REN_Movimientos_Descuentos;PK_REN_Movimientos_Descuentos;CLUSTERED;1;1;NULL;NULL;NULL;NULL;NULL;NULL;0.000000;0.000000;0.000000;Codigo_Clasificador,Codigo_Columna,Id_Descuentos
REN_Movimientos_Descuentos_PS;PK_REN_Movimientos_Descuentos_PS;CLUSTERED;1;1;NULL;NULL;NULL;NULL;NULL;NULL;0.000000;0.000000;0.000000;Codigo_Clasificador,Codigo_Columna,Id_Descuentos
REN_Movimientos_Haberes;PK_REN_Movimientos_Haberes;CLUSTERED;1;1;NULL;NULL;NULL;NULL;NULL;NULL;0.000000;0.000000;0.000000;Codigo_Clasificador,Codigo_Columna,Id_Haber
REN_Movimientos_Haberes_PS;PK_REN_Movimientos_Haberes_PS;CLUSTERED;1;1;NULL;NULL;NULL;NULL;NULL;NULL;0.000000;0.000000;0.000000;Codigo_Clasificador,Codigo_Columna,Id_Haber
REN_Parametros;PK_REN_Parametros;CLUSTERED;1;1;NULL;NULL;NULL;NULL;NULL;NULL;0.000000;0.000000;0.000000;Codigo_Area,Codigo_Estatuto
RentaEncasillamiento;aaaRentaEncasillamiento_PK;CLUSTERED;1;1;NULL;NULL;NULL;NULL;NULL;NULL;0.132812;0.093750;0.078125;Rut
RentaEncasillamiento;Codigo_TDP;NONCLUSTERED;0;0;NULL;NULL;NULL;NULL;NULL;NULL;0.039062;0.039062;0.023437;Rut
ResultadoMigracionNet;NombreTablaDestino;NONCLUSTERED;0;0;NULL;NULL;NULL;NULL;NULL;NULL;0.000000;0.000000;0.000000;NombreTablaDestino
ResultadoMigracionNet;NombreTablaOriginal;NONCLUSTERED;0;0;NULL;NULL;NULL;NULL;NULL;NULL;0.000000;0.000000;0.000000;NombreTablaOriginal
ResultadoMigracionNet;PK_ResultadoMigracionNet;NONCLUSTERED;1;1;NULL;NULL;NULL;NULL;NULL;NULL;0.000000;0.000000;0.000000;NombreTablaOriginal,NombreTablaDestino
RetencionJudicial;aaaaaRetencionJudicial_PK;NONCLUSTERED;1;1;NULL;NULL;NULL;NULL;NULL;NULL;0.015625;0.015625;0.007812;Id_Establecimiento,Id_Funcionario,Rut_Beneficiario
RetencionJudicial;Id_Establecimiento;NONCLUSTERED;0;0;NULL;NULL;NULL;NULL;NULL;NULL;0.015625;0.015625;0.007812;Id_Establecimiento
RetencionJudicial;Id_Funcionario;NONCLUSTERED;0;0;NULL;NULL;NULL;NULL;NULL;NULL;0.015625;0.015625;0.007812;Id_Funcionario
RetencionJudicial;Rut_Beneficiario;NONCLUSTERED;0;0;0;1;0;0;NULL;2026-06-04 10:00:08.980;0.015625;0.015625;0.007812;Rut_Beneficiario
Retroactivo;aaRetroactivo_PK;NONCLUSTERED;1;1;NULL;NULL;NULL;NULL;NULL;NULL;0.000000;0.000000;0.000000;Id_Establecimiento,Id_Funcionario,Tipo_Horas
Retroactivo;Id_Establecimiento;NONCLUSTERED;0;0;NULL;NULL;NULL;NULL;NULL;NULL;0.000000;0.000000;0.000000;Id_Establecimiento
Retroactivo;Id_Funcionario;NONCLUSTERED;0;0;NULL;NULL;NULL;NULL;NULL;NULL;0.000000;0.000000;0.000000;Id_Funcionario
Sindicatos;aaSindicatos_PK;NONCLUSTERED;1;1;NULL;NULL;NULL;NULL;NULL;NULL;0.000000;0.000000;0.000000;Id_Sindicato
Sindicatos;Id_Sindicato;NONCLUSTERED;0;0;NULL;NULL;NULL;NULL;NULL;NULL;0.000000;0.000000;0.000000;Id_Sindicato
SituacionMilitar;aaaSituacionMilitar_PK;CLUSTERED;1;1;NULL;NULL;NULL;NULL;NULL;NULL;0.015625;0.015625;0.007812;Codigo
Suplencias;aaaaaSuplencias_PK;NONCLUSTERED;1;1;NULL;NULL;NULL;NULL;NULL;NULL;0.000000;0.000000;0.000000;Id_Funcionario
Suplencias;Id_Funcionario;NONCLUSTERED;0;0;NULL;NULL;NULL;NULL;NULL;NULL;0.000000;0.000000;0.000000;Id_Funcionario
Suplencias;Id_Incremento;NONCLUSTERED;0;0;NULL;NULL;NULL;NULL;NULL;NULL;0.000000;0.000000;0.000000;Id_Incremento_Suple
Suplencias;Id_SueldoMedico;NONCLUSTERED;0;0;NULL;NULL;NULL;NULL;NULL;NULL;0.000000;0.000000;0.000000;Id_SueldoMedico_Suple
Suplencias;TipoSuplencia;NONCLUSTERED;0;0;NULL;NULL;NULL;NULL;NULL;NULL;0.000000;0.000000;0.000000;TipoSuplencia
sysdiagrams;PK__sysdiagr__C2B05B612F70311B;CLUSTERED;1;1;NULL;NULL;NULL;NULL;NULL;NULL;0.000000;0.000000;0.000000;diagram_id
sysdiagrams;UK_principal_name;NONCLUSTERED;0;1;NULL;NULL;NULL;NULL;NULL;NULL;0.000000;0.000000;0.000000;principal_id,name
Tabla_OperadoresLME;aaaTabla_OperadoresLME_PK;NONCLUSTERED;1;1;NULL;NULL;NULL;NULL;NULL;NULL;0.015625;0.015625;0.007812;CodigoOperadorLME
TablaBienestar;aaaTablaBienestar_PK;NONCLUSTERED;1;1;NULL;NULL;NULL;NULL;NULL;NULL;0.015625;0.015625;0.007812;Id_Bienestar
TablaBienestar;Id_Funcionario;NONCLUSTERED;0;0;2;0;0;0;2026-06-04 09:06:42.163;NULL;0.015625;0.015625;0.007812;Id_Bienestar
TablaControl;aaaTablaControl_PK;NONCLUSTERED;1;1;NULL;NULL;NULL;NULL;NULL;NULL;0.195312;0.031250;0.015625;Control_Ano,Control_Mes,Control_TipoProceso,Control_TipoRemun,Control_Id_Haber,SueldoDesde,SueldoHasta
TablaControl;Control_Ano;NONCLUSTERED;0;0;NULL;NULL;NULL;NULL;NULL;NULL;0.015625;0.015625;0.007812;Control_Ano
TablaControl;Control_Id_Haber;NONCLUSTERED;0;0;NULL;NULL;NULL;NULL;NULL;NULL;0.015625;0.015625;0.007812;Control_Id_Haber
TablaControl;Control_Mes;NONCLUSTERED;0;0;NULL;NULL;NULL;NULL;NULL;NULL;0.015625;0.015625;0.007812;Control_Mes
TablaControl;Control_TipoProceso;NONCLUSTERED;0;0;NULL;NULL;NULL;NULL;NULL;NULL;0.015625;0.015625;0.007812;Control_TipoProceso
TablaControl;Control_TipoRemun;NONCLUSTERED;0;0;NULL;NULL;NULL;NULL;NULL;NULL;0.015625;0.015625;0.007812;Control_TipoRemun
TablaSindicato;aaaTablaSindicato_PK;NONCLUSTERED;1;1;NULL;NULL;NULL;NULL;NULL;NULL;0.015625;0.015625;0.007812;Id_Sindicato
TablaSindicato;Id_Funcionario;NONCLUSTERED;0;0;2;0;0;0;2026-06-04 09:06:42.197;NULL;0.015625;0.015625;0.007812;Id_Sindicato
Tbl_Paridad;Id_Vb6;NONCLUSTERED;0;0;NULL;NULL;NULL;NULL;NULL;NULL;0.000000;0.000000;0.000000;Id_Vb6
Tbl_Paridad;PK_Tbl_Paridad;NONCLUSTERED;1;1;NULL;NULL;NULL;NULL;NULL;NULL;0.000000;0.000000;0.000000;Tipo,Id_Vb6
Tbl_Paridad;Tipo;NONCLUSTERED;0;0;NULL;NULL;NULL;NULL;NULL;NULL;0.000000;0.000000;0.000000;Tipo
TemporalDesDificil;aaaaaTemporalDesDificil_PK;NONCLUSTERED;1;1;NULL;NULL;NULL;NULL;NULL;NULL;0.000000;0.000000;0.000000;Id_Establecimiento,Id_Funcionario,Id_EstablecimientoAsig,Tipo_Horas
Tipo_Causante;aaaId_Causante_PK;CLUSTERED;1;1;NULL;NULL;NULL;NULL;NULL;NULL;0.023437;0.023437;0.007812;ID_Causante
Tipo_Finiquito;aaTipo_Finiquito_PK;NONCLUSTERED;1;1;NULL;NULL;NULL;NULL;NULL;NULL;0.015625;0.015625;0.007812;Codigo_Ley,Codigo_Causal
Tipo_Finiquito;Codigo_Causal;NONCLUSTERED;0;0;NULL;NULL;NULL;NULL;NULL;NULL;0.015625;0.015625;0.007812;Codigo_Causal
Tipo_Finiquito;Codigo_Ley;NONCLUSTERED;0;0;NULL;NULL;NULL;NULL;NULL;NULL;0.015625;0.015625;0.007812;Codigo_Ley
Tipo_Finiquito;Detalle;NONCLUSTERED;0;0;NULL;NULL;NULL;NULL;NULL;NULL;0.015625;0.015625;0.007812;Detalle
Tipo_Finiquito;Nombre_Ley;NONCLUSTERED;0;0;NULL;NULL;NULL;NULL;NULL;NULL;0.015625;0.015625;0.007812;Nombre_Ley
Tipo_Horas;aaaaaTipo_Horas_PK;NONCLUSTERED;1;1;1;0;0;0;2026-06-04 09:07:06.377;NULL;0.015625;0.015625;0.007812;Tipo_Horas
Tipo_Horas;Id_TipoContrato;NONCLUSTERED;0;0;NULL;NULL;NULL;NULL;NULL;NULL;0.015625;0.015625;0.007812;Id_TipoContrato
Tipo_Horas;Tipo_Horas;NONCLUSTERED;0;1;NULL;NULL;NULL;NULL;NULL;NULL;0.015625;0.015625;0.007812;Tipo_Horas
Tipo_Horas_AEduca;aaTipo_Horas_AEduca_PK;NONCLUSTERED;1;1;NULL;NULL;NULL;NULL;NULL;NULL;0.015625;0.015625;0.007812;Tipo_Horas
Tipo_Horas_AEduca;Tipo_Horas;NONCLUSTERED;0;0;NULL;NULL;NULL;NULL;NULL;NULL;0.015625;0.015625;0.007812;Tipo_Horas
Tipo_Horas_Proyecto;aaTipo_Horas_Proyecto_PK;NONCLUSTERED;1;1;NULL;NULL;NULL;NULL;NULL;NULL;0.000000;0.000000;0.000000;Id_Tipo_Horas_Proyecto
Tipo_Horas_Proyecto;Id_Tipo_Horas_Proyecto;NONCLUSTERED;0;0;NULL;NULL;NULL;NULL;NULL;NULL;0.000000;0.000000;0.000000;Id_Tipo_Horas_Proyecto
Tipo_Permiso;aaaaaTipo_Pemiso_PK;NONCLUSTERED;1;1;NULL;NULL;NULL;NULL;NULL;NULL;0.015625;0.015625;0.007812;Id_Permiso
TipoAdministracion;aaaTipoAdministracion_PK;CLUSTERED;1;1;5;0;0;0;2026-06-04 09:07:06.887;NULL;0.015625;0.015625;0.007812;Codigo_Administracion
TipoEstablecimiento;aaaTipoEstablecimiento_PK;CLUSTERED;1;1;3;0;0;0;2026-06-04 09:07:06.917;NULL;0.015625;0.015625;0.007812;Codigo_TipoEstablecimiento
TipoEstadoLicenciaMedica;aaaEstado_LicenciaMedica_PK;NONCLUSTERED;1;1;NULL;NULL;NULL;NULL;NULL;NULL;0.015625;0.015625;0.007812;Codigo
TipoEstadoPagoLicenciaMedica;aaaEstadoPago_LicenciaMedica_PK;NONCLUSTERED;1;1;NULL;NULL;NULL;NULL;NULL;NULL;0.015625;0.015625;0.007812;Codigo
TipoEstudio;aaaTipoEstudio_PK;CLUSTERED;1;1;NULL;NULL;NULL;NULL;NULL;NULL;0.015625;0.015625;0.007812;Codigo_TipoEstudio
TipoInstitucionesAVP;aaTipoInstitucionesAVP_PK;NONCLUSTERED;1;1;NULL;NULL;NULL;NULL;NULL;NULL;0.015625;0.015625;0.007812;Tipo_Institucion
TipoInstitucionesAVP;Tipo_Institucion;NONCLUSTERED;0;0;NULL;NULL;NULL;NULL;NULL;NULL;0.015625;0.015625;0.007812;Tipo_Institucion
TipoPago;aaaTipoPago_PK;CLUSTERED;1;1;14;0;0;0;2026-06-04 09:07:07.337;NULL;0.015625;0.015625;0.007812;Codigo
TiposDeAccidentes;aaaaaTiposDeAccidentes_PK;NONCLUSTERED;1;1;NULL;NULL;NULL;NULL;NULL;NULL;0.015625;0.015625;0.007812;Id_Accidente
TiposLicenciasMedicas;aaaTiposLicenciasMedicas_PK;NONCLUSTERED;1;1;NULL;NULL;NULL;NULL;NULL;NULL;0.070312;0.015625;0.007812;Id_TipoLicencia
Totales_Finiquito;aaTotales_Finiquito_PK;NONCLUSTERED;1;1;NULL;NULL;NULL;NULL;NULL;NULL;0.000000;0.000000;0.000000;Id_Establecimiento,Id_Funcionario,Correlativo
Totales_Finiquito;Correlativo;NONCLUSTERED;0;0;NULL;NULL;NULL;NULL;NULL;NULL;0.000000;0.000000;0.000000;Correlativo
Totales_Finiquito;Id_Establecimiento;NONCLUSTERED;0;0;NULL;NULL;NULL;NULL;NULL;NULL;0.000000;0.000000;0.000000;Id_Establecimiento
Totales_Finiquito;Id_Funcionario;NONCLUSTERED;0;0;NULL;NULL;NULL;NULL;NULL;NULL;0.000000;0.000000;0.000000;Id_Funcionario
Totales_PlanillaRemuneraciones;aaTotales_PlanillaRemuneraciones_PK;NONCLUSTERED;1;1;NULL;NULL;NULL;NULL;NULL;NULL;2.195312;2.132812;2.101562;Id_Establecimiento,Id_Funcionario,Id_Remuneracion,Id_ProcesoPs,Tipo_Hd,Id_Hd,DescNoEfec
Totales_PlanillaRemuneraciones;Id_Establecimiento;NONCLUSTERED;0;0;NULL;NULL;NULL;NULL;NULL;NULL;1.695312;1.593750;1.578125;Id_Establecimiento
Totales_PlanillaRemuneraciones;Id_Funcionario;NONCLUSTERED;0;0;NULL;NULL;NULL;NULL;NULL;NULL;1.320312;1.210937;1.195312;Id_Funcionario
Totales_PlanillaRemuneraciones;Id_Hd;NONCLUSTERED;0;0;NULL;NULL;NULL;NULL;NULL;NULL;1.320312;1.210937;1.195312;Id_Hd
Totales_PlanillaRemuneraciones;Id_ProcesoPs;NONCLUSTERED;0;0;NULL;NULL;NULL;NULL;NULL;NULL;1.320312;1.210937;1.195312;Id_ProcesoPs
Totales_PlanillaRemuneraciones;Id_Remuneracion;NONCLUSTERED;0;0;NULL;NULL;NULL;NULL;NULL;NULL;1.320312;1.210937;1.195312;Id_Remuneracion
Totales_PlanillaRemuneraciones;Tipo_Hd;NONCLUSTERED;0;0;NULL;NULL;NULL;NULL;NULL;NULL;1.320312;1.210937;1.195312;Tipo_Hd
TramoDesarrolloProfesional;aaaTramoDesarrolloProfesional_PK;CLUSTERED;1;1;12;0;0;6;2026-06-04 09:07:07.133;NULL;0.015625;0.015625;0.007812;Codigo_TDP
TramoDesarrolloProfesional;Codigo_TDP;NONCLUSTERED;0;0;0;1;0;0;NULL;2026-06-04 09:07:07.060;0.015625;0.015625;0.007812;Codigo_TDP
TramosAsigFamiliar;aaaaaTramosAsigFamiliar_PK;NONCLUSTERED;1;1;NULL;NULL;NULL;NULL;NULL;NULL;0.015625;0.015625;0.007812;Periodo,Tramo
TramosAsigFamiliar;Periodo;NONCLUSTERED;0;0;NULL;NULL;NULL;NULL;NULL;NULL;0.015625;0.015625;0.007812;Periodo
TramosAsigFamiliar;Tramo;NONCLUSTERED;0;0;NULL;NULL;NULL;NULL;NULL;NULL;0.015625;0.015625;0.007812;Tramo
Transfer_W2W;aaTransfer_W2W_PK;NONCLUSTERED;1;1;NULL;NULL;NULL;NULL;NULL;NULL;0.000000;0.000000;0.000000;Ano,Mes,TipoRemuneracion,Id_ProcesoPs,Correlativo
UnidadEducativa;aaaaaUnidadEducativa_PK;NONCLUSTERED;1;1;NULL;NULL;NULL;NULL;NULL;NULL;0.000000;0.000000;0.000000;Rut_Funcionario,Id_Establecimiento,Id_Unidad
UnidadEducativa;Id_Establecimiento;NONCLUSTERED;0;0;NULL;NULL;NULL;NULL;NULL;NULL;0.000000;0.000000;0.000000;Id_Establecimiento
UnidadEducativa;Id_Unidad;NONCLUSTERED;0;1;NULL;NULL;NULL;NULL;NULL;NULL;0.000000;0.000000;0.000000;Id_Unidad
Utm_Ipc;aaaaaUtm_Ipc_PK;NONCLUSTERED;1;1;NULL;NULL;NULL;NULL;NULL;NULL;0.000000;0.000000;0.000000;Ano,Mes
VerificaTablas;aaaVerificaTablas_PK;NONCLUSTERED;1;1;2;0;0;1;2026-06-04 10:53:21.843;NULL;0.015625;0.015625;0.007812;Sistema,Version,Fecha_Proceso
xData_Causales;PK__xData_Ca__573F24844C9FC96B;CLUSTERED;1;1;NULL;NULL;NULL;NULL;NULL;NULL;0.015625;0.015625;0.007812;Id_Causal
xData_EstadoNotificacion;PK__xData_Es__AB2EB6F848CF3887;CLUSTERED;1;1;NULL;NULL;NULL;NULL;NULL;NULL;0.015625;0.015625;0.007812;Id_Estado
