Tabla;Indice;Tipo;EsPK;EsUnique;EstaDeshabilitado;IgnoraDuplicados;OrdenColumna;Columna;EsDescendente;EsIncluida;OrdenParticion;ColStoreOrder
AnexoPlanDeCuenta;AnexoPlandecuenta;NONCLUSTERED;0;0;0;0;0;Codigo_Area;0;1;0;0
AnexoPlanDeCuenta;AnexoPlandecuenta;NONCLUSTERED;0;0;0;0;0;CodigoCuenta;0;1;0;0
AnexoPlanDeCuenta;AnexoPlandecuenta;NONCLUSTERED;0;0;0;0;0;AperturaDebe;0;1;0;0
AnexoPlanDeCuenta;AnexoPlandecuenta;NONCLUSTERED;0;0;0;0;0;AperturaHaber;0;1;0;0
AnexoPlanDeCuenta;AnexoPlandecuenta;NONCLUSTERED;0;0;0;0;0;Debe;0;1;0;0
AnexoPlanDeCuenta;AnexoPlandecuenta;NONCLUSTERED;0;0;0;0;0;Haber;0;1;0;0
AnexoPlanDeCuenta;AnexoPlandecuenta;NONCLUSTERED;0;0;0;0;1;Ano_Proceso;0;0;0;0
AnexoPlanDeCuenta;AnexoPlandecuenta;NONCLUSTERED;0;0;0;0;2;Mes;0;0;0;0
AnexoPlanDeCuenta;PK_AnexoPlanDeCuenta;CLUSTERED;1;1;0;0;1;Codigo_Area;0;0;0;0
AnexoPlanDeCuenta;PK_AnexoPlanDeCuenta;CLUSTERED;1;1;0;0;2;Ano_Proceso;0;0;0;0
AnexoPlanDeCuenta;PK_AnexoPlanDeCuenta;CLUSTERED;1;1;0;0;3;CodigoCuenta;0;0;0;0
AnexoPlanDeCuenta;PK_AnexoPlanDeCuenta;CLUSTERED;1;1;0;0;4;Mes;0;0;0;0
AnexoPlanDeCuenta_Paso;Ano_Proceso;NONCLUSTERED;0;0;0;0;1;Ano_Proceso;0;0;0;0
AnexoPlanDeCuenta_Paso;Codigo_Area;NONCLUSTERED;0;0;0;0;1;Codigo_Area;0;0;0;0
AnexoPlanDeCuenta_Paso;CodigoCuenta;NONCLUSTERED;0;0;0;0;1;CodigoCuenta;0;0;0;0
AnexoPlanDeCuenta_Paso;Mes;NONCLUSTERED;0;0;0;0;1;Mes;0;0;0;0
AnexoPlanDeCuenta_Paso;PK_AnexoPlanDeCuenta_Paso;CLUSTERED;1;1;0;0;1;Codigo_Area;0;0;0;0
AnexoPlanDeCuenta_Paso;PK_AnexoPlanDeCuenta_Paso;CLUSTERED;1;1;0;0;2;Ano_Proceso;0;0;0;0
AnexoPlanDeCuenta_Paso;PK_AnexoPlanDeCuenta_Paso;CLUSTERED;1;1;0;0;3;CodigoCuenta;0;0;0;0
AnexoPlanDeCuenta_Paso;PK_AnexoPlanDeCuenta_Paso;CLUSTERED;1;1;0;0;4;Mes;0;0;0;0
Ano_Proceso;PK_Ano_Proceso;CLUSTERED;1;1;0;0;1;Ano_Proceso;0;0;0;0
Ano_Proceso;PK_Ano_Proceso;CLUSTERED;1;1;0;0;2;Codigo_Area;0;0;0;0
AreadeGestion;PK_AreadeGestion;CLUSTERED;1;1;0;0;1;Codigo_Area;0;0;0;0
AreadeGestion;PK_AreadeGestion;CLUSTERED;1;1;0;0;2;Ano_Proceso;0;0;0;0
AreadeGestion;PK_AreadeGestion;CLUSTERED;1;1;0;0;3;Codigo_AreaGestion;0;0;0;0
BloqueadoDiasTesoreria;PK_BloqueadoDiasTesoreria;CLUSTERED;1;1;0;0;1;Fecha_Bloqueada;0;0;0;0
BloqueadoDiasTesoreria;PK_BloqueadoDiasTesoreria;CLUSTERED;1;1;0;0;2;Codigo_Area;0;0;0;0
Caja_Chica;Caja_Chica_Codigo_Area;NONCLUSTERED;0;0;0;0;1;Codigo_Area;0;0;0;0
Caja_Chica;Caja_Chica_Fecha;NONCLUSTERED;0;0;0;0;1;Fecha;0;0;0;0
Caja_Chica;Caja_Chica_Nombre;NONCLUSTERED;0;0;0;0;1;Nombre;0;0;0;0
Caja_Chica;Caja_Chica_Numero;NONCLUSTERED;0;0;0;0;1;Numero;0;0;0;0
Caja_Chica;Caja_Chica_Numero_Caja;NONCLUSTERED;0;0;0;0;1;Numero_Caja;0;0;0;0
Caja_Chica;Caja_Chica_Rut;NONCLUSTERED;0;0;0;0;1;Rut;0;0;0;0
Caja_Chica;PK_Caja_Chica;CLUSTERED;1;1;0;0;1;Codigo_Area;0;0;0;0
Caja_Chica;PK_Caja_Chica;CLUSTERED;1;1;0;0;2;Numero_Caja;0;0;0;0
Caja_Chica;PK_Caja_Chica;CLUSTERED;1;1;0;0;3;Numero;0;0;0;0
Caja_Chica_Egresos;PK_Caja_Chica_Egresos;CLUSTERED;1;1;0;0;1;Codigo_Area;0;0;0;0
Caja_Chica_Egresos;PK_Caja_Chica_Egresos;CLUSTERED;1;1;0;0;2;Numero_Caja;0;0;0;0
Caja_Chica_Egresos;PK_Caja_Chica_Egresos;CLUSTERED;1;1;0;0;3;Egreso;0;0;0;0
Carga_Facturas_LibroCompra;PK_Facturas_LibroCompra;CLUSTERED;1;1;0;0;1;Rut_Proveedor;0;0;0;0
Carga_Facturas_LibroCompra;PK_Facturas_LibroCompra;CLUSTERED;1;1;0;0;2;Folio;0;0;0;0
Cesion_Credito;PK_Cesion_Credito;CLUSTERED;1;1;0;0;1;Rut_proveedor;0;0;0;0
Cesion_Credito;PK_Cesion_Credito;CLUSTERED;1;1;0;0;2;Tipo_Documento;0;0;0;0
Cesion_Credito;PK_Cesion_Credito;CLUSTERED;1;1;0;0;3;NumeroDocumento;0;0;0;0
ChequeEnComprobantes;Ano_Proceso;NONCLUSTERED;0;0;0;0;1;Ano_Proceso;0;0;0;0
ChequeEnComprobantes;Codigo_Area;NONCLUSTERED;0;0;0;0;1;Codigo_Area;0;0;0;0
ChequeEnComprobantes;Comprobante;NONCLUSTERED;0;0;0;0;1;Comprobante;0;0;0;0
ChequeEnComprobantes;Decreto;NONCLUSTERED;0;0;0;0;1;Decreto;0;0;0;0
ChequeEnComprobantes;Egreso;NONCLUSTERED;0;0;0;0;1;Egreso;0;0;0;0
ChequeEnComprobantes;Fila_Numero;NONCLUSTERED;0;0;0;0;1;Fila_Numero;0;0;0;0
ChequeEnComprobantes;Nombre;NONCLUSTERED;0;0;0;0;1;Nombre;0;0;0;0
ChequeEnComprobantes;NumeroCheque;NONCLUSTERED;0;0;0;0;1;NumeroCheque;0;0;0;0
ChequeEnComprobantes;PK_ChequeEnComprobantes;CLUSTERED;1;1;0;0;1;Codigo_Area;0;0;0;0
ChequeEnComprobantes;PK_ChequeEnComprobantes;CLUSTERED;1;1;0;0;2;Ano_Proceso;0;0;0;0
ChequeEnComprobantes;PK_ChequeEnComprobantes;CLUSTERED;1;1;0;0;3;TipoComprobante;0;0;0;0
ChequeEnComprobantes;PK_ChequeEnComprobantes;CLUSTERED;1;1;0;0;4;Comprobante;0;0;0;0
ChequeEnComprobantes;PK_ChequeEnComprobantes;CLUSTERED;1;1;0;0;5;Fila_Numero;0;0;0;0
ChequeEnComprobantes;TipoComprobante;NONCLUSTERED;0;0;0;0;1;TipoComprobante;0;0;0;0
CierresDeMes;PK_CierresDeMes;CLUSTERED;1;1;0;0;1;Ano_proceso;0;0;0;0
CierresDeMes;PK_CierresDeMes;CLUSTERED;1;1;0;0;2;Codigo_Area;0;0;0;0
CierresDeMes;PK_CierresDeMes;CLUSTERED;1;1;0;0;3;Mes;0;0;0;0
Conceptos_Centro_Costos;Conceptos_CC_Codigo_Area;NONCLUSTERED;0;0;0;0;1;Codigo_Area;0;0;0;0
Conceptos_Centro_Costos;Conceptos_CC_Codigo_Concepto;NONCLUSTERED;0;0;0;0;1;Codigo_Concepto;0;0;0;0
Conceptos_Centro_Costos;Conceptos_CC_CodigoCuenta;NONCLUSTERED;0;0;0;0;1;CodigoCuenta;0;0;0;0
Conceptos_Centro_Costos;Conceptos_CC_Descripcion;NONCLUSTERED;0;0;0;0;1;Descripcion;0;0;0;0
Conceptos_Centro_Costos;PK_Conceptos_Centro_Costos;CLUSTERED;1;1;0;0;1;Ano_Proceso;0;0;0;0
Conceptos_Centro_Costos;PK_Conceptos_Centro_Costos;CLUSTERED;1;1;0;0;2;Codigo_Area;0;0;0;0
Conceptos_Centro_Costos;PK_Conceptos_Centro_Costos;CLUSTERED;1;1;0;0;3;Codigo_Concepto;0;0;0;0
Consumo_Identificacion;PK_Consumo_Identificacion;CLUSTERED;1;1;0;0;1;Codigo_Area;0;0;0;0
Consumo_Identificacion;PK_Consumo_Identificacion;CLUSTERED;1;1;0;0;2;Codigo_Consumo;0;0;0;0
Consumo_Identificacion;PK_Consumo_Identificacion;CLUSTERED;1;1;0;0;3;Codigo_Cliente;0;0;0;0
Consumo_Pago;PK_Consumo_Pago;CLUSTERED;1;1;0;0;1;Codigo_Area;0;0;0;0
Consumo_Pago;PK_Consumo_Pago;CLUSTERED;1;1;0;0;2;Ano_Proceso;0;0;0;0
Consumo_Pago;PK_Consumo_Pago;CLUSTERED;1;1;0;0;3;ComprobanteObligado;0;0;0;0
Consumo_Pago;PK_Consumo_Pago;CLUSTERED;1;1;0;0;4;Correlativo;0;0;0;0
Consumo_Servicios;PK_Consumo_Servicios;CLUSTERED;1;1;0;0;1;Codigo_Area;0;0;0;0
Consumo_Servicios;PK_Consumo_Servicios;CLUSTERED;1;1;0;0;2;Codigo_Consumo_Servicios;0;0;0;0
Consumo_Tipos;PK_Consumo_Tipos;CLUSTERED;1;1;0;0;1;Codigo_Area;0;0;0;0
Consumo_Tipos;PK_Consumo_Tipos;CLUSTERED;1;1;0;0;2;Codigo_Consumo;0;0;0;0
Contratos;PK_Contratos;CLUSTERED;1;1;0;0;1;Codigo_Area;0;0;0;0
Contratos;PK_Contratos;CLUSTERED;1;1;0;0;2;Ano_Contrato;0;0;0;0
Contratos;PK_Contratos;CLUSTERED;1;1;0;0;3;NumeroContrato;0;0;0;0
Contratos_En_Decreto;PK_Contratos_En_Decreto;CLUSTERED;1;1;0;0;1;Codigo_Area;0;0;0;0
Contratos_En_Decreto;PK_Contratos_En_Decreto;CLUSTERED;1;1;0;0;2;Ano_Proceso;0;0;0;0
Contratos_En_Decreto;PK_Contratos_En_Decreto;CLUSTERED;1;1;0;0;3;NumeroDecreto;0;0;0;0
Contratos_En_Decreto;PK_Contratos_En_Decreto;CLUSTERED;1;1;0;0;4;Fila_Numero;0;0;0;0
CTA_BALANCETRIBUTARIO;PK_CTA_BALANCETRIBUTARIO;CLUSTERED;1;1;0;0;1;Ano_Proceso;0;0;0;0
CTA_BALANCETRIBUTARIO;PK_CTA_BALANCETRIBUTARIO;CLUSTERED;1;1;0;0;2;Codigo_Area;0;0;0;0
CTA_BALANCETRIBUTARIO;PK_CTA_BALANCETRIBUTARIO;CLUSTERED;1;1;0;0;3;Tipo_Cta_BalanceTributario;0;0;0;0
Cuentas_BalEjecPresup;PK_Cuentas_BalEjecPresup;CLUSTERED;1;1;0;0;1;Ano_Proceso;0;0;0;0
Cuentas_BalEjecPresup;PK_Cuentas_BalEjecPresup;CLUSTERED;1;1;0;0;2;Codigo_Area;0;0;0;0
Cuentas_BalEjecPresup;PK_Cuentas_BalEjecPresup;CLUSTERED;1;1;0;0;3;NumeroListado;0;0;0;0
Cuentas_BalEjecPresup;PK_Cuentas_BalEjecPresup;CLUSTERED;1;1;0;0;4;Item;0;0;0;0
Cuentas_BalEjecPresupDetalle;PK_Cuentas_BalEjecPresupDetalle;CLUSTERED;1;1;0;0;1;Ano_Proceso;0;0;0;0
Cuentas_BalEjecPresupDetalle;PK_Cuentas_BalEjecPresupDetalle;CLUSTERED;1;1;0;0;2;Codigo_Area;0;0;0;0
Cuentas_BalEjecPresupDetalle;PK_Cuentas_BalEjecPresupDetalle;CLUSTERED;1;1;0;0;3;NumeroListado;0;0;0;0
Cuentas_BalEjecPresupDetalle;PK_Cuentas_BalEjecPresupDetalle;CLUSTERED;1;1;0;0;4;Item;0;0;0;0
Cuentas_BalEjecPresupDetalle;PK_Cuentas_BalEjecPresupDetalle;CLUSTERED;1;1;0;0;5;CodigoCuenta;0;0;0;0
Cuentas_Consulta_Flujo_Caja;Ano;NONCLUSTERED;0;0;0;0;1;Ano_Proceso;0;0;0;0
Cuentas_Consulta_Flujo_Caja;Area;NONCLUSTERED;0;0;0;0;1;Codigo_Area;0;0;0;0
Cuentas_Consulta_Flujo_Caja;Grilla;NONCLUSTERED;0;0;0;0;1;Grilla;0;0;0;0
Cuentas_Consulta_Flujo_Caja;PK_Cuentas_Consulta_Flujo_Caja;CLUSTERED;1;1;0;0;1;Codigo_Area;0;0;0;0
Cuentas_Consulta_Flujo_Caja;PK_Cuentas_Consulta_Flujo_Caja;CLUSTERED;1;1;0;0;2;Ano_Proceso;0;0;0;0
Cuentas_Consulta_Flujo_Caja;PK_Cuentas_Consulta_Flujo_Caja;CLUSTERED;1;1;0;0;3;Grilla;0;0;0;0
Cuentas_Departamento;PK__Cuentas___0D6327BE532D54A4;CLUSTERED;1;1;0;0;1;Codigo_Area;0;0;0;0
Cuentas_Departamento;PK__Cuentas___0D6327BE532D54A4;CLUSTERED;1;1;0;0;2;Ano_Proceso;0;0;0;0
Cuentas_Departamento;PK__Cuentas___0D6327BE532D54A4;CLUSTERED;1;1;0;0;3;Codigo_Direccion;0;0;0;0
Cuentas_Departamento;PK__Cuentas___0D6327BE532D54A4;CLUSTERED;1;1;0;0;4;Codigo_Departamento;0;0;0;0
Cuentas_Departamento;PK__Cuentas___0D6327BE532D54A4;CLUSTERED;1;1;0;0;5;Codigo_Cuenta;0;0;0;0
CuentasCorrientes;Ano;NONCLUSTERED;0;0;0;0;1;Ano_Proceso;0;0;0;0
CuentasCorrientes;Area;NONCLUSTERED;0;0;0;0;1;Codigo_Area;0;0;0;0
CuentasCorrientes;Comprobante;NONCLUSTERED;0;0;0;0;1;Comprobante;0;0;0;0
CuentasCorrientes;PK_CuentasCorrientes;CLUSTERED;1;1;0;0;1;Codigo_Area;0;0;0;0
CuentasCorrientes;PK_CuentasCorrientes;CLUSTERED;1;1;0;0;2;Ano_Proceso;0;0;0;0
CuentasCorrientes;PK_CuentasCorrientes;CLUSTERED;1;1;0;0;3;TipoComprobante;0;0;0;0
CuentasCorrientes;PK_CuentasCorrientes;CLUSTERED;1;1;0;0;4;Comprobante;0;0;0;0
CuentasCorrientes;PK_CuentasCorrientes;CLUSTERED;1;1;0;0;5;TipoCuentaCorriente;0;0;0;0
CuentasCorrientes;Rut;NONCLUSTERED;0;0;0;0;1;Rut;0;0;0;0
CuentasCorrientes;Tipo;NONCLUSTERED;0;0;0;0;1;TipoComprobante;0;0;0;0
CuentasCorrientes;TipoCuentaCorriente;NONCLUSTERED;0;0;0;0;1;TipoCuentaCorriente;0;0;0;0
CuentasSinim;PK_CuentasSinim;CLUSTERED;1;1;0;0;1;Ano_Proceso;0;0;0;0
CuentasSinim;PK_CuentasSinim;CLUSTERED;1;1;0;0;2;Codigo_Area;0;0;0;0
CuentasSinim;PK_CuentasSinim;CLUSTERED;1;1;0;0;3;CodigoCuenta;0;0;0;0
Datos_Agregado_Analitico;PK_Datos_Agregado_Analitico;CLUSTERED;1;1;0;0;1;Usuario;0;0;0;0
Datos_Agregado_Analitico;PK_Datos_Agregado_Analitico;CLUSTERED;1;1;0;0;2;Estacion;0;0;0;0
Datos_Agregado_Analitico;PK_Datos_Agregado_Analitico;CLUSTERED;1;1;0;0;3;Ano_Proceso;0;0;0;0
Datos_Agregado_Analitico;PK_Datos_Agregado_Analitico;CLUSTERED;1;1;0;0;4;Mes;0;0;0;0
Datos_Agregado_Analitico;PK_Datos_Agregado_Analitico;CLUSTERED;1;1;0;0;5;CodigoCuenta;0;0;0;0
Datos_Agregado_Analitico;PK_Datos_Agregado_Analitico;CLUSTERED;1;1;0;0;6;Tipo_Informe;0;0;0;0
Datos_Agregado_Analitico;PK_Datos_Agregado_Analitico;CLUSTERED;1;1;0;0;7;Codigo_Contraloria;0;0;0;0
DatosTomadosTesoreria;PK_DatosTomadosTesoreria;CLUSTERED;1;1;0;0;1;Ano_Proceso;0;0;0;0
DatosTomadosTesoreria;PK_DatosTomadosTesoreria;CLUSTERED;1;1;0;0;2;Codigo_Area;0;0;0;0
DatosTomadosTesoreria;PK_DatosTomadosTesoreria;CLUSTERED;1;1;0;0;3;FechaRecepcion;0;0;0;0
DecretoSubvencion;PK_DecretoSubvencion;CLUSTERED;1;1;0;0;1;Codigo_Area;0;0;0;0
DecretoSubvencion;PK_DecretoSubvencion;CLUSTERED;1;1;0;0;2;Ano_Proceso;0;0;0;0
DecretoSubvencion;PK_DecretoSubvencion;CLUSTERED;1;1;0;0;3;Rut;0;0;0;0
DecretoSubvencion;PK_DecretoSubvencion;CLUSTERED;1;1;0;0;4;IdSubvencion;0;0;0;0
DecretoSubvencion;PK_DecretoSubvencion;CLUSTERED;1;1;0;0;5;Ano_Decreto;0;0;0;0
DecretoSubvencion;PK_DecretoSubvencion;CLUSTERED;1;1;0;0;6;Num_Decreto;0;0;0;0
DefinicionSubvencion;PK_DefinicionSubvencion;CLUSTERED;1;1;0;0;1;Codigo_TipoMovimiento;0;0;0;0
Departamentos;Area;NONCLUSTERED;0;0;0;0;1;Codigo_Area;0;0;0;0
Departamentos;Departamento;NONCLUSTERED;0;0;0;0;1;Codigo_Departamento;0;0;0;0
Departamentos;Direccion;NONCLUSTERED;0;0;0;0;1;Codigo_Direccion;0;0;0;0
Departamentos;PK_Departamentos;CLUSTERED;1;1;0;0;1;Codigo_Area;0;0;0;0
Departamentos;PK_Departamentos;CLUSTERED;1;1;0;0;2;Codigo_Direccion;0;0;0;0
Departamentos;PK_Departamentos;CLUSTERED;1;1;0;0;3;Codigo_Departamento;0;0;0;0
Det_TransferBancoStgo;PK_Det_TransferBancoStgo;CLUSTERED;1;1;0;0;1;Codigo_Area;0;0;0;0
Det_TransferBancoStgo;PK_Det_TransferBancoStgo;CLUSTERED;1;1;0;0;2;Ano_Proceso;0;0;0;0
Det_TransferBancoStgo;PK_Det_TransferBancoStgo;CLUSTERED;1;1;0;0;3;Num_Transfer;0;0;0;0
Det_TransferBancoStgo;PK_Det_TransferBancoStgo;CLUSTERED;1;1;0;0;4;Fila;0;0;0;0
Detalle_Compro_Transac;Detalle_Compro_Transaccione;NONCLUSTERED;1;1;0;0;1;Fecha_Computador;0;0;0;0
Detalle_Compro_Transac;Detalle_Compro_Transaccione;NONCLUSTERED;1;1;0;0;2;Fecha_Servidor;0;0;0;0
Detalle_Compro_Transac;Detalle_Compro_Transaccione;NONCLUSTERED;1;1;0;0;3;Ano_Proceso;0;0;0;0
Detalle_Compro_Transac;Detalle_Compro_Transaccione;NONCLUSTERED;1;1;0;0;4;Codigo_Area;0;0;0;0
Detalle_Compro_Transac;Detalle_Compro_Transaccione;NONCLUSTERED;1;1;0;0;5;TipoComprobante;0;0;0;0
Detalle_Compro_Transac;Detalle_Compro_Transaccione;NONCLUSTERED;1;1;0;0;6;Comprobante;0;0;0;0
Detalle_Compro_Transac;Detalle_Compro_Transaccione;NONCLUSTERED;1;1;0;0;7;Fila_Numero;0;0;0;0
DETALLE_CTA_BALANCETRIBUTARIO;PK_DETALLE_CTA_BALANCETRIBUTARIO;CLUSTERED;1;1;0;0;1;Ano_Proceso;0;0;0;0
DETALLE_CTA_BALANCETRIBUTARIO;PK_DETALLE_CTA_BALANCETRIBUTARIO;CLUSTERED;1;1;0;0;2;Codigo_Area;0;0;0;0
DETALLE_CTA_BALANCETRIBUTARIO;PK_DETALLE_CTA_BALANCETRIBUTARIO;CLUSTERED;1;1;0;0;3;Tipo_Cta_BalanceTributario;0;0;0;0
DETALLE_CTA_BALANCETRIBUTARIO;PK_DETALLE_CTA_BALANCETRIBUTARIO;CLUSTERED;1;1;0;0;4;CodigoCuenta;0;0;0;0
Detalle_FSubvencion;PK_Detalle_FSubvencion;CLUSTERED;1;1;0;0;1;Ano_Proceso;0;0;0;0
Detalle_FSubvencion;PK_Detalle_FSubvencion;CLUSTERED;1;1;0;0;2;Codigo_Area;0;0;0;0
Detalle_FSubvencion;PK_Detalle_FSubvencion;CLUSTERED;1;1;0;0;3;CodigoCuenta;0;0;0;0
Detalle_FSubvencion;PK_Detalle_FSubvencion;CLUSTERED;1;1;0;0;4;Linea;0;0;0;0
DetalleApertura;PK_DetalleApertura;CLUSTERED;1;1;0;0;1;Codigo_Area;0;0;0;0
DetalleApertura;PK_DetalleApertura;CLUSTERED;1;1;0;0;2;Ano_Proceso;0;0;0;0
DetalleApertura;PK_DetalleApertura;CLUSTERED;1;1;0;0;3;Comprobante;0;0;0;0
DetalleApertura;PK_DetalleApertura;CLUSTERED;1;1;0;0;4;Fila_Numero;0;0;0;0
DetalleComprobantes;PK_DetalleComprobantes;CLUSTERED;1;1;0;0;1;Codigo_Area;0;0;0;0
DetalleComprobantes;PK_DetalleComprobantes;CLUSTERED;1;1;0;0;2;Ano_Proceso;0;0;0;0
DetalleComprobantes;PK_DetalleComprobantes;CLUSTERED;1;1;0;0;3;TipoComprobante;0;0;0;0
DetalleComprobantes;PK_DetalleComprobantes;CLUSTERED;1;1;0;0;4;Comprobante;0;0;0;0
DetalleComprobantes;PK_DetalleComprobantes;CLUSTERED;1;1;0;0;5;Fila_Numero;0;0;0;0
DetalleModificacionesPresupues;PK_DetalleModificacionesPresupues;CLUSTERED;1;1;0;0;1;Codigo_Area;0;0;0;0
DetalleModificacionesPresupues;PK_DetalleModificacionesPresupues;CLUSTERED;1;1;0;0;2;Ano_Proceso;0;0;0;0
DetalleModificacionesPresupues;PK_DetalleModificacionesPresupues;CLUSTERED;1;1;0;0;3;Comprobante;0;0;0;0
DetalleModificacionesPresupues;PK_DetalleModificacionesPresupues;CLUSTERED;1;1;0;0;4;Fila_Numero;0;0;0;0
DetalleObligaciones;PK_DetalleObligaciones;CLUSTERED;1;1;0;0;1;Codigo_Area;0;0;0;0
DetalleObligaciones;PK_DetalleObligaciones;CLUSTERED;1;1;0;0;2;Ano_Proceso;0;0;0;0
DetalleObligaciones;PK_DetalleObligaciones;CLUSTERED;1;1;0;0;3;ComprobanteObligado;0;0;0;0
DetalleObligaciones;PK_DetalleObligaciones;CLUSTERED;1;1;0;0;4;Fila_Numero;0;0;0;0
DetalleObligaciones_Adquisiciones;PK_DetalleObligaciones_Adquisiciones;NONCLUSTERED;1;1;0;0;1;Codigo_Area;0;0;0;0
DetalleObligaciones_Adquisiciones;PK_DetalleObligaciones_Adquisiciones;NONCLUSTERED;1;1;0;0;2;Ano_Proceso;0;0;0;0
DetalleObligaciones_Adquisiciones;PK_DetalleObligaciones_Adquisiciones;NONCLUSTERED;1;1;0;0;3;ComprobanteObligado;0;0;0;0
DetalleObligaciones_Adquisiciones;PK_DetalleObligaciones_Adquisiciones;NONCLUSTERED;1;1;0;0;4;Fila_Numero;0;0;0;0
DetalleObligaciones_Transac;DetOblig_Transaccione;NONCLUSTERED;1;1;0;0;1;Fecha_Computador;0;0;0;0
DetalleObligaciones_Transac;DetOblig_Transaccione;NONCLUSTERED;1;1;0;0;2;Fecha_Servidor;0;0;0;0
DetalleObligaciones_Transac;DetOblig_Transaccione;NONCLUSTERED;1;1;0;0;3;Ano_Proceso;0;0;0;0
DetalleObligaciones_Transac;DetOblig_Transaccione;NONCLUSTERED;1;1;0;0;4;Codigo_Area;0;0;0;0
DetalleObligaciones_Transac;DetOblig_Transaccione;NONCLUSTERED;1;1;0;0;5;ComprobanteObligado;0;0;0;0
DetalleObligaciones_Transac;DetOblig_Transaccione;NONCLUSTERED;1;1;0;0;6;Fila_Numero;0;0;0;0
DetalleSubvencion;PK_DetalleSubvencion;CLUSTERED;1;1;0;0;1;Codigo_Area;0;0;0;0
DetalleSubvencion;PK_DetalleSubvencion;CLUSTERED;1;1;0;0;2;Ano_Proceso;0;0;0;0
DetalleSubvencion;PK_DetalleSubvencion;CLUSTERED;1;1;0;0;3;Rut;0;0;0;0
DetalleSubvencion;PK_DetalleSubvencion;CLUSTERED;1;1;0;0;4;IdSubvencion;0;0;0;0
DetModPresupues_AreadeGestion;PK_DetModPresupues_AreadeGestion;NONCLUSTERED;1;1;0;0;1;Codigo_Area;0;0;0;0
DetModPresupues_AreadeGestion;PK_DetModPresupues_AreadeGestion;NONCLUSTERED;1;1;0;0;2;Ano_proceso;0;0;0;0
DetModPresupues_AreadeGestion;PK_DetModPresupues_AreadeGestion;NONCLUSTERED;1;1;0;0;3;Comprobante;0;0;0;0
DetModPresupues_AreadeGestion;PK_DetModPresupues_AreadeGestion;NONCLUSTERED;1;1;0;0;4;Codigo_AreaGestion;0;0;0;0
DetModPresupues_AreadeGestion;PK_DetModPresupues_AreadeGestion;NONCLUSTERED;1;1;0;0;5;Codigo_Programa;0;0;0;0
DetModPresupues_AreadeGestion;PK_DetModPresupues_AreadeGestion;NONCLUSTERED;1;1;0;0;6;Codigo_SubPrograma;0;0;0;0
DetModPresupues_AreadeGestion;PK_DetModPresupues_AreadeGestion;NONCLUSTERED;1;1;0;0;7;Codigocuenta;0;0;0;0
DetModPresupues_AreadeGestion;PK_DetModPresupues_AreadeGestion;NONCLUSTERED;1;1;0;0;8;Fila_Numero;0;0;0;0
DetModPresupues_CentroCosto;PK_DetModPresupues_CentroCosto;CLUSTERED;1;1;0;0;1;Codigo_Area;0;0;0;0
DetModPresupues_CentroCosto;PK_DetModPresupues_CentroCosto;CLUSTERED;1;1;0;0;2;Ano_Proceso;0;0;0;0
DetModPresupues_CentroCosto;PK_DetModPresupues_CentroCosto;CLUSTERED;1;1;0;0;3;Comprobante;0;0;0;0
DetModPresupues_CentroCosto;PK_DetModPresupues_CentroCosto;CLUSTERED;1;1;0;0;4;Codigo_Centro_Costo;0;0;0;0
DetModPresupues_CentroCosto;PK_DetModPresupues_CentroCosto;CLUSTERED;1;1;0;0;5;CodigoCuenta;0;0;0;0
DetModPresupues_CentroCosto;PK_DetModPresupues_CentroCosto;CLUSTERED;1;1;0;0;6;Fila;0;0;0;0
DevengadosEnDecreto;PK_DevengadosEnDecreto;CLUSTERED;1;1;0;0;1;Codigo_Area;0;0;0;0
DevengadosEnDecreto;PK_DevengadosEnDecreto;CLUSTERED;1;1;0;0;2;Ano_Proceso;0;0;0;0
DevengadosEnDecreto;PK_DevengadosEnDecreto;CLUSTERED;1;1;0;0;3;NumeroDecreto;0;0;0;0
DevengadosEnDecreto;PK_DevengadosEnDecreto;CLUSTERED;1;1;0;0;4;Fila_Numero;0;0;0;0
Diban_Centro_Costo;PK_Diban_Centro_Costo;CLUSTERED;1;1;0;0;1;Codigo_Area;0;0;0;0
Diban_Centro_Costo;PK_Diban_Centro_Costo;CLUSTERED;1;1;0;0;2;Ano_Proceso;0;0;0;0
Diban_Centro_Costo;PK_Diban_Centro_Costo;CLUSTERED;1;1;0;0;3;CodigoCuenta;0;0;0;0
Diban_Centro_Costo;PK_Diban_Centro_Costo;CLUSTERED;1;1;0;0;4;Codigo_Centro_Costo;0;0;0;0
DocumentoAdjuntoDecreto;PrimariaDocumentoAdjuntoDecreto;CLUSTERED;1;1;0;0;1;Codigo_Area;0;0;0;0
DocumentoAdjuntoDecreto;PrimariaDocumentoAdjuntoDecreto;CLUSTERED;1;1;0;0;2;Ano_Proceso;0;0;0;0
DocumentoAdjuntoDecreto;PrimariaDocumentoAdjuntoDecreto;CLUSTERED;1;1;0;0;3;Decreto;0;0;0;0
DocumentoAdjuntoDecreto;PrimariaDocumentoAdjuntoDecreto;CLUSTERED;1;1;0;0;4;Documento;0;0;0;0
DocumentoEnDecreto_digitalizados;PK_DocumentoEnDecreto_digitalizados;CLUSTERED;1;1;0;0;1;Codigo_Area;0;0;0;0
DocumentoEnDecreto_digitalizados;PK_DocumentoEnDecreto_digitalizados;CLUSTERED;1;1;0;0;2;Ano_Proceso;0;0;0;0
DocumentoEnDecreto_digitalizados;PK_DocumentoEnDecreto_digitalizados;CLUSTERED;1;1;0;0;3;Numerodecreto;0;0;0;0
DocumentoEnDecreto_digitalizados;PK_DocumentoEnDecreto_digitalizados;CLUSTERED;1;1;0;0;4;id_archivo;0;0;0;0
Documentos_Requeridos_Decretos;PK_Documentos_Requeridos_Decretos;CLUSTERED;1;1;0;0;1;Codigo_Area;0;0;0;0
Documentos_Requeridos_Decretos;PK_Documentos_Requeridos_Decretos;CLUSTERED;1;1;0;0;2;Codigo_Documento;0;0;0;0
Documentos_Requeridos_Decretos_Detalle;PK_Documentos_Requeridos_Decretos_Detalle;CLUSTERED;1;1;0;0;1;Codigo_Area;0;0;0;0
Documentos_Requeridos_Decretos_Detalle;PK_Documentos_Requeridos_Decretos_Detalle;CLUSTERED;1;1;0;0;2;Codigo_Documento;0;0;0;0
Documentos_Requeridos_Decretos_Detalle;PK_Documentos_Requeridos_Decretos_Detalle;CLUSTERED;1;1;0;0;3;Correlativo;0;0;0;0
DocumentosEnComprobantes;PK_DocumentosEnComprobante;CLUSTERED;1;1;0;0;1;Codigo_Area;0;0;0;0
DocumentosEnComprobantes;PK_DocumentosEnComprobante;CLUSTERED;1;1;0;0;2;Ano_Proceso;0;0;0;0
DocumentosEnComprobantes;PK_DocumentosEnComprobante;CLUSTERED;1;1;0;0;3;NumeroComprobante;0;0;0;0
DocumentosEnComprobantes;PK_DocumentosEnComprobante;CLUSTERED;1;1;0;0;4;TipoComprobante;0;0;0;0
DocumentosEnComprobantes;PK_DocumentosEnComprobante;CLUSTERED;1;1;0;0;5;Fila_Numero;0;0;0;0
DocumentosEnDecreto;PK_DocumentosEnDecreto;CLUSTERED;1;1;0;0;1;Codigo_Area;0;0;0;0
DocumentosEnDecreto;PK_DocumentosEnDecreto;CLUSTERED;1;1;0;0;2;Ano_Proceso;0;0;0;0
DocumentosEnDecreto;PK_DocumentosEnDecreto;CLUSTERED;1;1;0;0;3;NumeroDecreto;0;0;0;0
DocumentosEnDecreto;PK_DocumentosEnDecreto;CLUSTERED;1;1;0;0;4;Fila_Numero;0;0;0;0
Enc_TransferBancoStgo;PK_Enc_TransferBancoStgo;CLUSTERED;1;1;0;0;1;Codigo_Area;0;0;0;0
Enc_TransferBancoStgo;PK_Enc_TransferBancoStgo;CLUSTERED;1;1;0;0;2;Ano_Proceso;0;0;0;0
Enc_TransferBancoStgo;PK_Enc_TransferBancoStgo;CLUSTERED;1;1;0;0;3;Num_Transfer;0;0;0;0
Enca_Subvencion;PK_Enca_Subvencion;CLUSTERED;1;1;0;0;1;Codigo_Area;0;0;0;0
Enca_Subvencion;PK_Enca_Subvencion;CLUSTERED;1;1;0;0;2;Ano_Proceso;0;0;0;0
Enca_Subvencion;PK_Enca_Subvencion;CLUSTERED;1;1;0;0;3;Rut;0;0;0;0
Encab_Compro_Transac;EncCompro_Transaccione;NONCLUSTERED;1;1;0;0;1;Fecha_Computador;0;0;0;0
Encab_Compro_Transac;EncCompro_Transaccione;NONCLUSTERED;1;1;0;0;2;Fecha_Servidor;0;0;0;0
Encab_Compro_Transac;EncCompro_Transaccione;NONCLUSTERED;1;1;0;0;3;Ano_Proceso;0;0;0;0
Encab_Compro_Transac;EncCompro_Transaccione;NONCLUSTERED;1;1;0;0;4;Codigo_Area;0;0;0;0
Encab_Compro_Transac;EncCompro_Transaccione;NONCLUSTERED;1;1;0;0;5;TipoComprobante;0;0;0;0
Encab_Compro_Transac;EncCompro_Transaccione;NONCLUSTERED;1;1;0;0;6;Comprobante;0;0;0;0
Encab_Obligaciones_Transac;Encab_Oblig_Transacciones;NONCLUSTERED;1;1;0;0;1;Fecha_Computador;0;0;0;0
Encab_Obligaciones_Transac;Encab_Oblig_Transacciones;NONCLUSTERED;1;1;0;0;2;Fecha_Servidor;0;0;0;0
Encab_Obligaciones_Transac;Encab_Oblig_Transacciones;NONCLUSTERED;1;1;0;0;3;Ano_Proceso;0;0;0;0
Encab_Obligaciones_Transac;Encab_Oblig_Transacciones;NONCLUSTERED;1;1;0;0;4;Codigo_Area;0;0;0;0
Encab_Obligaciones_Transac;Encab_Oblig_Transacciones;NONCLUSTERED;1;1;0;0;5;ComprobanteObligado;0;0;0;0
Encabezado_Ubicacion_Decreto;PK_Encabezado_Ubicacion_Decreto;CLUSTERED;1;1;0;0;1;Codigo_Area;0;0;0;0
Encabezado_Ubicacion_Decreto;PK_Encabezado_Ubicacion_Decreto;CLUSTERED;1;1;0;0;2;Ano_Proceso;0;0;0;0
Encabezado_Ubicacion_Decreto;PK_Encabezado_Ubicacion_Decreto;CLUSTERED;1;1;0;0;3;Numero_Documento;0;0;0;0
EncabezadoApertura;PK_EncabezadoApertura;CLUSTERED;1;1;0;0;1;Codigo_Area;0;0;0;0
EncabezadoApertura;PK_EncabezadoApertura;CLUSTERED;1;1;0;0;2;Ano_Proceso;0;0;0;0
EncabezadoApertura;PK_EncabezadoApertura;CLUSTERED;1;1;0;0;3;Comprobante;0;0;0;0
EncabezadoComprobantes;EncabezadoComprobantes_Rut;NONCLUSTERED;0;0;0;0;1;Rut;0;0;0;0
EncabezadoComprobantes;encabezadosComprobantes;NONCLUSTERED;0;0;0;0;0;Codigo_Area;0;1;0;0
EncabezadoComprobantes;encabezadosComprobantes;NONCLUSTERED;0;0;0;0;0;Ano_Proceso;0;1;0;0
EncabezadoComprobantes;encabezadosComprobantes;NONCLUSTERED;0;0;0;0;0;TipoComprobante;0;1;0;0
EncabezadoComprobantes;encabezadosComprobantes;NONCLUSTERED;0;0;0;0;0;Comprobante;0;1;0;0
EncabezadoComprobantes;encabezadosComprobantes;NONCLUSTERED;0;0;0;0;1;Fecha;0;0;0;0
EncabezadoComprobantes;encabezadosComprobantes;NONCLUSTERED;0;0;0;0;2;EsDeCierre;0;0;0;0
EncabezadoComprobantes;IDX_Enc_Comp_Generado_Por_Cierre;NONCLUSTERED;0;0;0;0;1;Generado_Por_Cierre;0;0;0;0
EncabezadoComprobantes;missing_index_3213;NONCLUSTERED;0;0;0;0;1;Codigo_Area;0;0;0;0
EncabezadoComprobantes;missing_index_3213;NONCLUSTERED;0;0;0;0;2;Ano_Proceso;0;0;0;0
EncabezadoComprobantes;missing_index_3213;NONCLUSTERED;0;0;0;0;3;TipoComprobante;0;0;0;0
EncabezadoComprobantes;missing_index_3213;NONCLUSTERED;0;0;0;0;4;Decreto;0;0;0;0
EncabezadoComprobantes;missing_index_3213;NONCLUSTERED;0;0;0;0;5;Fecha;0;0;0;0
EncabezadoComprobantes;PK_EncabezadoComprobantes;CLUSTERED;1;1;0;0;1;Codigo_Area;0;0;0;0
EncabezadoComprobantes;PK_EncabezadoComprobantes;CLUSTERED;1;1;0;0;2;Ano_Proceso;0;0;0;0
EncabezadoComprobantes;PK_EncabezadoComprobantes;CLUSTERED;1;1;0;0;3;TipoComprobante;0;0;0;0
EncabezadoComprobantes;PK_EncabezadoComprobantes;CLUSTERED;1;1;0;0;4;Comprobante;0;0;0;0
EncabezadoDecretos;EncabezadoDecretos_Rut;NONCLUSTERED;0;0;0;0;1;Rut;0;0;0;0
EncabezadoDecretos;IDX_Enc_Decreto_Generado_Por_Cierre;NONCLUSTERED;0;0;0;0;1;Generado_Por_Cierre;0;0;0;0
EncabezadoDecretos;PK_EncabezadoDecretos;CLUSTERED;1;1;0;0;1;Codigo_Area;0;0;0;0
EncabezadoDecretos;PK_EncabezadoDecretos;CLUSTERED;1;1;0;0;2;Ano_Proceso;0;0;0;0
EncabezadoDecretos;PK_EncabezadoDecretos;CLUSTERED;1;1;0;0;3;NumeroDecreto;0;0;0;0
EncabezadoModificacionesPresup;PK_EncabezadoModificacionesPresup;CLUSTERED;1;1;0;0;1;Codigo_Area;0;0;0;0
EncabezadoModificacionesPresup;PK_EncabezadoModificacionesPresup;CLUSTERED;1;1;0;0;2;Ano_proceso;0;0;0;0
EncabezadoModificacionesPresup;PK_EncabezadoModificacionesPresup;CLUSTERED;1;1;0;0;3;Comprobante;0;0;0;0
EncabezadoObligaciones;Encabezado_Obligacion_Indice;NONCLUSTERED;0;0;0;0;0;Ano_Proceso;0;1;0;0
EncabezadoObligaciones;Encabezado_Obligacion_Indice;NONCLUSTERED;0;0;0;0;0;ComprobanteObligado;0;1;0;0
EncabezadoObligaciones;Encabezado_Obligacion_Indice;NONCLUSTERED;0;0;0;0;0;Codigo_Documento;0;1;0;0
EncabezadoObligaciones;Encabezado_Obligacion_Indice;NONCLUSTERED;0;0;0;0;1;Codigo_Area;0;0;0;0
EncabezadoObligaciones;Encabezado_Obligacion_Indice;NONCLUSTERED;0;0;0;0;2;Fecha;0;0;0;0
EncabezadoObligaciones;EncabezadoObligaciones_Rut;NONCLUSTERED;0;0;0;0;1;Rut;0;0;0;0
EncabezadoObligaciones;IDX_Enc_Ob_Generado_Por_Cierre;NONCLUSTERED;0;0;0;0;1;Generado_Por_Cierre;0;0;0;0
EncabezadoObligaciones;PK_EncabezadoObligaciones;CLUSTERED;1;1;0;0;1;Codigo_Area;0;0;0;0
EncabezadoObligaciones;PK_EncabezadoObligaciones;CLUSTERED;1;1;0;0;2;Ano_Proceso;0;0;0;0
EncabezadoObligaciones;PK_EncabezadoObligaciones;CLUSTERED;1;1;0;0;3;ComprobanteObligado;0;0;0;0
EncabezadoObligaciones_Adquisiciones;PK_EncabezadoObligaciones_Adquisiciones;NONCLUSTERED;1;1;0;0;1;Codigo_Area;0;0;0;0
EncabezadoObligaciones_Adquisiciones;PK_EncabezadoObligaciones_Adquisiciones;NONCLUSTERED;1;1;0;0;2;Ano_Proceso;0;0;0;0
EncabezadoObligaciones_Adquisiciones;PK_EncabezadoObligaciones_Adquisiciones;NONCLUSTERED;1;1;0;0;3;ComprobanteObligado;0;0;0;0
EstFi_BG_BalanceGeneral_Corp;PK_EstFi_BG_BalanceGeneral_Corp;CLUSTERED;1;1;0;0;1;AnoProceso;0;0;0;0
EstFi_BG_BalanceGeneral_Corp;PK_EstFi_BG_BalanceGeneral_Corp;CLUSTERED;1;1;0;0;2;CodigoArea;0;0;0;0
EstFi_BG_BalanceGeneral_Corp;PK_EstFi_BG_BalanceGeneral_Corp;CLUSTERED;1;1;0;0;3;TipoCuenta;0;0;0;0
EstFi_BG_BalanceGeneral_Corp;PK_EstFi_BG_BalanceGeneral_Corp;CLUSTERED;1;1;0;0;4;CuentaNivel1;0;0;0;0
EstFi_BG_BalanceGeneral_Corp;PK_EstFi_BG_BalanceGeneral_Corp;CLUSTERED;1;1;0;0;5;CuentaNivel2;0;0;0;0
EstFi_BG_BalanceGeneral_Corp;PK_EstFi_BG_BalanceGeneral_Corp;CLUSTERED;1;1;0;0;6;CuentaNivel3;0;0;0;0
EstFi_BG_BalanceGeneral_Corp;PK_EstFi_BG_BalanceGeneral_Corp;CLUSTERED;1;1;0;0;7;CuentaContable;0;0;0;0
EstFi_BG_Nivel1;PK_EstFi_BG_Nivel1;CLUSTERED;1;1;0;0;1;AnoProceso;0;0;0;0
EstFi_BG_Nivel1;PK_EstFi_BG_Nivel1;CLUSTERED;1;1;0;0;2;CodigoArea;0;0;0;0
EstFi_BG_Nivel1;PK_EstFi_BG_Nivel1;CLUSTERED;1;1;0;0;3;TipoCuenta;0;0;0;0
EstFi_BG_Nivel1;PK_EstFi_BG_Nivel1;CLUSTERED;1;1;0;0;4;CuentaNivel1;0;0;0;0
EstFi_BG_Nivel1_Corp;PK_EstFi_BG_Nivel1_Corp;CLUSTERED;1;1;0;0;1;AnoProceso;0;0;0;0
EstFi_BG_Nivel1_Corp;PK_EstFi_BG_Nivel1_Corp;CLUSTERED;1;1;0;0;2;CodigoArea;0;0;0;0
EstFi_BG_Nivel1_Corp;PK_EstFi_BG_Nivel1_Corp;CLUSTERED;1;1;0;0;3;TipoCuenta;0;0;0;0
EstFi_BG_Nivel1_Corp;PK_EstFi_BG_Nivel1_Corp;CLUSTERED;1;1;0;0;4;CuentaNivel1;0;0;0;0
EstFi_BG_Nivel2;PK_EstFi_BG_Nivel2;CLUSTERED;1;1;0;0;1;AnoProceso;0;0;0;0
EstFi_BG_Nivel2;PK_EstFi_BG_Nivel2;CLUSTERED;1;1;0;0;2;CodigoArea;0;0;0;0
EstFi_BG_Nivel2;PK_EstFi_BG_Nivel2;CLUSTERED;1;1;0;0;3;TipoCuenta;0;0;0;0
EstFi_BG_Nivel2;PK_EstFi_BG_Nivel2;CLUSTERED;1;1;0;0;4;CuentaNivel1;0;0;0;0
EstFi_BG_Nivel2;PK_EstFi_BG_Nivel2;CLUSTERED;1;1;0;0;5;CuentaNivel2;0;0;0;0
EstFi_BG_Nivel2_Corp;PK_EstFi_BG_Nivel2_Corp;CLUSTERED;1;1;0;0;1;AnoProceso;0;0;0;0
EstFi_BG_Nivel2_Corp;PK_EstFi_BG_Nivel2_Corp;CLUSTERED;1;1;0;0;2;CodigoArea;0;0;0;0
EstFi_BG_Nivel2_Corp;PK_EstFi_BG_Nivel2_Corp;CLUSTERED;1;1;0;0;3;TipoCuenta;0;0;0;0
EstFi_BG_Nivel2_Corp;PK_EstFi_BG_Nivel2_Corp;CLUSTERED;1;1;0;0;4;CuentaNivel1;0;0;0;0
EstFi_BG_Nivel2_Corp;PK_EstFi_BG_Nivel2_Corp;CLUSTERED;1;1;0;0;5;CuentaNivel2;0;0;0;0
EstFi_BG_Nivel3_Corp;PK_EstFi_BG_Nivel3_Corp;CLUSTERED;1;1;0;0;1;AnoProceso;0;0;0;0
EstFi_BG_Nivel3_Corp;PK_EstFi_BG_Nivel3_Corp;CLUSTERED;1;1;0;0;2;CodigoArea;0;0;0;0
EstFi_BG_Nivel3_Corp;PK_EstFi_BG_Nivel3_Corp;CLUSTERED;1;1;0;0;3;TipoCuenta;0;0;0;0
EstFi_BG_Nivel3_Corp;PK_EstFi_BG_Nivel3_Corp;CLUSTERED;1;1;0;0;4;CuentaNivel1;0;0;0;0
EstFi_BG_Nivel3_Corp;PK_EstFi_BG_Nivel3_Corp;CLUSTERED;1;1;0;0;5;CuentaNivel2;0;0;0;0
EstFi_BG_Nivel3_Corp;PK_EstFi_BG_Nivel3_Corp;CLUSTERED;1;1;0;0;6;CuentaNivel3;0;0;0;0
EstFi_CAM_PATNETO_INFORME;PK_EstFi_CAM_PATNETO_INFORME;CLUSTERED;1;1;0;0;1;AnoProceso;0;0;0;0
EstFi_CAM_PATNETO_INFORME;PK_EstFi_CAM_PATNETO_INFORME;CLUSTERED;1;1;0;0;2;CodigoArea;0;0;0;0
EstFi_CAM_PATNETO_INFORME;PK_EstFi_CAM_PATNETO_INFORME;CLUSTERED;1;1;0;0;3;TipoCuenta;0;0;0;0
EstFi_CAM_PATNETO_INFORME;PK_EstFi_CAM_PATNETO_INFORME;CLUSTERED;1;1;0;0;4;CuentaNivel1;0;0;0;0
EstFi_CAM_PATNETO_INFORME;PK_EstFi_CAM_PATNETO_INFORME;CLUSTERED;1;1;0;0;5;CuentaContable;0;0;0;0
EstFi_CAM_PATNETO_Nivel1;PK_EstFi_CAM_PATNETO_Nivel1;CLUSTERED;1;1;0;0;1;AnoProceso;0;0;0;0
EstFi_CAM_PATNETO_Nivel1;PK_EstFi_CAM_PATNETO_Nivel1;CLUSTERED;1;1;0;0;2;CodigoArea;0;0;0;0
EstFi_CAM_PATNETO_Nivel1;PK_EstFi_CAM_PATNETO_Nivel1;CLUSTERED;1;1;0;0;3;TipoCuenta;0;0;0;0
EstFi_CAM_PATNETO_Nivel1;PK_EstFi_CAM_PATNETO_Nivel1;CLUSTERED;1;1;0;0;4;CuentaNivel1;0;0;0;0
EstFi_CAM_PATNETO_Tipo;PK_EstFi_CAM_PATNETO_Tipo;CLUSTERED;1;1;0;0;1;AnoProceso;0;0;0;0
EstFi_CAM_PATNETO_Tipo;PK_EstFi_CAM_PATNETO_Tipo;CLUSTERED;1;1;0;0;2;CodigoArea;0;0;0;0
EstFi_CAM_PATNETO_Tipo;PK_EstFi_CAM_PATNETO_Tipo;CLUSTERED;1;1;0;0;3;TipoCuenta;0;0;0;0
EstFi_CtaPorPagar_Corp;PK_EstFi_CtaPorPagar_Corp;CLUSTERED;1;1;0;0;1;AnoProceso;0;0;0;0
EstFi_CtaPorPagar_Corp;PK_EstFi_CtaPorPagar_Corp;CLUSTERED;1;1;0;0;2;CodigoArea;0;0;0;0
EstFi_CtaPorPagar_Corp;PK_EstFi_CtaPorPagar_Corp;CLUSTERED;1;1;0;0;3;TipoCuenta;0;0;0;0
EstFi_CtaPorPagar_Corp;PK_EstFi_CtaPorPagar_Corp;CLUSTERED;1;1;0;0;4;CuentaNivel1;0;0;0;0
EstFi_CtaPorPagar_Corp;PK_EstFi_CtaPorPagar_Corp;CLUSTERED;1;1;0;0;5;CuentaNivel2;0;0;0;0
EstFi_CtaPorPagar_Corp;PK_EstFi_CtaPorPagar_Corp;CLUSTERED;1;1;0;0;6;CuentaNivel3;0;0;0;0
EstFi_CtaPorPagar_Corp;PK_EstFi_CtaPorPagar_Corp;CLUSTERED;1;1;0;0;7;CuentaContable;0;0;0;0
EstFi_CtaPorPagar_Nivel1_Corp;PK_EstFi_CtaPorPagar_Nivel1_Corp;CLUSTERED;1;1;0;0;1;AnoProceso;0;0;0;0
EstFi_CtaPorPagar_Nivel1_Corp;PK_EstFi_CtaPorPagar_Nivel1_Corp;CLUSTERED;1;1;0;0;2;CodigoArea;0;0;0;0
EstFi_CtaPorPagar_Nivel1_Corp;PK_EstFi_CtaPorPagar_Nivel1_Corp;CLUSTERED;1;1;0;0;3;TipoCuenta;0;0;0;0
EstFi_CtaPorPagar_Nivel1_Corp;PK_EstFi_CtaPorPagar_Nivel1_Corp;CLUSTERED;1;1;0;0;4;CuentaNivel1;0;0;0;0
EstFi_CtaPorPagar_Nivel2_Corp;PK_EstFi_CtaPorPagar_Nivel2_Corp;CLUSTERED;1;1;0;0;1;AnoProceso;0;0;0;0
EstFi_CtaPorPagar_Nivel2_Corp;PK_EstFi_CtaPorPagar_Nivel2_Corp;CLUSTERED;1;1;0;0;2;CodigoArea;0;0;0;0
EstFi_CtaPorPagar_Nivel2_Corp;PK_EstFi_CtaPorPagar_Nivel2_Corp;CLUSTERED;1;1;0;0;3;TipoCuenta;0;0;0;0
EstFi_CtaPorPagar_Nivel2_Corp;PK_EstFi_CtaPorPagar_Nivel2_Corp;CLUSTERED;1;1;0;0;4;CuentaNivel1;0;0;0;0
EstFi_CtaPorPagar_Nivel2_Corp;PK_EstFi_CtaPorPagar_Nivel2_Corp;CLUSTERED;1;1;0;0;5;CuentaNivel2;0;0;0;0
EstFi_CtaPorPagar_Nivel3_Corp;PK_EstFi_CtaPorPagar_Nivel3_Corp;CLUSTERED;1;1;0;0;1;AnoProceso;0;0;0;0
EstFi_CtaPorPagar_Nivel3_Corp;PK_EstFi_CtaPorPagar_Nivel3_Corp;CLUSTERED;1;1;0;0;2;CodigoArea;0;0;0;0
EstFi_CtaPorPagar_Nivel3_Corp;PK_EstFi_CtaPorPagar_Nivel3_Corp;CLUSTERED;1;1;0;0;3;TipoCuenta;0;0;0;0
EstFi_CtaPorPagar_Nivel3_Corp;PK_EstFi_CtaPorPagar_Nivel3_Corp;CLUSTERED;1;1;0;0;4;CuentaNivel1;0;0;0;0
EstFi_CtaPorPagar_Nivel3_Corp;PK_EstFi_CtaPorPagar_Nivel3_Corp;CLUSTERED;1;1;0;0;5;CuentaNivel2;0;0;0;0
EstFi_CtaPorPagar_Nivel3_Corp;PK_EstFi_CtaPorPagar_Nivel3_Corp;CLUSTERED;1;1;0;0;6;CuentaNivel3;0;0;0;0
EstFi_ER_EstadoResultado;PK_EstFi_ER_EstadoResultado;CLUSTERED;1;1;0;0;1;AnoProceso;0;0;0;0
EstFi_ER_EstadoResultado;PK_EstFi_ER_EstadoResultado;CLUSTERED;1;1;0;0;2;CodigoArea;0;0;0;0
EstFi_ER_EstadoResultado;PK_EstFi_ER_EstadoResultado;CLUSTERED;1;1;0;0;3;TipoCuenta;0;0;0;0
EstFi_ER_EstadoResultado;PK_EstFi_ER_EstadoResultado;CLUSTERED;1;1;0;0;4;CuentaNivel1;0;0;0;0
EstFi_ER_EstadoResultado;PK_EstFi_ER_EstadoResultado;CLUSTERED;1;1;0;0;5;CuentaContable;0;0;0;0
EstFi_ER_EstadoResultado_Corp;PK_EstFi_ER_EstadoResultado_Corp;CLUSTERED;1;1;0;0;1;AnoProceso;0;0;0;0
EstFi_ER_EstadoResultado_Corp;PK_EstFi_ER_EstadoResultado_Corp;CLUSTERED;1;1;0;0;2;CodigoArea;0;0;0;0
EstFi_ER_EstadoResultado_Corp;PK_EstFi_ER_EstadoResultado_Corp;CLUSTERED;1;1;0;0;3;TipoCuenta;0;0;0;0
EstFi_ER_EstadoResultado_Corp;PK_EstFi_ER_EstadoResultado_Corp;CLUSTERED;1;1;0;0;4;CuentaNivel1;0;0;0;0
EstFi_ER_EstadoResultado_Corp;PK_EstFi_ER_EstadoResultado_Corp;CLUSTERED;1;1;0;0;5;CuentaContable;0;0;0;0
EstFi_ER_Nivel1;PK_EstFi_ER_Nivel1;CLUSTERED;1;1;0;0;1;AnoProceso;0;0;0;0
EstFi_ER_Nivel1;PK_EstFi_ER_Nivel1;CLUSTERED;1;1;0;0;2;CodigoArea;0;0;0;0
EstFi_ER_Nivel1;PK_EstFi_ER_Nivel1;CLUSTERED;1;1;0;0;3;TipoCuenta;0;0;0;0
EstFi_ER_Nivel1;PK_EstFi_ER_Nivel1;CLUSTERED;1;1;0;0;4;CuentaNivel1;0;0;0;0
EstFi_ER_Nivel1_Corp;PK_EstFi_ER_Nivel1_Corp;CLUSTERED;1;1;0;0;1;AnoProceso;0;0;0;0
EstFi_ER_Nivel1_Corp;PK_EstFi_ER_Nivel1_Corp;CLUSTERED;1;1;0;0;2;CodigoArea;0;0;0;0
EstFi_ER_Nivel1_Corp;PK_EstFi_ER_Nivel1_Corp;CLUSTERED;1;1;0;0;3;TipoCuenta;0;0;0;0
EstFi_ER_Nivel1_Corp;PK_EstFi_ER_Nivel1_Corp;CLUSTERED;1;1;0;0;4;CuentaNivel1;0;0;0;0
EstFi_ER_Nivel2;PK_EstFi_ER_Nivel2;CLUSTERED;1;1;0;0;1;AnoProceso;0;0;0;0
EstFi_ER_Nivel2;PK_EstFi_ER_Nivel2;CLUSTERED;1;1;0;0;2;CodigoArea;0;0;0;0
EstFi_ER_Nivel2;PK_EstFi_ER_Nivel2;CLUSTERED;1;1;0;0;3;TipoCuenta;0;0;0;0
EstFi_ER_Nivel2;PK_EstFi_ER_Nivel2;CLUSTERED;1;1;0;0;4;CuentaNivel1;0;0;0;0
EstFi_ER_Nivel2;PK_EstFi_ER_Nivel2;CLUSTERED;1;1;0;0;5;CuentaNivel2;0;0;0;0
EstFi_ER_Tipo;PK_EstFi_ER_Tipo;CLUSTERED;1;1;0;0;1;AnoProceso;0;0;0;0
EstFi_ER_Tipo;PK_EstFi_ER_Tipo;CLUSTERED;1;1;0;0;2;CodigoArea;0;0;0;0
EstFi_ER_Tipo;PK_EstFi_ER_Tipo;CLUSTERED;1;1;0;0;3;TipoCuenta;0;0;0;0
EstFi_ER_Tipo_Corp;PK_EstFi_ER_Tipo_Corp;CLUSTERED;1;1;0;0;1;AnoProceso;0;0;0;0
EstFi_ER_Tipo_Corp;PK_EstFi_ER_Tipo_Corp;CLUSTERED;1;1;0;0;2;CodigoArea;0;0;0;0
EstFi_ER_Tipo_Corp;PK_EstFi_ER_Tipo_Corp;CLUSTERED;1;1;0;0;3;TipoCuenta;0;0;0;0
EstFi_EstFlujoEfec_Informe;PK_EstFi_EstFlujoEfec_Informe;CLUSTERED;1;1;0;0;1;AnoProceso;0;0;0;0
EstFi_EstFlujoEfec_Informe;PK_EstFi_EstFlujoEfec_Informe;CLUSTERED;1;1;0;0;2;CodigoArea;0;0;0;0
EstFi_EstFlujoEfec_Informe;PK_EstFi_EstFlujoEfec_Informe;CLUSTERED;1;1;0;0;3;TipoCuenta;0;0;0;0
EstFi_EstFlujoEfec_Informe;PK_EstFi_EstFlujoEfec_Informe;CLUSTERED;1;1;0;0;4;CuentaNivel1;0;0;0;0
EstFi_EstFlujoEfec_Informe;PK_EstFi_EstFlujoEfec_Informe;CLUSTERED;1;1;0;0;5;CuentaNivel2;0;0;0;0
EstFi_EstFlujoEfec_Informe;PK_EstFi_EstFlujoEfec_Informe;CLUSTERED;1;1;0;0;6;CuentaContable;0;0;0;0
EstFi_EstFlujoEfec_Nivel1;PK_EstFi_EstFlujoEfec_Nivel1;CLUSTERED;1;1;0;0;1;AnoProceso;0;0;0;0
EstFi_EstFlujoEfec_Nivel1;PK_EstFi_EstFlujoEfec_Nivel1;CLUSTERED;1;1;0;0;2;CodigoArea;0;0;0;0
EstFi_EstFlujoEfec_Nivel1;PK_EstFi_EstFlujoEfec_Nivel1;CLUSTERED;1;1;0;0;3;TipoCuenta;0;0;0;0
EstFi_EstFlujoEfec_Nivel1;PK_EstFi_EstFlujoEfec_Nivel1;CLUSTERED;1;1;0;0;4;CuentaNivel1;0;0;0;0
EstFi_EstFlujoEfec_Nivel2;PK_EstFi_EstFlujoEfec_Nivel2;CLUSTERED;1;1;0;0;1;AnoProceso;0;0;0;0
EstFi_EstFlujoEfec_Nivel2;PK_EstFi_EstFlujoEfec_Nivel2;CLUSTERED;1;1;0;0;2;CodigoArea;0;0;0;0
EstFi_EstFlujoEfec_Nivel2;PK_EstFi_EstFlujoEfec_Nivel2;CLUSTERED;1;1;0;0;3;TipoCuenta;0;0;0;0
EstFi_EstFlujoEfec_Nivel2;PK_EstFi_EstFlujoEfec_Nivel2;CLUSTERED;1;1;0;0;4;CuentaNivel1;0;0;0;0
EstFi_EstFlujoEfec_Nivel2;PK_EstFi_EstFlujoEfec_Nivel2;CLUSTERED;1;1;0;0;5;CuentaNivel2;0;0;0;0
EstFi_EstFlujoEfec_Tipo;PK_EstFi_EstFlujoEfec_Tipo;CLUSTERED;1;1;0;0;1;AnoProceso;0;0;0;0
EstFi_EstFlujoEfec_Tipo;PK_EstFi_EstFlujoEfec_Tipo;CLUSTERED;1;1;0;0;2;CodigoArea;0;0;0;0
EstFi_EstFlujoEfec_Tipo;PK_EstFi_EstFlujoEfec_Tipo;CLUSTERED;1;1;0;0;3;TipoCuenta;0;0;0;0
EstFi_EVfondos_Informe;PK_EstFi_EVfondos_Informe;CLUSTERED;1;1;0;0;1;AnoProceso;0;0;0;0
EstFi_EVfondos_Informe;PK_EstFi_EVfondos_Informe;CLUSTERED;1;1;0;0;2;CodigoArea;0;0;0;0
EstFi_EVfondos_Informe;PK_EstFi_EVfondos_Informe;CLUSTERED;1;1;0;0;3;TipoCuenta;0;0;0;0
EstFi_EVfondos_Informe;PK_EstFi_EVfondos_Informe;CLUSTERED;1;1;0;0;4;CuentaNivel1;0;0;0;0
EstFi_EVfondos_Informe;PK_EstFi_EVfondos_Informe;CLUSTERED;1;1;0;0;5;CuentaContable;0;0;0;0
EstFi_EVfondos_Nivel1;PK_EstFi_EVfondos_Nivel1;CLUSTERED;1;1;0;0;1;AnoProceso;0;0;0;0
EstFi_EVfondos_Nivel1;PK_EstFi_EVfondos_Nivel1;CLUSTERED;1;1;0;0;2;CodigoArea;0;0;0;0
EstFi_EVfondos_Nivel1;PK_EstFi_EVfondos_Nivel1;CLUSTERED;1;1;0;0;3;TipoCuenta;0;0;0;0
EstFi_EVfondos_Nivel1;PK_EstFi_EVfondos_Nivel1;CLUSTERED;1;1;0;0;4;CuentaNivel1;0;0;0;0
EstFi_EVfondos_Tipo;PK_EstFi_EVfondos_Tipo;CLUSTERED;1;1;0;0;1;AnoProceso;0;0;0;0
EstFi_EVfondos_Tipo;PK_EstFi_EVfondos_Tipo;CLUSTERED;1;1;0;0;2;CodigoArea;0;0;0;0
EstFi_EVfondos_Tipo;PK_EstFi_EVfondos_Tipo;CLUSTERED;1;1;0;0;3;TipoCuenta;0;0;0;0
EstFi_SIT_Nivel1;PK_EstFi_SIT_Nivel1;CLUSTERED;1;1;0;0;1;AnoProceso;0;0;0;0
EstFi_SIT_Nivel1;PK_EstFi_SIT_Nivel1;CLUSTERED;1;1;0;0;2;CodigoArea;0;0;0;0
EstFi_SIT_Nivel1;PK_EstFi_SIT_Nivel1;CLUSTERED;1;1;0;0;3;CuentaNivel1;0;0;0;0
EstFi_SIT_PRESUPUESTARIA;PK_EstFi_SIT_PRESUPUESTARIA;CLUSTERED;1;1;0;0;1;AnoProceso;0;0;0;0
EstFi_SIT_PRESUPUESTARIA;PK_EstFi_SIT_PRESUPUESTARIA;CLUSTERED;1;1;0;0;2;CodigoArea;0;0;0;0
EstFi_SIT_PRESUPUESTARIA;PK_EstFi_SIT_PRESUPUESTARIA;CLUSTERED;1;1;0;0;3;CuentaNivel1;0;0;0;0
EstFi_SIT_PRESUPUESTARIA;PK_EstFi_SIT_PRESUPUESTARIA;CLUSTERED;1;1;0;0;4;CuentaContable;0;0;0;0
EstFi_Tipo_CtaPorPagar_Corp;PK_EstFi_Tipo_CtaPorPagar_Corp;CLUSTERED;1;1;0;0;1;AnoProceso;0;0;0;0
EstFi_Tipo_CtaPorPagar_Corp;PK_EstFi_Tipo_CtaPorPagar_Corp;CLUSTERED;1;1;0;0;2;CodigoArea;0;0;0;0
EstFi_Tipo_CtaPorPagar_Corp;PK_EstFi_Tipo_CtaPorPagar_Corp;CLUSTERED;1;1;0;0;3;TipoCuenta;0;0;0;0
EstFi_TipoCtaBalanceGral;PK_TipoCtaBalanceGral;CLUSTERED;1;1;0;0;1;AnoProceso;0;0;0;0
EstFi_TipoCtaBalanceGral;PK_TipoCtaBalanceGral;CLUSTERED;1;1;0;0;2;CodigoArea;0;0;0;0
EstFi_TipoCtaBalanceGral;PK_TipoCtaBalanceGral;CLUSTERED;1;1;0;0;3;TipoCuenta;0;0;0;0
EstFi_TipoCtaBalanceGral_Corp;PK_TipoCtaBalanceGral_Corp;CLUSTERED;1;1;0;0;1;AnoProceso;0;0;0;0
EstFi_TipoCtaBalanceGral_Corp;PK_TipoCtaBalanceGral_Corp;CLUSTERED;1;1;0;0;2;CodigoArea;0;0;0;0
EstFi_TipoCtaBalanceGral_Corp;PK_TipoCtaBalanceGral_Corp;CLUSTERED;1;1;0;0;3;TipoCuenta;0;0;0;0
Facturas_Rechazadas;PK__Facturas__C8495CEAD70A912E;CLUSTERED;1;1;0;0;1;Tipo_Documento;0;0;0;0
Facturas_Rechazadas;PK__Facturas__C8495CEAD70A912E;CLUSTERED;1;1;0;0;2;Numero_Documento;0;0;0;0
Facturas_Rechazadas;PK__Facturas__C8495CEAD70A912E;CLUSTERED;1;1;0;0;3;Rut;0;0;0;0
Facturas_Rechazadas;PK__Facturas__C8495CEAD70A912E;CLUSTERED;1;1;0;0;4;Codigo_Area;0;0;0;0
Ficha_Subvencion;PK_Ficha_Subvencion;CLUSTERED;1;1;0;0;1;Ano_Proceso;0;0;0;0
Ficha_Subvencion;PK_Ficha_Subvencion;CLUSTERED;1;1;0;0;2;Codigo_Area;0;0;0;0
Ficha_Subvencion;PK_Ficha_Subvencion;CLUSTERED;1;1;0;0;3;CodigoCuenta;0;0;0;0
Graficos_Cuentas;Ano;NONCLUSTERED;0;0;0;0;1;Ano_Proceso;0;0;0;0
Graficos_Cuentas;Area;NONCLUSTERED;0;0;0;0;1;Codigo_Area;0;0;0;0
Graficos_Cuentas;Correlativo;NONCLUSTERED;0;0;0;0;1;Correlativo;0;0;0;0
Graficos_Cuentas;Grafico;NONCLUSTERED;0;0;0;0;1;Grafico;0;0;0;0
Graficos_Cuentas;PK_Graficos_Cuentas;CLUSTERED;1;1;0;0;1;Codigo_Area;0;0;0;0
Graficos_Cuentas;PK_Graficos_Cuentas;CLUSTERED;1;1;0;0;2;Ano_Proceso;0;0;0;0
Graficos_Cuentas;PK_Graficos_Cuentas;CLUSTERED;1;1;0;0;3;Grafico;0;0;0;0
Graficos_Cuentas;PK_Graficos_Cuentas;CLUSTERED;1;1;0;0;4;Correlativo;0;0;0;0
Graficos_Detalle;Ano;NONCLUSTERED;0;0;0;0;1;Ano_Proceso;0;0;0;0
Graficos_Detalle;Area;NONCLUSTERED;0;0;0;0;1;Codigo_Area;0;0;0;0
Graficos_Detalle;Grafico;NONCLUSTERED;0;0;0;0;1;Grafico;0;0;0;0
Graficos_Detalle;PK_Graficos_Detalle;CLUSTERED;1;1;0;0;1;Codigo_Area;0;0;0;0
Graficos_Detalle;PK_Graficos_Detalle;CLUSTERED;1;1;0;0;2;Ano_Proceso;0;0;0;0
Graficos_Detalle;PK_Graficos_Detalle;CLUSTERED;1;1;0;0;3;Grafico;0;0;0;0
Graficos_Detalle;PK_Graficos_Detalle;CLUSTERED;1;1;0;0;4;Correlativo;0;0;0;0
Graficos_Tipos;Ano;NONCLUSTERED;0;0;0;0;1;Ano_Proceso;0;0;0;0
Graficos_Tipos;Area;NONCLUSTERED;0;0;0;0;1;Codigo_Area;0;0;0;0
Graficos_Tipos;Grafico;NONCLUSTERED;0;0;0;0;1;Grafico;0;0;0;0
Graficos_Tipos;PK_Graficos_Tipos;CLUSTERED;1;1;0;0;1;Codigo_Area;0;0;0;0
Graficos_Tipos;PK_Graficos_Tipos;CLUSTERED;1;1;0;0;2;Ano_Proceso;0;0;0;0
Graficos_Tipos;PK_Graficos_Tipos;CLUSTERED;1;1;0;0;3;Grafico;0;0;0;0
Honorario_Certificado;Honorario_Certificado_Rut;NONCLUSTERED;0;0;0;0;1;Rut;0;0;0;0
Honorario_Certificado;PK_Honorario_Certificado;CLUSTERED;1;1;0;0;1;Codigo_Area;0;0;0;0
Honorario_Certificado;PK_Honorario_Certificado;CLUSTERED;1;1;0;0;2;Ano_Proceso;0;0;0;0
Honorario_Certificado;PK_Honorario_Certificado;CLUSTERED;1;1;0;0;3;Rut;0;0;0;0
Honorario_Certificado;Rut;NONCLUSTERED;0;0;0;0;1;Rut;0;0;0;0
Honorarios;PK_Honorarios;CLUSTERED;1;1;0;0;1;Codigo_Area;0;0;0;0
Honorarios;PK_Honorarios;CLUSTERED;1;1;0;0;2;Ano_Proceso;0;0;0;0
Honorarios;PK_Honorarios;CLUSTERED;1;1;0;0;3;TipoComprobante;0;0;0;0
Honorarios;PK_Honorarios;CLUSTERED;1;1;0;0;4;Comprobante;0;0;0;0
Honorarios;PK_Honorarios;CLUSTERED;1;1;0;0;5;Fila_Numero;0;0;0;0
HonorariosCtaAreaGestion;PK_HonorariosCtaAreaGestion;CLUSTERED;1;1;0;0;1;Codigo_Area;0;0;0;0
HonorariosCtaAreaGestion;PK_HonorariosCtaAreaGestion;CLUSTERED;1;1;0;0;2;Ano_Proceso;0;0;0;0
HonorariosCtaAreaGestion;PK_HonorariosCtaAreaGestion;CLUSTERED;1;1;0;0;3;CodigoCuenta;0;0;0;0
HonorariosCtaAreaGestion;PK_HonorariosCtaAreaGestion;CLUSTERED;1;1;0;0;4;Codigo_AreaGestion;0;0;0;0
HonorariosCtaAreaGestion;PK_HonorariosCtaAreaGestion;CLUSTERED;1;1;0;0;5;Codigo_Programa;0;0;0;0
HonorariosCtaAreaGestion;PK_HonorariosCtaAreaGestion;CLUSTERED;1;1;0;0;6;Codigo_SubPrograma;0;0;0;0
HonorariosCtaAreaGestion;PK_HonorariosCtaAreaGestion;CLUSTERED;1;1;0;0;7;Id_ProyectoHonorario;0;0;0;0
Imputacion_Presupuestaria;PK_Imputacion_Presupuestaria;CLUSTERED;1;1;0;0;1;CodigoCuenta;0;0;0;0
Imputacion_Presupuestaria;PK_Imputacion_Presupuestaria;CLUSTERED;1;1;0;0;2;CodigoArea;0;0;0;0
Imputacion_Presupuestaria;PK_Imputacion_Presupuestaria;CLUSTERED;1;1;0;0;3;AnoProceso;0;0;0;0
ModificacionPresupuestaria_Activa;PK_ModificacionPresupuestaria_Activa;CLUSTERED;1;1;0;0;1;Numero_Comprobante;0;0;0;0
ModificacionPresupuestaria_Activa;PK_ModificacionPresupuestaria_Activa;CLUSTERED;1;1;0;0;2;Codigo_Area;0;0;0;0
ModificacionPresupuestaria_Activa;PK_ModificacionPresupuestaria_Activa;CLUSTERED;1;1;0;0;3;Ano_Proceso;0;0;0;0
Montos_AreadeGestion;IX_Montos_AreadeGestion;NONCLUSTERED;0;0;0;0;0;Ano_proceso;0;1;0;0
Montos_AreadeGestion;IX_Montos_AreadeGestion;NONCLUSTERED;0;0;0;0;0;Comprobante;0;1;0;0
Montos_AreadeGestion;IX_Montos_AreadeGestion;NONCLUSTERED;0;0;0;0;0;Codigocuenta;0;1;0;0
Montos_AreadeGestion;IX_Montos_AreadeGestion;NONCLUSTERED;0;0;0;0;1;Codigo_Area;0;0;0;0
Montos_AreadeGestion;IX_Montos_AreadeGestion;NONCLUSTERED;0;0;0;0;2;Tipocomprobante;0;0;0;0
Montos_AreadeGestion;IX_Montos_AreadeGestion;NONCLUSTERED;0;0;0;0;3;Codigo_AreaGestion;0;0;0;0
Montos_AreadeGestion;IX_Montos_AreadeGestion;NONCLUSTERED;0;0;0;0;4;Codigo_Programa;0;0;0;0
Montos_AreadeGestion;IX_Montos_AreadeGestion;NONCLUSTERED;0;0;0;0;5;Codigo_SubPrograma;0;0;0;0
Montos_AreadeGestion_Ingresos;PK_Montos_AreadeGestion_Ingresos;CLUSTERED;1;1;0;0;1;Codigo_Area;0;0;0;0
Montos_AreadeGestion_Ingresos;PK_Montos_AreadeGestion_Ingresos;CLUSTERED;1;1;0;0;2;Ano_proceso;0;0;0;0
Montos_AreadeGestion_Ingresos;PK_Montos_AreadeGestion_Ingresos;CLUSTERED;1;1;0;0;3;Tipocomprobante;0;0;0;0
Montos_AreadeGestion_Ingresos;PK_Montos_AreadeGestion_Ingresos;CLUSTERED;1;1;0;0;4;Comprobante;0;0;0;0
Montos_AreadeGestion_Ingresos;PK_Montos_AreadeGestion_Ingresos;CLUSTERED;1;1;0;0;5;Codigo_AreaGestion;0;0;0;0
Montos_AreadeGestion_Ingresos;PK_Montos_AreadeGestion_Ingresos;CLUSTERED;1;1;0;0;6;Codigo_Programa;0;0;0;0
Montos_AreadeGestion_Ingresos;PK_Montos_AreadeGestion_Ingresos;CLUSTERED;1;1;0;0;7;Codigo_SubPrograma;0;0;0;0
Montos_AreadeGestion_Ingresos;PK_Montos_AreadeGestion_Ingresos;CLUSTERED;1;1;0;0;8;Fila_Numero;0;0;0;0
Montos_AreadeGestionTraspaso;PK_Montos_AreadeGestionTraspaso;CLUSTERED;1;1;0;0;1;Codigo_Area;0;0;0;0
Montos_AreadeGestionTraspaso;PK_Montos_AreadeGestionTraspaso;CLUSTERED;1;1;0;0;2;Ano_proceso;0;0;0;0
Montos_AreadeGestionTraspaso;PK_Montos_AreadeGestionTraspaso;CLUSTERED;1;1;0;0;3;Tipocomprobante;0;0;0;0
Montos_AreadeGestionTraspaso;PK_Montos_AreadeGestionTraspaso;CLUSTERED;1;1;0;0;4;Comprobante;0;0;0;0
Montos_AreadeGestionTraspaso;PK_Montos_AreadeGestionTraspaso;CLUSTERED;1;1;0;0;5;Codigo_AreaGestion;0;0;0;0
Montos_AreadeGestionTraspaso;PK_Montos_AreadeGestionTraspaso;CLUSTERED;1;1;0;0;6;Codigo_Programa;0;0;0;0
Montos_AreadeGestionTraspaso;PK_Montos_AreadeGestionTraspaso;CLUSTERED;1;1;0;0;7;Codigo_SubPrograma;0;0;0;0
Montos_AreadeGestionTraspaso;PK_Montos_AreadeGestionTraspaso;CLUSTERED;1;1;0;0;8;Fila_Numero;0;0;0;0
Montos_Centro_Costos;Montos_Centro_costos_indices;NONCLUSTERED;0;0;0;0;1;Codigo_Area;0;0;0;0
Montos_Centro_Costos;Montos_Centro_costos_indices;NONCLUSTERED;0;0;0;0;2;Ano_proceso;0;0;0;0
Montos_Centro_Costos;Montos_Centro_costos_indices;NONCLUSTERED;0;0;0;0;3;TipoComprobante;0;0;0;0
Montos_Centro_Costos;Montos_Centro_costos_indices;NONCLUSTERED;0;0;0;0;4;Comprobante;0;0;0;0
NumeracionComprobantes;PK_NumeracionComprobantes;CLUSTERED;1;1;0;0;1;Codigo_Area;0;0;0;0
NumeracionComprobantes;PK_NumeracionComprobantes;CLUSTERED;1;1;0;0;2;Ano_Proceso;0;0;0;0
NumeracionComprobantes;PK_NumeracionComprobantes;CLUSTERED;1;1;0;0;3;TipoComprobante;0;0;0;0
OMIL;PK_OMIL;CLUSTERED;1;1;0;0;1;Numero_Ingreso;0;0;0;0
Otra_Glosa_Decreto;Ano;NONCLUSTERED;0;0;0;0;1;Ano_Proceso;0;0;0;0
Otra_Glosa_Decreto;Area;NONCLUSTERED;0;0;0;0;1;Codigo_Area;0;0;0;0
Otra_Glosa_Decreto;Decreto;NONCLUSTERED;0;0;0;0;1;NumeroDecreto;0;0;0;0
Otra_Glosa_Decreto;idx_NumeroDecreto;NONCLUSTERED;0;0;0;0;1;NumeroDecreto;0;0;0;0
Otra_Glosa_Decreto;PK_Otra_Glosa_Decreto;CLUSTERED;1;1;0;0;1;Codigo_Area;0;0;0;0
Otra_Glosa_Decreto;PK_Otra_Glosa_Decreto;CLUSTERED;1;1;0;0;2;Ano_Proceso;0;0;0;0
Otra_Glosa_Decreto;PK_Otra_Glosa_Decreto;CLUSTERED;1;1;0;0;3;NumeroDecreto;0;0;0;0
PagadosEnDecreto;Ano;NONCLUSTERED;0;0;0;0;1;Ano_Proceso;0;0;0;0
PagadosEnDecreto;Area;NONCLUSTERED;0;0;0;0;1;Codigo_Area;0;0;0;0
PagadosEnDecreto;Cuenta;NONCLUSTERED;0;0;0;0;1;CodigoCuenta;0;0;0;0
PagadosEnDecreto;Decreto;NONCLUSTERED;0;0;0;0;1;NumeroDecreto;0;0;0;0
PagadosEnDecreto;Fila;NONCLUSTERED;0;0;0;0;1;Fila_Numero;0;0;0;0
PagadosEnDecreto;PK_PagadosEnDecreto;CLUSTERED;1;1;0;0;1;Codigo_Area;0;0;0;0
PagadosEnDecreto;PK_PagadosEnDecreto;CLUSTERED;1;1;0;0;2;Ano_Proceso;0;0;0;0
PagadosEnDecreto;PK_PagadosEnDecreto;CLUSTERED;1;1;0;0;3;NumeroDecreto;0;0;0;0
PagadosEnDecreto;PK_PagadosEnDecreto;CLUSTERED;1;1;0;0;4;Fila_Numero;0;0;0;0
Parametros;PK_Parametros;CLUSTERED;1;1;0;0;1;Ano_Proceso;0;0;0;0
Parametros;PK_Parametros;CLUSTERED;1;1;0;0;2;Codigo_Area;0;0;0;0
ParametrosComprobante;PK_ParametrosComprobante;CLUSTERED;1;1;0;0;1;Codigo_Area;0;0;0;0
ParametrosComprobante;PK_ParametrosComprobante;CLUSTERED;1;1;0;0;2;TipoComprobante;0;0;0;0
ParametrosComprobantesFirmas;PK_ParametrosComprobantesFirmas;CLUSTERED;1;1;0;0;1;TipoComprobante;0;0;0;0
ParametrosComprobantesFirmas;PK_ParametrosComprobantesFirmas;CLUSTERED;1;1;0;0;2;IdFirma;0;0;0;0
ParametrosComprobantesFirmas;PK_ParametrosComprobantesFirmas;CLUSTERED;1;1;0;0;3;Codigo_Area;0;0;0;0
ParametrosComprobantesFirmas;PK_ParametrosComprobantesFirmas;CLUSTERED;1;1;0;0;4;Ano_Proceso;0;0;0;0
Personas_En_Contratos;PK_PersEnContratos;CLUSTERED;1;1;0;0;1;Codigo_Area;0;0;0;0
Personas_En_Contratos;PK_PersEnContratos;CLUSTERED;1;1;0;0;2;Ano_Contrato;0;0;0;0
Personas_En_Contratos;PK_PersEnContratos;CLUSTERED;1;1;0;0;3;NumeroContrato;0;0;0;0
Personas_En_Contratos;PK_PersEnContratos;CLUSTERED;1;1;0;0;4;Fila_Numero;0;0;0;0
Personas_En_Decretos;PK_Personas_En_Decretos;CLUSTERED;1;1;0;0;1;Codigo_Area;0;0;0;0
Personas_En_Decretos;PK_Personas_En_Decretos;CLUSTERED;1;1;0;0;2;Ano_Proceso;0;0;0;0
Personas_En_Decretos;PK_Personas_En_Decretos;CLUSTERED;1;1;0;0;3;NumeroDecreto;0;0;0;0
Personas_En_Decretos;PK_Personas_En_Decretos;CLUSTERED;1;1;0;0;4;Fila_Numero;0;0;0;0
Pies_Firmas_Decreto;PK_Pies_Firmas_Decreto;CLUSTERED;1;1;0;0;1;Codigo_Area;0;0;0;0
Pies_Firmas_Decreto;PK_Pies_Firmas_Decreto;CLUSTERED;1;1;0;0;2;Ano_Proceso;0;0;0;0
Pies_Firmas_Decreto;PK_Pies_Firmas_Decreto;CLUSTERED;1;1;0;0;3;NumeroDecreto;0;0;0;0
PlanDeCuentas;Agregado;NONCLUSTERED;0;0;0;0;1;Agregado;0;0;0;0
PlanDeCuentas;Analitico;NONCLUSTERED;0;0;0;0;1;Analitico;0;0;0;0
PlanDeCuentas;Ano;NONCLUSTERED;0;0;0;0;1;Ano_Proceso;0;0;0;0
PlanDeCuentas;Area;NONCLUSTERED;0;0;0;0;1;Codigo_Area;0;0;0;0
PlanDeCuentas;Cuenta;NONCLUSTERED;0;0;0;0;1;CodigoCuenta;0;0;0;0
PlanDeCuentas;Descripcion;NONCLUSTERED;0;0;0;0;1;Descripcion;0;0;0;0
PlanDeCuentas;PK_PlanDeCuentas;CLUSTERED;1;1;0;0;1;Ano_Proceso;0;0;0;0
PlanDeCuentas;PK_PlanDeCuentas;CLUSTERED;1;1;0;0;2;Codigo_Area;0;0;0;0
PlanDeCuentas;PK_PlanDeCuentas;CLUSTERED;1;1;0;0;3;CodigoCuenta;0;0;0;0
PlanDeCuentas;TipoCuenta;NONCLUSTERED;0;0;0;0;1;TipoCuenta;0;0;0;0
PlanDeCuentas_CONTRALORIA;PK_PlanDeCuentas_CONTRALORIA;CLUSTERED;1;1;0;0;1;Ano_Proceso;0;0;0;0
PlanDeCuentas_CONTRALORIA;PK_PlanDeCuentas_CONTRALORIA;CLUSTERED;1;1;0;0;2;Codigo_Area;0;0;0;0
PlanDeCuentas_CONTRALORIA;PK_PlanDeCuentas_CONTRALORIA;CLUSTERED;1;1;0;0;3;CodigoCuenta;0;0;0;0
PlanDeCuentasContraloria_2021;PK_PlanDeCuentasContraloria_2021;CLUSTERED;1;1;0;0;1;Ano_Proceso;0;0;0;0
PlanDeCuentasContraloria_2021;PK_PlanDeCuentasContraloria_2021;CLUSTERED;1;1;0;0;2;Codigo_Area;0;0;0;0
PlanDeCuentasContraloria_2021;PK_PlanDeCuentasContraloria_2021;CLUSTERED;1;1;0;0;3;CodigoCuenta;0;0;0;0
Planificacion_DetalleObligaciones;PK_Plani_DetalleObliga;CLUSTERED;1;1;0;0;1;Codigo_Area;0;0;0;0
Planificacion_DetalleObligaciones;PK_Plani_DetalleObliga;CLUSTERED;1;1;0;0;2;Ano_Proceso;0;0;0;0
Planificacion_DetalleObligaciones;PK_Plani_DetalleObliga;CLUSTERED;1;1;0;0;3;ComprobanteObligado;0;0;0;0
Planificacion_DetalleObligaciones;PK_Plani_DetalleObliga;CLUSTERED;1;1;0;0;4;Fila_Numero;0;0;0;0
Planificacion_DetalleObligado_Parcial;PK_Planificacion_DetalleObligado_Parcial;CLUSTERED;1;1;0;0;1;Codigo_Area;0;0;0;0
Planificacion_DetalleObligado_Parcial;PK_Planificacion_DetalleObligado_Parcial;CLUSTERED;1;1;0;0;2;Ano_Proceso;0;0;0;0
Planificacion_DetalleObligado_Parcial;PK_Planificacion_DetalleObligado_Parcial;CLUSTERED;1;1;0;0;3;PreObligado;0;0;0;0
Planificacion_DetalleObligado_Parcial;PK_Planificacion_DetalleObligado_Parcial;CLUSTERED;1;1;0;0;4;ComprobanteObligado;0;0;0;0
Planificacion_DetalleObligado_Parcial;PK_Planificacion_DetalleObligado_Parcial;CLUSTERED;1;1;0;0;5;Fila_Numero;0;0;0;0
Planificacion_DetModPresupues_CentroCosto;PK_Planificacion_DetModPresupues_CentroCosto;CLUSTERED;1;1;0;0;1;Codigo_Area;0;0;0;0
Planificacion_DetModPresupues_CentroCosto;PK_Planificacion_DetModPresupues_CentroCosto;CLUSTERED;1;1;0;0;2;Ano_Proceso;0;0;0;0
Planificacion_DetModPresupues_CentroCosto;PK_Planificacion_DetModPresupues_CentroCosto;CLUSTERED;1;1;0;0;3;Comprobante;0;0;0;0
Planificacion_DetModPresupues_CentroCosto;PK_Planificacion_DetModPresupues_CentroCosto;CLUSTERED;1;1;0;0;4;Codigo_Centro_Costo;0;0;0;0
Planificacion_DetModPresupues_CentroCosto;PK_Planificacion_DetModPresupues_CentroCosto;CLUSTERED;1;1;0;0;5;CodigoCuenta;0;0;0;0
Planificacion_DetModPresupues_CentroCosto;PK_Planificacion_DetModPresupues_CentroCosto;CLUSTERED;1;1;0;0;6;Fila;0;0;0;0
Planificacion_EncabezadoModificacionesPresup;PK_EncabezadoModificacionesPresupuestaria;CLUSTERED;1;1;0;0;1;Codigo_Area;0;0;0;0
Planificacion_EncabezadoModificacionesPresup;PK_EncabezadoModificacionesPresupuestaria;CLUSTERED;1;1;0;0;2;Ano_proceso;0;0;0;0
Planificacion_EncabezadoModificacionesPresup;PK_EncabezadoModificacionesPresupuestaria;CLUSTERED;1;1;0;0;3;Comprobante;0;0;0;0
Planificacion_EncabezadoObligaciones;PK_Plani_EncabeObliga;CLUSTERED;1;1;0;0;1;Codigo_Area;0;0;0;0
Planificacion_EncabezadoObligaciones;PK_Plani_EncabeObliga;CLUSTERED;1;1;0;0;2;Ano_Proceso;0;0;0;0
Planificacion_EncabezadoObligaciones;PK_Plani_EncabeObliga;CLUSTERED;1;1;0;0;3;ComprobanteObligado;0;0;0;0
Planificacion_Montos_AreadeGestion;PK_Plani_MontosAreaGestion;CLUSTERED;1;1;0;0;1;Codigo_Area;0;0;0;0
Planificacion_Montos_AreadeGestion;PK_Plani_MontosAreaGestion;CLUSTERED;1;1;0;0;2;Ano_proceso;0;0;0;0
Planificacion_Montos_AreadeGestion;PK_Plani_MontosAreaGestion;CLUSTERED;1;1;0;0;3;Tipocomprobante;0;0;0;0
Planificacion_Montos_AreadeGestion;PK_Plani_MontosAreaGestion;CLUSTERED;1;1;0;0;4;Comprobante;0;0;0;0
Planificacion_Montos_AreadeGestion;PK_Plani_MontosAreaGestion;CLUSTERED;1;1;0;0;5;Codigocuenta;0;0;0;0
Planificacion_Montos_AreadeGestion;PK_Plani_MontosAreaGestion;CLUSTERED;1;1;0;0;6;Codigo_AreaGestion;0;0;0;0
Planificacion_Montos_AreadeGestion;PK_Plani_MontosAreaGestion;CLUSTERED;1;1;0;0;7;Codigo_Programa;0;0;0;0
Planificacion_Montos_AreadeGestion;PK_Plani_MontosAreaGestion;CLUSTERED;1;1;0;0;8;Fila_Numero;0;0;0;0
Planificacion_Montos_Centro_Costos;Pk_Plani_Montos_Centro_Costos;CLUSTERED;1;1;0;0;1;Codigo_Area;0;0;0;0
Planificacion_Montos_Centro_Costos;Pk_Plani_Montos_Centro_Costos;CLUSTERED;1;1;0;0;2;Ano_proceso;0;0;0;0
Planificacion_Montos_Centro_Costos;Pk_Plani_Montos_Centro_Costos;CLUSTERED;1;1;0;0;3;TipoComprobante;0;0;0;0
Planificacion_Montos_Centro_Costos;Pk_Plani_Montos_Centro_Costos;CLUSTERED;1;1;0;0;4;Comprobante;0;0;0;0
Planificacion_Montos_Centro_Costos;Pk_Plani_Montos_Centro_Costos;CLUSTERED;1;1;0;0;5;CodigoCuenta;0;0;0;0
Planificacion_Montos_Centro_Costos;Pk_Plani_Montos_Centro_Costos;CLUSTERED;1;1;0;0;6;Codigo_Centro_Costo;0;0;0;0
Planificacion_Montos_Centro_Costos;Pk_Plani_Montos_Centro_Costos;CLUSTERED;1;1;0;0;7;Fila_Numero;0;0;0;0
Planificacion_Presupuesto;PK_Planificacion_Presupuesto;CLUSTERED;1;1;0;0;1;Ano_Proceso;0;0;0;0
Planificacion_Presupuesto;PK_Planificacion_Presupuesto;CLUSTERED;1;1;0;0;2;Codigo_Area;0;0;0;0
Planificacion_Presupuesto;PK_Planificacion_Presupuesto;CLUSTERED;1;1;0;0;3;CodigoCuenta;0;0;0;0
Planificacion_Real_Acumulada;PK_Planificacion_Real_Acumulada;CLUSTERED;1;1;0;0;1;Ano_Proceso;0;0;0;0
Planificacion_Real_Acumulada;PK_Planificacion_Real_Acumulada;CLUSTERED;1;1;0;0;2;Codigo_Area;0;0;0;0
Planificacion_Real_Acumulada;PK_Planificacion_Real_Acumulada;CLUSTERED;1;1;0;0;3;CodigoCuenta;0;0;0;0
Planificacion_Temporal_DetModPresupues_CentroCosto;PK_Planificacion_Temporal_DetModPresupues_CentroCosto;CLUSTERED;1;1;0;0;1;Codigo_Area;0;0;0;0
Planificacion_Temporal_DetModPresupues_CentroCosto;PK_Planificacion_Temporal_DetModPresupues_CentroCosto;CLUSTERED;1;1;0;0;2;Ano_Proceso;0;0;0;0
Planificacion_Temporal_DetModPresupues_CentroCosto;PK_Planificacion_Temporal_DetModPresupues_CentroCosto;CLUSTERED;1;1;0;0;3;Comprobante;0;0;0;0
Planificacion_Temporal_DetModPresupues_CentroCosto;PK_Planificacion_Temporal_DetModPresupues_CentroCosto;CLUSTERED;1;1;0;0;4;Codigo_Centro_Costo;0;0;0;0
Planificacion_Temporal_DetModPresupues_CentroCosto;PK_Planificacion_Temporal_DetModPresupues_CentroCosto;CLUSTERED;1;1;0;0;5;CodigoCuenta;0;0;0;0
Planificacion_Temporal_DetModPresupues_CentroCosto;PK_Planificacion_Temporal_DetModPresupues_CentroCosto;CLUSTERED;1;1;0;0;6;Fila;0;0;0;0
Presupuesto_Mensual;PK_Presupuesto_Mensual;CLUSTERED;1;1;0;0;1;Codigo_Area;0;0;0;0
Presupuesto_Mensual;PK_Presupuesto_Mensual;CLUSTERED;1;1;0;0;2;Ano_Proceso;0;0;0;0
Presupuesto_Mensual;PK_Presupuesto_Mensual;CLUSTERED;1;1;0;0;3;Mes;0;0;0;0
Presupuesto_Mensual;PK_Presupuesto_Mensual;CLUSTERED;1;1;0;0;4;CodigoCuenta;0;0;0;0
PresupuestoInicial;Ano;NONCLUSTERED;0;0;0;0;1;Ano_Proceso;0;0;0;0
PresupuestoInicial;Area;NONCLUSTERED;0;0;0;0;1;Codigo_Area;0;0;0;0
PresupuestoInicial;Cuenta;NONCLUSTERED;0;0;0;0;1;CodigoCuenta;0;0;0;0
PresupuestoInicial;PK_PresupuestoInicial;CLUSTERED;1;1;0;0;1;Ano_Proceso;0;0;0;0
PresupuestoInicial;PK_PresupuestoInicial;CLUSTERED;1;1;0;0;2;Codigo_Area;0;0;0;0
PresupuestoInicial;PK_PresupuestoInicial;CLUSTERED;1;1;0;0;3;CodigoCuenta;0;0;0;0
PresupuestoInicialAreadeGestion;PK_PresupuestoInicialAreadeGestion;NONCLUSTERED;1;1;0;0;1;Codigo_Area;0;0;0;0
PresupuestoInicialAreadeGestion;PK_PresupuestoInicialAreadeGestion;NONCLUSTERED;1;1;0;0;2;Ano_Proceso;0;0;0;0
PresupuestoInicialAreadeGestion;PK_PresupuestoInicialAreadeGestion;NONCLUSTERED;1;1;0;0;3;Codigo_AreaGestion;0;0;0;0
PresupuestoInicialAreadeGestion;PK_PresupuestoInicialAreadeGestion;NONCLUSTERED;1;1;0;0;4;Codigo_Programa;0;0;0;0
PresupuestoInicialAreadeGestion;PK_PresupuestoInicialAreadeGestion;NONCLUSTERED;1;1;0;0;5;Codigo_SubPrograma;0;0;0;0
PresupuestoInicialAreadeGestion;PK_PresupuestoInicialAreadeGestion;NONCLUSTERED;1;1;0;0;6;CodigoCuenta;0;0;0;0
PresupuestoInicialCC;PK_PresupuestoInicialCC;CLUSTERED;1;1;0;0;1;Codigo_Area;0;0;0;0
PresupuestoInicialCC;PK_PresupuestoInicialCC;CLUSTERED;1;1;0;0;2;Ano_Proceso;0;0;0;0
PresupuestoInicialCC;PK_PresupuestoInicialCC;CLUSTERED;1;1;0;0;3;Codigo_Centro_Costo;0;0;0;0
PresupuestoInicialCC;PK_PresupuestoInicialCC;CLUSTERED;1;1;0;0;4;CodigoCuenta;0;0;0;0
ProgramaAreadeGestion;PK_ProgramaAreadeGestion;NONCLUSTERED;1;1;0;0;1;Codigo_Area;0;0;0;0
ProgramaAreadeGestion;PK_ProgramaAreadeGestion;NONCLUSTERED;1;1;0;0;2;Ano_Proceso;0;0;0;0
ProgramaAreadeGestion;PK_ProgramaAreadeGestion;NONCLUSTERED;1;1;0;0;3;Codigo_AreaGestion;0;0;0;0
ProgramaAreadeGestion;PK_ProgramaAreadeGestion;NONCLUSTERED;1;1;0;0;4;Codigo_Programa;0;0;0;0
Proyectos_FondosAdmis;PK_Proyectos_FondosAdmis;CLUSTERED;1;1;0;0;1;Codigo_Area;0;0;0;0
Proyectos_FondosAdmis;PK_Proyectos_FondosAdmis;CLUSTERED;1;1;0;0;2;Ano_Proceso;0;0;0;0
Proyectos_FondosAdmis;PK_Proyectos_FondosAdmis;CLUSTERED;1;1;0;0;3;TipoComprobante;0;0;0;0
Proyectos_FondosAdmis;PK_Proyectos_FondosAdmis;CLUSTERED;1;1;0;0;4;Comprobante;0;0;0;0
Proyectos_FondosAdmis;PK_Proyectos_FondosAdmis;CLUSTERED;1;1;0;0;5;TipoCuentaCorriente;0;0;0;0
Relacion_Cuentas_Cierre;PK_Relacion_Cuentas_Cierre;NONCLUSTERED;1;1;0;0;1;Ano_Proceso;0;0;0;0
Relacion_Cuentas_Cierre;PK_Relacion_Cuentas_Cierre;NONCLUSTERED;1;1;0;0;2;Codigo_Area;0;0;0;0
Relacion_Cuentas_Cierre;PK_Relacion_Cuentas_Cierre;NONCLUSTERED;1;1;0;0;3;Cta_Pres;0;0;0;0
Relacion_Cuentas_Comprobantes;Ano_Proceso;NONCLUSTERED;0;0;0;0;1;Ano_Proceso;0;0;0;0
Relacion_Cuentas_Comprobantes;Codigo_Area;NONCLUSTERED;0;0;0;0;1;Codigo_Area;0;0;0;0
Relacion_Cuentas_Comprobantes;Cta_Pres;NONCLUSTERED;0;0;0;0;1;Cta_Pres;0;0;0;0
Relacion_Cuentas_Comprobantes;PK_Relacion_Cuentas_Comprobantes;CLUSTERED;1;1;0;0;1;Ano_Proceso;0;0;0;0
Relacion_Cuentas_Comprobantes;PK_Relacion_Cuentas_Comprobantes;CLUSTERED;1;1;0;0;2;Codigo_Area;0;0;0;0
Relacion_Cuentas_Comprobantes;PK_Relacion_Cuentas_Comprobantes;CLUSTERED;1;1;0;0;3;Cta_Pres;0;0;0;0
Relacion_CuentaSubProgramaAreadeGestion;PK_Relacion_CuentaSubProgramaAreadeGestion;CLUSTERED;1;1;0;0;1;Codigo_Area;0;0;0;0
Relacion_CuentaSubProgramaAreadeGestion;PK_Relacion_CuentaSubProgramaAreadeGestion;CLUSTERED;1;1;0;0;2;Ano_Proceso;0;0;0;0
Relacion_CuentaSubProgramaAreadeGestion;PK_Relacion_CuentaSubProgramaAreadeGestion;CLUSTERED;1;1;0;0;3;Codigo_AreaGestion;0;0;0;0
Relacion_CuentaSubProgramaAreadeGestion;PK_Relacion_CuentaSubProgramaAreadeGestion;CLUSTERED;1;1;0;0;4;Codigo_Programa;0;0;0;0
Relacion_CuentaSubProgramaAreadeGestion;PK_Relacion_CuentaSubProgramaAreadeGestion;CLUSTERED;1;1;0;0;5;Codigo_SubPrograma;0;0;0;0
Relacion_CuentaSubProgramaAreadeGestion;PK_Relacion_CuentaSubProgramaAreadeGestion;CLUSTERED;1;1;0;0;6;CodigoCuenta;0;0;0;0
RelacionCuentaDevengadoDecreto;PK_RelCuentaDevDeto;CLUSTERED;1;1;0;0;1;Codigo_Area;0;0;0;0
RelacionCuentaDevengadoDecreto;PK_RelCuentaDevDeto;CLUSTERED;1;1;0;0;2;Ano_Proceso;0;0;0;0
RelacionCuentaDevengadoDecreto;PK_RelCuentaDevDeto;CLUSTERED;1;1;0;0;3;TipoComprobante;0;0;0;0
RelacionCuentaDevengadoDecreto;PK_RelCuentaDevDeto;CLUSTERED;1;1;0;0;4;Comprobante;0;0;0;0
RelacionCuentaDevengadoDecreto;PK_RelCuentaDevDeto;CLUSTERED;1;1;0;0;5;Decreto;0;0;0;0
RelacionCuentaDevengadoDecreto;PK_RelCuentaDevDeto;CLUSTERED;1;1;0;0;6;CodigoCuenta;0;0;0;0
RelacionCuentaDevengadoDecretoAreaGestion;PK_RelacionCuentaDevengadoDecretoAreaGestion;CLUSTERED;1;1;0;0;1;Codigo_Area;0;0;0;0
RelacionCuentaDevengadoDecretoAreaGestion;PK_RelacionCuentaDevengadoDecretoAreaGestion;CLUSTERED;1;1;0;0;2;Ano_Proceso;0;0;0;0
RelacionCuentaDevengadoDecretoAreaGestion;PK_RelacionCuentaDevengadoDecretoAreaGestion;CLUSTERED;1;1;0;0;3;TipoComprobante;0;0;0;0
RelacionCuentaDevengadoDecretoAreaGestion;PK_RelacionCuentaDevengadoDecretoAreaGestion;CLUSTERED;1;1;0;0;4;Comprobante;0;0;0;0
RelacionCuentaDevengadoDecretoAreaGestion;PK_RelacionCuentaDevengadoDecretoAreaGestion;CLUSTERED;1;1;0;0;5;Codigo_AreaGestion;0;0;0;0
RelacionCuentaDevengadoDecretoAreaGestion;PK_RelacionCuentaDevengadoDecretoAreaGestion;CLUSTERED;1;1;0;0;6;Codigo_Programa;0;0;0;0
RelacionCuentaDevengadoDecretoAreaGestion;PK_RelacionCuentaDevengadoDecretoAreaGestion;CLUSTERED;1;1;0;0;7;Codigo_SubPrograma;0;0;0;0
RelacionCuentaDevengadoDecretoAreaGestion;PK_RelacionCuentaDevengadoDecretoAreaGestion;CLUSTERED;1;1;0;0;8;Decreto;0;0;0;0
RelacionCuentaDevengadoDecretoAreaGestion;PK_RelacionCuentaDevengadoDecretoAreaGestion;CLUSTERED;1;1;0;0;9;CodigoCuenta;0;0;0;0
RelacionCuentasActivoFijo;PK_RelacionCuentasActivoFijo;NONCLUSTERED;1;1;0;0;1;Ano_Proceso;0;0;0;0
RelacionCuentasActivoFijo;PK_RelacionCuentasActivoFijo;NONCLUSTERED;1;1;0;0;2;Codigo_Area;0;0;0;0
RelacionCuentasActivoFijo;PK_RelacionCuentasActivoFijo;NONCLUSTERED;1;1;0;0;3;Cuenta_Bien;0;0;0;0
RelacionCuentasObligado;Ano;NONCLUSTERED;0;0;0;0;1;Ano_Proceso;0;0;0;0
RelacionCuentasObligado;Area;NONCLUSTERED;0;0;0;0;1;Codigo_Area;0;0;0;0
RelacionCuentasObligado;Cuenta;NONCLUSTERED;0;0;0;0;1;CodigoCuenta;0;0;0;0
RelacionCuentasObligado;Devengado;NONCLUSTERED;0;0;0;0;1;ComprobanteDevengado;0;0;0;0
RelacionCuentasObligado;Obligacion;NONCLUSTERED;0;0;0;0;1;ComprobanteObligado;0;0;0;0
RelacionCuentasObligado;PK_RelacionCuentasObligado;CLUSTERED;1;1;0;0;1;Codigo_Area;0;0;0;0
RelacionCuentasObligado;PK_RelacionCuentasObligado;CLUSTERED;1;1;0;0;2;Ano_Proceso;0;0;0;0
RelacionCuentasObligado;PK_RelacionCuentasObligado;CLUSTERED;1;1;0;0;3;TipoComprobante;0;0;0;0
RelacionCuentasObligado;PK_RelacionCuentasObligado;CLUSTERED;1;1;0;0;4;CodigoCuenta;0;0;0;0
RelacionCuentasObligado;PK_RelacionCuentasObligado;CLUSTERED;1;1;0;0;5;ComprobanteObligado;0;0;0;0
RelacionCuentasObligado;PK_RelacionCuentasObligado;CLUSTERED;1;1;0;0;6;ComprobanteDevengado;0;0;0;0
RelacionCuentasObligadoAreaGestion;PK_RelacionCuentasObligadoAreaGestion;CLUSTERED;1;1;0;0;1;Codigo_Area;0;0;0;0
RelacionCuentasObligadoAreaGestion;PK_RelacionCuentasObligadoAreaGestion;CLUSTERED;1;1;0;0;2;Ano_Proceso;0;0;0;0
RelacionCuentasObligadoAreaGestion;PK_RelacionCuentasObligadoAreaGestion;CLUSTERED;1;1;0;0;3;ComprobanteObligado;0;0;0;0
RelacionCuentasObligadoAreaGestion;PK_RelacionCuentasObligadoAreaGestion;CLUSTERED;1;1;0;0;4;CodigoCuenta;0;0;0;0
RelacionCuentasObligadoAreaGestion;PK_RelacionCuentasObligadoAreaGestion;CLUSTERED;1;1;0;0;5;TipoComprobante;0;0;0;0
RelacionCuentasObligadoAreaGestion;PK_RelacionCuentasObligadoAreaGestion;CLUSTERED;1;1;0;0;6;ComprobanteDevengado;0;0;0;0
RelacionCuentasObligadoAreaGestion;PK_RelacionCuentasObligadoAreaGestion;CLUSTERED;1;1;0;0;7;Codigo_AreaGestion;0;0;0;0
RelacionCuentasObligadoAreaGestion;PK_RelacionCuentasObligadoAreaGestion;CLUSTERED;1;1;0;0;8;Codigo_Programa;0;0;0;0
RelacionCuentasObligadoAreaGestion;PK_RelacionCuentasObligadoAreaGestion;CLUSTERED;1;1;0;0;9;Codigo_SubPrograma;0;0;0;0
RelacionCuentasObligadoAreaGestion;RelacionCuentasObligadoAreaGestion_Indice;NONCLUSTERED;0;0;0;0;0;CodigoCuenta;0;1;0;0
RelacionCuentasObligadoAreaGestion;RelacionCuentasObligadoAreaGestion_Indice;NONCLUSTERED;0;0;0;0;0;ComprobanteDevengado;0;1;0;0
RelacionCuentasObligadoAreaGestion;RelacionCuentasObligadoAreaGestion_Indice;NONCLUSTERED;0;0;0;0;0;Codigo_AreaGestion;0;1;0;0
RelacionCuentasObligadoAreaGestion;RelacionCuentasObligadoAreaGestion_Indice;NONCLUSTERED;0;0;0;0;0;Codigo_Programa;0;1;0;0
RelacionCuentasObligadoAreaGestion;RelacionCuentasObligadoAreaGestion_Indice;NONCLUSTERED;0;0;0;0;0;Codigo_SubPrograma;0;1;0;0
RelacionCuentasObligadoAreaGestion;RelacionCuentasObligadoAreaGestion_Indice;NONCLUSTERED;0;0;0;0;0;MontoDevengado;0;1;0;0
RelacionCuentasObligadoAreaGestion;RelacionCuentasObligadoAreaGestion_Indice;NONCLUSTERED;0;0;0;0;1;Codigo_Area;0;0;0;0
RelacionCuentasObligadoAreaGestion;RelacionCuentasObligadoAreaGestion_Indice;NONCLUSTERED;0;0;0;0;2;Ano_Proceso;0;0;0;0
RelacionCuentasObligadoAreaGestion;RelacionCuentasObligadoAreaGestion_Indice;NONCLUSTERED;0;0;0;0;3;TipoComprobante;0;0;0;0
RelacionDevengadoDecreto;Ano;NONCLUSTERED;0;0;0;0;1;Ano_Proceso;0;0;0;0
RelacionDevengadoDecreto;Area;NONCLUSTERED;0;0;0;0;1;Codigo_Area;0;0;0;0
RelacionDevengadoDecreto;Decreto;NONCLUSTERED;0;0;0;0;1;NumeroDecreto;0;0;0;0
RelacionDevengadoDecreto;Devengado;NONCLUSTERED;0;0;0;0;1;ComprobanteDevengado;0;0;0;0
RelacionDevengadoDecreto;PK_RelacionDevengadoDecreto;CLUSTERED;1;1;0;0;1;Codigo_Area;0;0;0;0
RelacionDevengadoDecreto;PK_RelacionDevengadoDecreto;CLUSTERED;1;1;0;0;2;Ano_Proceso;0;0;0;0
RelacionDevengadoDecreto;PK_RelacionDevengadoDecreto;CLUSTERED;1;1;0;0;3;NumeroDecreto;0;0;0;0
RelacionDevengadoDecreto;PK_RelacionDevengadoDecreto;CLUSTERED;1;1;0;0;4;ComprobanteDevengado;0;0;0;0
RelacionDevengadoDecretoAreaGestion;PK_RelacionDevengadoDecretoAreaGestion;CLUSTERED;1;1;0;0;1;Codigo_Area;0;0;0;0
RelacionDevengadoDecretoAreaGestion;PK_RelacionDevengadoDecretoAreaGestion;CLUSTERED;1;1;0;0;2;Ano_Proceso;0;0;0;0
RelacionDevengadoDecretoAreaGestion;PK_RelacionDevengadoDecretoAreaGestion;CLUSTERED;1;1;0;0;3;NumeroDecreto;0;0;0;0
RelacionDevengadoDecretoAreaGestion;PK_RelacionDevengadoDecretoAreaGestion;CLUSTERED;1;1;0;0;4;ComprobanteDevengado;0;0;0;0
RelacionDevengadoDecretoAreaGestion;PK_RelacionDevengadoDecretoAreaGestion;CLUSTERED;1;1;0;0;5;Codigo_AreaGestion;0;0;0;0
RelacionDevengadoDecretoAreaGestion;PK_RelacionDevengadoDecretoAreaGestion;CLUSTERED;1;1;0;0;6;Codigo_Programa;0;0;0;0
RelacionDevengadoDecretoAreaGestion;PK_RelacionDevengadoDecretoAreaGestion;CLUSTERED;1;1;0;0;7;Codigo_SubPrograma;0;0;0;0
RelacionObligadoDevengado;Ano;NONCLUSTERED;0;0;0;0;1;Ano_Proceso;0;0;0;0
RelacionObligadoDevengado;Area;NONCLUSTERED;0;0;0;0;1;Codigo_Area;0;0;0;0
RelacionObligadoDevengado;Comprobante;NONCLUSTERED;0;0;0;0;1;Comprobante;0;0;0;0
RelacionObligadoDevengado;Obligado;NONCLUSTERED;0;0;0;0;1;ComprobanteObligado;0;0;0;0
RelacionObligadoDevengado;PK_RelacionObligadoDevengado;CLUSTERED;1;1;0;0;1;Codigo_Area;0;0;0;0
RelacionObligadoDevengado;PK_RelacionObligadoDevengado;CLUSTERED;1;1;0;0;2;Ano_Proceso;0;0;0;0
RelacionObligadoDevengado;PK_RelacionObligadoDevengado;CLUSTERED;1;1;0;0;3;TipoComprobante;0;0;0;0
RelacionObligadoDevengado;PK_RelacionObligadoDevengado;CLUSTERED;1;1;0;0;4;Comprobante;0;0;0;0
RelacionObligadoDevengado;PK_RelacionObligadoDevengado;CLUSTERED;1;1;0;0;5;ComprobanteObligado;0;0;0;0
RelacionObligadoDevengado;TipoComprobante;NONCLUSTERED;0;0;0;0;1;TipoComprobante;0;0;0;0
RelacionObligadoDevengadoAreaGestion;PK_RelacionObligadoDevengadoAreaGestion;CLUSTERED;1;1;0;0;1;Codigo_Area;0;0;0;0
RelacionObligadoDevengadoAreaGestion;PK_RelacionObligadoDevengadoAreaGestion;CLUSTERED;1;1;0;0;2;Ano_Proceso;0;0;0;0
RelacionObligadoDevengadoAreaGestion;PK_RelacionObligadoDevengadoAreaGestion;CLUSTERED;1;1;0;0;3;TipoComprobante;0;0;0;0
RelacionObligadoDevengadoAreaGestion;PK_RelacionObligadoDevengadoAreaGestion;CLUSTERED;1;1;0;0;4;Comprobante;0;0;0;0
RelacionObligadoDevengadoAreaGestion;PK_RelacionObligadoDevengadoAreaGestion;CLUSTERED;1;1;0;0;5;Codigo_AreaGestion;0;0;0;0
RelacionObligadoDevengadoAreaGestion;PK_RelacionObligadoDevengadoAreaGestion;CLUSTERED;1;1;0;0;6;Codigo_Programa;0;0;0;0
RelacionObligadoDevengadoAreaGestion;PK_RelacionObligadoDevengadoAreaGestion;CLUSTERED;1;1;0;0;7;Codigo_SubPrograma;0;0;0;0
RelacionObligadoDevengadoAreaGestion;PK_RelacionObligadoDevengadoAreaGestion;CLUSTERED;1;1;0;0;8;ComprobanteObligado;0;0;0;0
RemplazaPlanCuentaProxAno;PK_RemplazaPlanCuentaProxAno;NONCLUSTERED;1;1;0;0;1;Ano_Proceso;0;0;0;0
RemplazaPlanCuentaProxAno;PK_RemplazaPlanCuentaProxAno;NONCLUSTERED;1;1;0;0;2;Codigo_Area;0;0;0;0
RemplazaPlanCuentaProxAno;PK_RemplazaPlanCuentaProxAno;NONCLUSTERED;1;1;0;0;3;CuentaAntigua;0;0;0;0
RemplazaPlanCuentaProxAno_DesdePlantilla;PK_RemplazaPlanCuentaProxAno_DesdePlantilla;CLUSTERED;1;1;0;0;1;Codigo_Area;0;0;0;0
RemplazaPlanCuentaProxAno_DesdePlantilla;PK_RemplazaPlanCuentaProxAno_DesdePlantilla;CLUSTERED;1;1;0;0;2;Ano_Proceso;0;0;0;0
RemplazaPlanCuentaProxAno_DesdePlantilla;PK_RemplazaPlanCuentaProxAno_DesdePlantilla;CLUSTERED;1;1;0;0;3;CuentaNueva;0;0;0;0
RemuneracionCtaAreaGestion;PK_RemuneracionCtaAreaGestion;CLUSTERED;1;1;0;0;1;Codigo_Area;0;0;0;0
RemuneracionCtaAreaGestion;PK_RemuneracionCtaAreaGestion;CLUSTERED;1;1;0;0;2;Ano_Proceso;0;0;0;0
RemuneracionCtaAreaGestion;PK_RemuneracionCtaAreaGestion;CLUSTERED;1;1;0;0;3;CodigoCuenta;0;0;0;0
RemuneracionCtaAreaGestion;PK_RemuneracionCtaAreaGestion;CLUSTERED;1;1;0;0;4;Codigo_AreaGestion;0;0;0;0
RemuneracionCtaAreaGestion;PK_RemuneracionCtaAreaGestion;CLUSTERED;1;1;0;0;5;Codigo_Programa;0;0;0;0
RemuneracionCtaAreaGestion;PK_RemuneracionCtaAreaGestion;CLUSTERED;1;1;0;0;6;Codigo_SubPrograma;0;0;0;0
RemuneracionCtaAreaGestion;PK_RemuneracionCtaAreaGestion;CLUSTERED;1;1;0;0;7;Id_Proyecto;0;0;0;0
RendicionSubvencion;PK_RendicionSubvencion;CLUSTERED;1;1;0;0;1;Codigo_Area;0;0;0;0
RendicionSubvencion;PK_RendicionSubvencion;CLUSTERED;1;1;0;0;2;Ano_Proceso;0;0;0;0
RendicionSubvencion;PK_RendicionSubvencion;CLUSTERED;1;1;0;0;3;Rut;0;0;0;0
RendicionSubvencion;PK_RendicionSubvencion;CLUSTERED;1;1;0;0;4;IdSubvencion;0;0;0;0
RendicionSubvencion;PK_RendicionSubvencion;CLUSTERED;1;1;0;0;5;Ano_Decreto;0;0;0;0
RendicionSubvencion;PK_RendicionSubvencion;CLUSTERED;1;1;0;0;6;Num_Decreto;0;0;0;0
RendicionSubvencion;PK_RendicionSubvencion;CLUSTERED;1;1;0;0;7;Ano_Traspaso;0;0;0;0
RendicionSubvencion;PK_RendicionSubvencion;CLUSTERED;1;1;0;0;8;Num_Traspaso;0;0;0;0
RendicionSubvencion;PK_RendicionSubvencion;CLUSTERED;1;1;0;0;9;TipoComprobante;0;0;0;0
Resolucion;Ano;NONCLUSTERED;0;0;0;0;1;Ano_Proceso;0;0;0;0
Resolucion;Area;NONCLUSTERED;0;0;0;0;1;Area;0;0;0;0
Resolucion;PK_Resolucion;CLUSTERED;1;1;0;0;1;Ano_Proceso;0;0;0;0
Resolucion;PK_Resolucion;CLUSTERED;1;1;0;0;2;Area;0;0;0;0
Resolucion;PK_Resolucion;CLUSTERED;1;1;0;0;3;Numero_Resolucion;0;0;0;0
ResultadoMigracionMuninet;PK_ResultadoMigracionMuninet;CLUSTERED;1;1;0;0;1;Sis_Cod;0;0;0;0
ResultadoMigracionMuninet;PK_ResultadoMigracionMuninet;CLUSTERED;1;1;0;0;2;NombreTabla;0;0;0;0
SDF_Detalle_Decreto_Doc_Adjuntos_Rechazo;PK_SDF_Detalle_Decreto_Doc_Adjuntos_Rechazo;CLUSTERED;1;1;0;0;1;Codigo_Area;0;0;0;0
SDF_Detalle_Decreto_Doc_Adjuntos_Rechazo;PK_SDF_Detalle_Decreto_Doc_Adjuntos_Rechazo;CLUSTERED;1;1;0;0;2;Ano_Proceso;0;0;0;0
SDF_Detalle_Decreto_Doc_Adjuntos_Rechazo;PK_SDF_Detalle_Decreto_Doc_Adjuntos_Rechazo;CLUSTERED;1;1;0;0;3;NumeroDecreto;0;0;0;0
SDF_Detalle_Decreto_Doc_Adjuntos_Rechazo;PK_SDF_Detalle_Decreto_Doc_Adjuntos_Rechazo;CLUSTERED;1;1;0;0;4;Id_Estados_Decretos_Historico;0;0;0;0
SDF_Detalle_Decreto_Doc_Adjuntos_Rechazo;PK_SDF_Detalle_Decreto_Doc_Adjuntos_Rechazo;CLUSTERED;1;1;0;0;5;Correlativo;0;0;0;0
SDF_Detalle_Fac_Doc_Adjuntos;PK_DFE_Detalle_Fac_Doc_Adjuntos;CLUSTERED;1;1;0;0;1;Codigo_Area;0;0;0;0
SDF_Detalle_Fac_Doc_Adjuntos;PK_DFE_Detalle_Fac_Doc_Adjuntos;CLUSTERED;1;1;0;0;2;Tipo_Documento;0;0;0;0
SDF_Detalle_Fac_Doc_Adjuntos;PK_DFE_Detalle_Fac_Doc_Adjuntos;CLUSTERED;1;1;0;0;3;Numero_Documento;0;0;0;0
SDF_Detalle_Fac_Doc_Adjuntos;PK_DFE_Detalle_Fac_Doc_Adjuntos;CLUSTERED;1;1;0;0;4;Rut;0;0;0;0
SDF_Detalle_Fac_Doc_Adjuntos;PK_DFE_Detalle_Fac_Doc_Adjuntos;CLUSTERED;1;1;0;0;5;Correlativo;0;0;0;0
SDF_Detalle_Perfil;PK_SDF_Detalle_Perfil;CLUSTERED;1;1;0;0;1;Tipo_Perfil;0;0;0;0
SDF_Detalle_Perfil;PK_SDF_Detalle_Perfil;CLUSTERED;1;1;0;0;2;Id_Opcion;0;0;0;0
SDF_Encabezado_Fac_Doc;PK_DFE_Encabezado_Fac_Doc;CLUSTERED;1;1;0;0;1;Codigo_Area;0;0;0;0
SDF_Encabezado_Fac_Doc;PK_DFE_Encabezado_Fac_Doc;CLUSTERED;1;1;0;0;2;Tipo_Documento;0;0;0;0
SDF_Encabezado_Fac_Doc;PK_DFE_Encabezado_Fac_Doc;CLUSTERED;1;1;0;0;3;Numero_Documento;0;0;0;0
SDF_Encabezado_Fac_Doc;PK_DFE_Encabezado_Fac_Doc;CLUSTERED;1;1;0;0;4;Rut;0;0;0;0
SDF_Estados_Decreto;PK_SDF_Estados_Decreto_1;CLUSTERED;1;1;0;0;1;Codigo_Estado;0;0;0;0
SDF_Estados_Decreto_Historico;idx_SDF_EstadosDecretoHistorico;NONCLUSTERED;0;0;0;0;1;Codigo_Area;0;0;0;0
SDF_Estados_Decreto_Historico;idx_SDF_EstadosDecretoHistorico;NONCLUSTERED;0;0;0;0;2;Ano_Proceso;0;0;0;0
SDF_Estados_Decreto_Historico;idx_SDF_EstadosDecretoHistorico;NONCLUSTERED;0;0;0;0;3;NumeroDecreto;0;0;0;0
SDF_Estados_Decreto_Historico;idx_SDF_EstadosDecretoHistorico;NONCLUSTERED;0;0;0;0;4;Id;0;0;0;0
SDF_Estados_Decreto_Historico;PK_SDF_Estados_Decreto_Historico;CLUSTERED;1;1;0;0;1;Codigo_Area;0;0;0;0
SDF_Estados_Decreto_Historico;PK_SDF_Estados_Decreto_Historico;CLUSTERED;1;1;0;0;2;Ano_Proceso;0;0;0;0
SDF_Estados_Decreto_Historico;PK_SDF_Estados_Decreto_Historico;CLUSTERED;1;1;0;0;3;NumeroDecreto;0;0;0;0
SDF_Estados_Decreto_Historico;PK_SDF_Estados_Decreto_Historico;CLUSTERED;1;1;0;0;4;Id;0;0;0;0
SDF_Estados_Fac_Doc;PK_SDF_Estados_Fac_Doc;CLUSTERED;1;1;0;0;1;Codigo_Estado;0;0;0;0
SDF_Estados_Fac_Doc_Historico;PK_SDF_Estados_Fac_Doc_Historico_1;CLUSTERED;1;1;0;0;1;Codigo_Area;0;0;0;0
SDF_Estados_Fac_Doc_Historico;PK_SDF_Estados_Fac_Doc_Historico_1;CLUSTERED;1;1;0;0;2;Tipo_Documento;0;0;0;0
SDF_Estados_Fac_Doc_Historico;PK_SDF_Estados_Fac_Doc_Historico_1;CLUSTERED;1;1;0;0;3;Numero_Documento;0;0;0;0
SDF_Estados_Fac_Doc_Historico;PK_SDF_Estados_Fac_Doc_Historico_1;CLUSTERED;1;1;0;0;4;Rut;0;0;0;0
SDF_Estados_Fac_Doc_Historico;PK_SDF_Estados_Fac_Doc_Historico_1;CLUSTERED;1;1;0;0;5;Id;0;0;0;0
SDF_Firmas;PK_SDF_Firmas_1;CLUSTERED;1;1;0;0;1;Codigo_Area;0;0;0;0
SDF_Firmas;PK_SDF_Firmas_1;CLUSTERED;1;1;0;0;2;Tipo_Comprobante;0;0;0;0
SDF_Firmas;PK_SDF_Firmas_1;CLUSTERED;1;1;0;0;3;Orden_Firma;0;0;0;0
SDF_Firmas_Historico;PK_SDF_Historico_Firmas;CLUSTERED;1;1;0;0;1;Codigo_Area;0;0;0;0
SDF_Firmas_Historico;PK_SDF_Historico_Firmas;CLUSTERED;1;1;0;0;2;Ano_Proceso;0;0;0;0
SDF_Firmas_Historico;PK_SDF_Historico_Firmas;CLUSTERED;1;1;0;0;3;Tipo_Comprobante;0;0;0;0
SDF_Firmas_Historico;PK_SDF_Historico_Firmas;CLUSTERED;1;1;0;0;4;Numero_Comprobante;0;0;0;0
SDF_Firmas_Historico;PK_SDF_Historico_Firmas;CLUSTERED;1;1;0;0;5;Orden_Firma;0;0;0;0
SDF_Firmas_Historico;PK_SDF_Historico_Firmas;CLUSTERED;1;1;0;0;6;Id;0;0;0;0
SDF_Firmas_Multiples;PK_SDF_Firmas_Multiples;CLUSTERED;1;1;0;0;1;Codigo_Area;0;0;0;0
SDF_Firmas_Multiples;PK_SDF_Firmas_Multiples;CLUSTERED;1;1;0;0;2;Tipo_Comprobante;0;0;0;0
SDF_Firmas_Multiples;PK_SDF_Firmas_Multiples;CLUSTERED;1;1;0;0;3;Orden_Firma;0;0;0;0
SDF_Firmas_Multiples;PK_SDF_Firmas_Multiples;CLUSTERED;1;1;0;0;4;Orden_Multiple;0;0;0;0
SDF_Firmas_Posiciones;PK_SDF_Firmas_Posiciones_1;CLUSTERED;1;1;0;0;1;Codigo_Area;0;0;0;0
SDF_Firmas_Posiciones;PK_SDF_Firmas_Posiciones_1;CLUSTERED;1;1;0;0;2;Ano_Proceso;0;0;0;0
SDF_Firmas_Posiciones;PK_SDF_Firmas_Posiciones_1;CLUSTERED;1;1;0;0;3;Tipo_Comprobante;0;0;0;0
SDF_Firmas_Posiciones;PK_SDF_Firmas_Posiciones_1;CLUSTERED;1;1;0;0;4;Numero_Comprobante;0;0;0;0
SDF_Firmas_Posiciones;PK_SDF_Firmas_Posiciones_1;CLUSTERED;1;1;0;0;5;Orden_Firma;0;0;0;0
SDF_Firmas_Subrogante;PK_SDF_Firmas_Subrogante;CLUSTERED;1;1;0;0;1;Codigo_Area;0;0;0;0
SDF_Firmas_Subrogante;PK_SDF_Firmas_Subrogante;CLUSTERED;1;1;0;0;2;Tipo_Comprobante;0;0;0;0
SDF_Firmas_Subrogante;PK_SDF_Firmas_Subrogante;CLUSTERED;1;1;0;0;3;Orden_Firma;0;0;0;0
SDF_Firmas_Subrogante;PK_SDF_Firmas_Subrogante;CLUSTERED;1;1;0;0;4;Orden_Subrogante;0;0;0;0
SDF_Firmas_Subrogante_multiple;PK_SDF_Firmas_Subrogante_Multiple;CLUSTERED;1;1;0;0;1;Codigo_Area;0;0;0;0
SDF_Firmas_Subrogante_multiple;PK_SDF_Firmas_Subrogante_Multiple;CLUSTERED;1;1;0;0;2;Tipo_Comprobante;0;0;0;0
SDF_Firmas_Subrogante_multiple;PK_SDF_Firmas_Subrogante_Multiple;CLUSTERED;1;1;0;0;3;Orden_Firma;0;0;0;0
SDF_Firmas_Subrogante_multiple;PK_SDF_Firmas_Subrogante_Multiple;CLUSTERED;1;1;0;0;4;Orden_Subrogante;0;0;0;0
SDF_Firmas_Subrogante_multiple;PK_SDF_Firmas_Subrogante_Multiple;CLUSTERED;1;1;0;0;5;Orden_Multiple;0;0;0;0
SDF_log_mail;PK_SDF_log_mail;CLUSTERED;1;1;0;0;1;id_log_mail;0;0;0;0
SDF_Matriz_Opciones;PK_SDF_Matriz_Opciones;CLUSTERED;1;1;0;0;1;Id_Opcion;0;0;0;0
SDF_Opcion_Por_Usuario;PK_SDF_Opcion_Por_Usuario;CLUSTERED;1;1;0;0;1;Codigo_Area;0;0;0;0
SDF_Opcion_Por_Usuario;PK_SDF_Opcion_Por_Usuario;CLUSTERED;1;1;0;0;2;Id_Usuario;0;0;0;0
SDF_Opcion_Por_Usuario;PK_SDF_Opcion_Por_Usuario;CLUSTERED;1;1;0;0;3;Id_Opcion;0;0;0;0
SDF_Revisor;PK_SDF_Revisor;CLUSTERED;1;1;0;0;1;Codigo_Area;0;0;0;0
SDF_Revisor;PK_SDF_Revisor;CLUSTERED;1;1;0;0;2;Tipo_Comprobante;0;0;0;0
SDF_Revisor;PK_SDF_Revisor;CLUSTERED;1;1;0;0;3;Orden_Firma_Antecesor;0;0;0;0
SDF_Revisor;PK_SDF_Revisor;CLUSTERED;1;1;0;0;4;Id_Revisor;0;0;0;0
SDF_Revisor_Multiple;PK_SDF_Revisor_Multiple;CLUSTERED;1;1;0;0;1;Codigo_Area;0;0;0;0
SDF_Revisor_Multiple;PK_SDF_Revisor_Multiple;CLUSTERED;1;1;0;0;2;Tipo_Comprobante;0;0;0;0
SDF_Revisor_Multiple;PK_SDF_Revisor_Multiple;CLUSTERED;1;1;0;0;3;Orden_Firma_Antecesor;0;0;0;0
SDF_Revisor_Multiple;PK_SDF_Revisor_Multiple;CLUSTERED;1;1;0;0;4;Id_Revisor;0;0;0;0
SDF_Revisor_Multiple;PK_SDF_Revisor_Multiple;CLUSTERED;1;1;0;0;5;Orden_Multiple;0;0;0;0
SDF_Tipo_Perfiles;PK_SDF_Tipo_Perfiles;CLUSTERED;1;1;0;0;1;Tipo_Perfil;0;0;0;0
SDF_Tipos_Fac_Doc;PK_SDF_Tipos_Fac_Doc_1;CLUSTERED;1;1;0;0;1;Tipo_Documento;0;0;0;0
SDF_Usuarios;PK_SDF_Usuarios_1;CLUSTERED;1;1;0;0;1;Codigo_Area;0;0;0;0
SDF_Usuarios;PK_SDF_Usuarios_1;CLUSTERED;1;1;0;0;2;Id_Usuario;0;0;0;0
Sigem_Cuentas;PK_Sigem_Cuentas;CLUSTERED;1;1;0;0;1;Codigo_Area;0;0;0;0
Sigem_Cuentas;PK_Sigem_Cuentas;CLUSTERED;1;1;0;0;2;CodigoCuenta;0;0;0;0
Sigem_Cuentas;PK_Sigem_Cuentas;CLUSTERED;1;1;0;0;3;Iniciales;0;0;0;0
Sigem_Formulas;PK_Sigem_Formulas;CLUSTERED;1;1;0;0;1;Codigo_Area;0;0;0;0
Sigem_Formulas;PK_Sigem_Formulas;CLUSTERED;1;1;0;0;2;Correlativo;0;0;0;0
Sigem_GruposDeCuentas;Prim_Sigem_GruposDeCuentas;CLUSTERED;1;1;0;0;1;Codigo_Area;0;0;0;0
Sigem_GruposDeCuentas;Prim_Sigem_GruposDeCuentas;CLUSTERED;1;1;0;0;2;Iniciales;0;0;0;0
SubProgramaAreadeGestion;PK_SubProgramaAreadeGestion;CLUSTERED;1;1;0;0;1;Codigo_Area;0;0;0;0
SubProgramaAreadeGestion;PK_SubProgramaAreadeGestion;CLUSTERED;1;1;0;0;2;Ano_Proceso;0;0;0;0
SubProgramaAreadeGestion;PK_SubProgramaAreadeGestion;CLUSTERED;1;1;0;0;3;Codigo_AreaGestion;0;0;0;0
SubProgramaAreadeGestion;PK_SubProgramaAreadeGestion;CLUSTERED;1;1;0;0;4;Codigo_Programa;0;0;0;0
SubProgramaAreadeGestion;PK_SubProgramaAreadeGestion;CLUSTERED;1;1;0;0;5;Codigo_SubPrograma;0;0;0;0
Subvencion_Nomina;Subvencion_Nomina_PK;NONCLUSTERED;1;1;0;0;1;Ano_Proceso;0;0;0;0
Subvencion_Nomina;Subvencion_Nomina_PK;NONCLUSTERED;1;1;0;0;2;Codigo_Area;0;0;0;0
Subvencion_Nomina;Subvencion_Nomina_PK;NONCLUSTERED;1;1;0;0;3;NumeroDevengado;0;0;0;0
Subvencion_Nomina;Subvencion_Nomina_PK;NONCLUSTERED;1;1;0;0;4;Rut;0;0;0;0
TablaPasoProceso;PK_TablaPasoProceso;CLUSTERED;1;1;0;0;1;Codigo_Area;0;0;0;0
TablaPasoProceso;PK_TablaPasoProceso;CLUSTERED;1;1;0;0;2;Ano_Proceso;0;0;0;0
TablaPasoProceso;PK_TablaPasoProceso;CLUSTERED;1;1;0;0;3;NumeroDecreto;0;0;0;0
Temporal;PK_Temporal;CLUSTERED;1;1;0;0;1;Codigo_Area;0;0;0;0
Temporal;PK_Temporal;CLUSTERED;1;1;0;0;2;Ano_Proceso;0;0;0;0
Temporal;PK_Temporal;CLUSTERED;1;1;0;0;3;TipoComprobante;0;0;0;0
Temporal;PK_Temporal;CLUSTERED;1;1;0;0;4;ComprobanteDevengado;0;0;0;0
Temporal;PK_Temporal;CLUSTERED;1;1;0;0;5;ComprobanteObligado;0;0;0;0
Temporal;PK_Temporal;CLUSTERED;1;1;0;0;6;Fila_Numero;0;0;0;0
Temporal_Centro_Costo;Ano;NONCLUSTERED;0;0;0;0;1;Ano_Proceso;0;0;0;0
Temporal_Centro_Costo;Area;NONCLUSTERED;0;0;0;0;1;Codigo_Area;0;0;0;0
Temporal_Centro_Costo;CentroCosto;NONCLUSTERED;0;0;0;0;1;Codigo_Centro_Costo;0;0;0;0
Temporal_Centro_Costo;Comprobante;NONCLUSTERED;0;0;0;0;1;Comprobante;0;0;0;0
Temporal_Centro_Costo;Cuenta;NONCLUSTERED;0;0;0;0;1;CodigoCuenta;0;0;0;0
Temporal_Centro_Costo;Tipo;NONCLUSTERED;0;0;0;0;1;TipoComprobante;0;0;0;0
Temporal_DetModPresupues_AreadeGestion;PK_Temporal_DetModPresupues_AreadeGestion;NONCLUSTERED;1;1;0;0;1;Codigo_Area;0;0;0;0
Temporal_DetModPresupues_AreadeGestion;PK_Temporal_DetModPresupues_AreadeGestion;NONCLUSTERED;1;1;0;0;2;Ano_proceso;0;0;0;0
Temporal_DetModPresupues_AreadeGestion;PK_Temporal_DetModPresupues_AreadeGestion;NONCLUSTERED;1;1;0;0;3;Comprobante;0;0;0;0
Temporal_DetModPresupues_AreadeGestion;PK_Temporal_DetModPresupues_AreadeGestion;NONCLUSTERED;1;1;0;0;4;Codigo_AreaGestion;0;0;0;0
Temporal_DetModPresupues_AreadeGestion;PK_Temporal_DetModPresupues_AreadeGestion;NONCLUSTERED;1;1;0;0;5;Codigo_Programa;0;0;0;0
Temporal_DetModPresupues_AreadeGestion;PK_Temporal_DetModPresupues_AreadeGestion;NONCLUSTERED;1;1;0;0;6;Codigo_SubPrograma;0;0;0;0
Temporal_DetModPresupues_AreadeGestion;PK_Temporal_DetModPresupues_AreadeGestion;NONCLUSTERED;1;1;0;0;7;Codigocuenta;0;0;0;0
Temporal_DetModPresupues_AreadeGestion;PK_Temporal_DetModPresupues_AreadeGestion;NONCLUSTERED;1;1;0;0;8;Fila_Numero;0;0;0;0
Temporal_Montos_AreadeGestion_Ingresos;PK_Temporal_Montos_AreadeGestion_Ingresos;CLUSTERED;1;1;0;0;1;Codigo_Area;0;0;0;0
Temporal_Montos_AreadeGestion_Ingresos;PK_Temporal_Montos_AreadeGestion_Ingresos;CLUSTERED;1;1;0;0;2;Ano_proceso;0;0;0;0
Temporal_Montos_AreadeGestion_Ingresos;PK_Temporal_Montos_AreadeGestion_Ingresos;CLUSTERED;1;1;0;0;3;Tipocomprobante;0;0;0;0
Temporal_Montos_AreadeGestion_Ingresos;PK_Temporal_Montos_AreadeGestion_Ingresos;CLUSTERED;1;1;0;0;4;Comprobante;0;0;0;0
Temporal_Montos_AreadeGestion_Ingresos;PK_Temporal_Montos_AreadeGestion_Ingresos;CLUSTERED;1;1;0;0;5;Codigocuenta;0;0;0;0
Temporal_Montos_AreadeGestion_Ingresos;PK_Temporal_Montos_AreadeGestion_Ingresos;CLUSTERED;1;1;0;0;6;Codigo_AreaGestion;0;0;0;0
Temporal_Montos_AreadeGestion_Ingresos;PK_Temporal_Montos_AreadeGestion_Ingresos;CLUSTERED;1;1;0;0;7;Codigo_Programa;0;0;0;0
Temporal_Montos_AreadeGestion_Ingresos;PK_Temporal_Montos_AreadeGestion_Ingresos;CLUSTERED;1;1;0;0;8;Codigo_SubPrograma;0;0;0;0
Temporal_Montos_AreadeGestion_Ingresos;PK_Temporal_Montos_AreadeGestion_Ingresos;CLUSTERED;1;1;0;0;9;Fila_Numero;0;0;0;0
TemporalDetModPresupues_CentroCosto;PK_TemporalDetModPresupues_CentroCosto;CLUSTERED;1;1;0;0;1;Codigo_Area;0;0;0;0
TemporalDetModPresupues_CentroCosto;PK_TemporalDetModPresupues_CentroCosto;CLUSTERED;1;1;0;0;2;Ano_Proceso;0;0;0;0
TemporalDetModPresupues_CentroCosto;PK_TemporalDetModPresupues_CentroCosto;CLUSTERED;1;1;0;0;3;Comprobante;0;0;0;0
TemporalDetModPresupues_CentroCosto;PK_TemporalDetModPresupues_CentroCosto;CLUSTERED;1;1;0;0;4;Codigo_Centro_Costo;0;0;0;0
TemporalDetModPresupues_CentroCosto;PK_TemporalDetModPresupues_CentroCosto;CLUSTERED;1;1;0;0;5;CodigoCuenta;0;0;0;0
TemporalDetModPresupues_CentroCosto;PK_TemporalDetModPresupues_CentroCosto;CLUSTERED;1;1;0;0;6;Fila;0;0;0;0
TemporalMontos_AreadeGestion;PK_TemporalMontos_AreadeGestion;CLUSTERED;1;1;0;0;1;Codigo_Area;0;0;0;0
TemporalMontos_AreadeGestion;PK_TemporalMontos_AreadeGestion;CLUSTERED;1;1;0;0;2;Ano_proceso;0;0;0;0
TemporalMontos_AreadeGestion;PK_TemporalMontos_AreadeGestion;CLUSTERED;1;1;0;0;3;Tipocomprobante;0;0;0;0
TemporalMontos_AreadeGestion;PK_TemporalMontos_AreadeGestion;CLUSTERED;1;1;0;0;4;Comprobante;0;0;0;0
TemporalMontos_AreadeGestion;PK_TemporalMontos_AreadeGestion;CLUSTERED;1;1;0;0;5;Codigocuenta;0;0;0;0
TemporalMontos_AreadeGestion;PK_TemporalMontos_AreadeGestion;CLUSTERED;1;1;0;0;6;Codigo_AreaGestion;0;0;0;0
TemporalMontos_AreadeGestion;PK_TemporalMontos_AreadeGestion;CLUSTERED;1;1;0;0;7;Codigo_Programa;0;0;0;0
TemporalMontos_AreadeGestion;PK_TemporalMontos_AreadeGestion;CLUSTERED;1;1;0;0;8;Codigo_SubPrograma;0;0;0;0
TemporalMontos_AreadeGestion;PK_TemporalMontos_AreadeGestion;CLUSTERED;1;1;0;0;9;Fila_Numero;0;0;0;0
TemporalMontos_AreadeGestionTraspaso;PK_TemporalMontos_AreadeGestionTraspaso;CLUSTERED;1;1;0;0;1;Codigo_Area;0;0;0;0
TemporalMontos_AreadeGestionTraspaso;PK_TemporalMontos_AreadeGestionTraspaso;CLUSTERED;1;1;0;0;2;Ano_proceso;0;0;0;0
TemporalMontos_AreadeGestionTraspaso;PK_TemporalMontos_AreadeGestionTraspaso;CLUSTERED;1;1;0;0;3;Tipocomprobante;0;0;0;0
TemporalMontos_AreadeGestionTraspaso;PK_TemporalMontos_AreadeGestionTraspaso;CLUSTERED;1;1;0;0;4;Comprobante;0;0;0;0
TemporalMontos_AreadeGestionTraspaso;PK_TemporalMontos_AreadeGestionTraspaso;CLUSTERED;1;1;0;0;5;Codigo_AreaGestion;0;0;0;0
TemporalMontos_AreadeGestionTraspaso;PK_TemporalMontos_AreadeGestionTraspaso;CLUSTERED;1;1;0;0;6;Codigo_Programa;0;0;0;0
TemporalMontos_AreadeGestionTraspaso;PK_TemporalMontos_AreadeGestionTraspaso;CLUSTERED;1;1;0;0;7;Codigo_SubPrograma;0;0;0;0
TemporalMontos_AreadeGestionTraspaso;PK_TemporalMontos_AreadeGestionTraspaso;CLUSTERED;1;1;0;0;8;Fila_Numero;0;0;0;0
TemporalMontos_AreadeGestionTraspaso;PK_TemporalMontos_AreadeGestionTraspaso;CLUSTERED;1;1;0;0;9;Codigocuenta;0;0;0;0
Tipos_Contratos;PK_Tipos_Contratos;CLUSTERED;1;1;0;0;1;Codigo_Area;0;0;0;0
Tipos_Contratos;PK_Tipos_Contratos;CLUSTERED;1;1;0;0;2;Codigo;0;0;0;0
Tipos_CuentasCorrientes;Area;NONCLUSTERED;0;0;0;0;1;Codigo_Area;0;0;0;0
Tipos_CuentasCorrientes;Codigo;NONCLUSTERED;0;0;0;0;1;Codigo;0;0;0;0
Tipos_CuentasCorrientes;PK_Tipos_CuentasCorrientes;CLUSTERED;1;1;0;0;1;Codigo_Area;0;0;0;0
Tipos_CuentasCorrientes;PK_Tipos_CuentasCorrientes;CLUSTERED;1;1;0;0;2;Codigo;0;0;0;0
TomaDatosTesoreria;Ano;NONCLUSTERED;0;0;0;0;1;Ano_Proceso;0;0;0;0
TomaDatosTesoreria;Area;NONCLUSTERED;0;0;0;0;1;Codigo_Area;0;0;0;0
TomaDatosTesoreria;Cuenta;NONCLUSTERED;0;0;0;0;1;CodigoCuenta;0;0;0;0
TomaDatosTesoreria;Fecha;NONCLUSTERED;0;0;0;0;1;FechaRecepcion;0;0;0;0
TomaDatosTesoreria;Item;NONCLUSTERED;0;0;0;0;1;Item_Pago;0;0;0;0
TomaDatosTesoreria;PK_TomaDatosTesoreria;CLUSTERED;1;1;0;0;1;Ano_Proceso;0;0;0;0
TomaDatosTesoreria;PK_TomaDatosTesoreria;CLUSTERED;1;1;0;0;2;Codigo_Area;0;0;0;0
TomaDatosTesoreria;PK_TomaDatosTesoreria;CLUSTERED;1;1;0;0;3;FechaRecepcion;0;0;0;0
TomaDatosTesoreria;PK_TomaDatosTesoreria;CLUSTERED;1;1;0;0;4;Item_Pago;0;0;0;0
TomaDatosTesoreria;PK_TomaDatosTesoreria;CLUSTERED;1;1;0;0;5;Tipo;0;0;0;0
TomaDatosTesoreria;PK_TomaDatosTesoreria;CLUSTERED;1;1;0;0;6;CodigoCuenta;0;0;0;0
TomaDatosTesoreria;Tipo;NONCLUSTERED;0;0;0;0;1;Tipo;0;0;0;0
Transac_Apertura_Mes;PK_Transac_Apertura_Mes;CLUSTERED;1;1;0;0;1;Fecha_Computador;0;0;0;0
Transac_Apertura_Mes;PK_Transac_Apertura_Mes;CLUSTERED;1;1;0;0;2;Fecha_Servidor;0;0;0;0
Transac_Apertura_Mes;PK_Transac_Apertura_Mes;CLUSTERED;1;1;0;0;3;Codigo_Area;0;0;0;0
Transac_Apertura_Mes;PK_Transac_Apertura_Mes;CLUSTERED;1;1;0;0;4;Ano_Proceso;0;0;0;0
Transacciones;Pk_Agrup;CLUSTERED;0;0;0;0;1;Codigo_Area;0;0;0;0
Transacciones;Pk_Agrup;CLUSTERED;0;0;0;0;2;Ano_Proceso;0;0;0;0
Transacciones;Pk_Agrup;CLUSTERED;0;0;0;0;3;Fecha;0;0;0;0
Transacciones;Transacciones_Ano_Proceso;NONCLUSTERED;0;0;0;0;1;Ano_Proceso;0;0;0;0
Transacciones;Transacciones_Codigo_Area;NONCLUSTERED;0;0;0;0;1;Codigo_Area;0;0;0;0
Transacciones;Transacciones_Fecha;NONCLUSTERED;0;0;0;0;1;Fecha;0;0;0;0
Transacciones;Transacciones_Tabla;NONCLUSTERED;0;0;0;0;1;Tabla;0;0;0;0
Transacciones;Transacciones_Usuario;NONCLUSTERED;0;0;0;0;1;Usuario;0;0;0;0
Ubicacion_Decreto;PK_Ubicacion_Decreto_1;CLUSTERED;1;1;0;0;1;Codigo_Area;0;0;0;0
Ubicacion_Decreto;PK_Ubicacion_Decreto_1;CLUSTERED;1;1;0;0;2;Ano_Documento;0;0;0;0
Ubicacion_Decreto;PK_Ubicacion_Decreto_1;CLUSTERED;1;1;0;0;3;Fila_Numero;0;0;0;0
Ubicacion_Decreto;PK_Ubicacion_Decreto_1;CLUSTERED;1;1;0;0;4;Numero_Documento;0;0;0;0
Ubicacion_Decreto;PK_Ubicacion_Decreto_1;CLUSTERED;1;1;0;0;5;Ano_Proceso;0;0;0;0
Ubicacion_Decreto;PK_Ubicacion_Decreto_1;CLUSTERED;1;1;0;0;6;NumeroDecreto;0;0;0;0
Ubicacion_Decreto;Ubicacion_Decreto_Ano_Proceso;NONCLUSTERED;0;0;0;0;1;Ano_Proceso;0;0;0;0
Ubicacion_Decreto;Ubicacion_Decreto_Codigo_Area;NONCLUSTERED;0;0;0;0;1;Codigo_Area;0;0;0;0
Ubicacion_Decreto;Ubicacion_Decreto_Fila_Numero;NONCLUSTERED;0;0;0;0;1;Fila_Numero;0;0;0;0
Ubicacion_Decreto;Ubicacion_Decreto_NumeroDecre;NONCLUSTERED;0;0;0;0;1;NumeroDecreto;0;0;0;0
Ubicacion_Decreto;Ubicacion_Decreto_NumeroDecreto;NONCLUSTERED;0;0;0;0;1;NumeroDecreto;0;0;0;0
Unificacion_De_Areas;PK_Unificacion_De_Areas;CLUSTERED;1;1;0;0;1;Ano_Proceso;0;0;0;0
Unificacion_De_Areas;PK_Unificacion_De_Areas;CLUSTERED;1;1;0;0;2;Codigo_Area_Unificada;0;0;0;0
Unificacion_De_Areas;PK_Unificacion_De_Areas;CLUSTERED;1;1;0;0;3;Codigo_Area_Municipal;0;0;0;0
ValidaCuentaComprobante;PK_ValidaCuentaComprobante;NONCLUSTERED;1;1;0;0;1;AnoProceso;0;0;0;0
ValidaCuentaComprobante;PK_ValidaCuentaComprobante;NONCLUSTERED;1;1;0;0;2;Codigo_Area;0;0;0;0
ValidaCuentaComprobante;PK_ValidaCuentaComprobante;NONCLUSTERED;1;1;0;0;3;TipoComprobante;0;0;0;0
ValidaCuentaComprobante;PK_ValidaCuentaComprobante;NONCLUSTERED;1;1;0;0;4;Cuenta;0;0;0;0
VIS_Estados_Decreto;PK_VIS_Estados_Decreto;CLUSTERED;1;1;0;0;1;Codigo_Estado;0;0;0;0
VIS_Estados_Decreto_Historico;PK_VIS_Estados_Decreto_Historico;CLUSTERED;1;1;0;0;1;Codigo_Area;0;0;0;0
VIS_Estados_Decreto_Historico;PK_VIS_Estados_Decreto_Historico;CLUSTERED;1;1;0;0;2;Ano_Proceso;0;0;0;0
VIS_Estados_Decreto_Historico;PK_VIS_Estados_Decreto_Historico;CLUSTERED;1;1;0;0;3;NumeroDecreto;0;0;0;0
VIS_Estados_Decreto_Historico;PK_VIS_Estados_Decreto_Historico;CLUSTERED;1;1;0;0;4;Id;0;0;0;0
